-- phpMyAdmin SQL Dump
-- version 5.2.1
-- https://www.phpmyadmin.net/
--
-- Host: 127.0.0.1
-- Generation Time: Apr 16, 2026 at 06:36 PM
-- Server version: 10.4.32-MariaDB
-- PHP Version: 8.0.30

SET SQL_MODE = "NO_AUTO_VALUE_ON_ZERO";
START TRANSACTION;
SET time_zone = "+00:00";


/*!40101 SET @OLD_CHARACTER_SET_CLIENT=@@CHARACTER_SET_CLIENT */;
/*!40101 SET @OLD_CHARACTER_SET_RESULTS=@@CHARACTER_SET_RESULTS */;
/*!40101 SET @OLD_COLLATION_CONNECTION=@@COLLATION_CONNECTION */;
/*!40101 SET NAMES utf8mb4 */;

--
-- Database: `quan_ly_ve_may_bay_new`
--

-- --------------------------------------------------------

--
-- Table structure for table `chitiethoadon`
--

CREATE TABLE `chitiethoadon` (
  `MAVE` varchar(20) NOT NULL,
  `MAHOADON` varchar(20) NOT NULL,
  `DONGIA` decimal(10,2) DEFAULT NULL
) ENGINE=InnoDB DEFAULT CHARSET=utf8 COLLATE=utf8_vietnamese_ci;

--
-- Dumping data for table `chitiethoadon`
--

INSERT INTO `chitiethoadon` (`MAVE`, `MAHOADON`, `DONGIA`) VALUES
('VE001', 'HD013', 16900000.00),
('VE002', 'HD013', 12000000.00),
('VE003', 'HD013', 16000000.00),
('VE004', 'HD014', 16300000.00),
('VE005', 'HD014', 12525000.00),
('VE006', 'HD014', 1600000.00),
('VE007', 'HD015', 16600000.00),
('VE008', 'HD015', 12300000.00),
('VE009', 'HD015', 1600000.00),
('VE010', 'HD016', 16900000.00),
('VE011', 'HD016', 12450000.00),
('VE012', 'HD016', 1600000.00),
('VE013', 'HD017', 16600000.00),
('VE014', 'HD017', 12300000.00),
('VE015', 'HD017', 1600000.00),
('VE016', 'HD018', 16600000.00),
('VE017', 'HD018', 12600000.00),
('VE018', 'HD018', 1600000.00),
('VE019', 'HD019', 4300000.00),
('VE020', 'HD019', 3300000.00),
('VE021', 'HD019', 400000.00),
('VE022', 'HD020', 16600000.00),
('VE023', 'HD020', 12600000.00),
('VE024', 'HD020', 1600000.00),
('VE025', 'HD021', 16300000.00),
('VE026', 'HD022', 16300000.00),
('VE027', 'HD023', 16300000.00),
('VE028', 'HD024', 16300000.00),
('VE029', 'HD025', 16600000.00),
('VE030', 'HD026', 16600000.00),
('VE031', 'HD027', 4600000.00),
('VE032', 'HD027', 4350000.00),
('VE033', 'HD027', 400000.00),
('VE034', 'HD028', 4250000.00),
('VE035', 'HD028', 2925000.00),
('VE036', 'HD028', 350000.00),
('VE037', 'HD029', 2190000.00),
('VE038', 'HD029', 2517500.00),
('VE039', 'HD029', 189000.00),
('VE040', 'HD030', 2474000.00),
('VE041', 'HD030', 1455500.00),
('VE042', 'HD030', 167400.00),
('VE043', 'HD031', 1716000.00),
('VE044', 'HD032', 1890000.00),
('VE045', 'HD033', 3652000.00),
('VE046', 'HD033', 1914000.00),
('VE047', 'HD033', 255200.00),
('VE048', 'HD034', 3862000.00),
('VE049', 'HD034', 2296500.00),
('VE050', 'HD034', 306200.00);

-- --------------------------------------------------------

--
-- Table structure for table `chuyenbay`
--

CREATE TABLE `chuyenbay` (
  `MACHUYENBAY` varchar(20) NOT NULL,
  `MAMAYBAY` varchar(20) NOT NULL,
  `THOIGIANDI` datetime DEFAULT NULL,
  `THOIGIANDEN` datetime DEFAULT NULL,
  `MASANBAYDI` varchar(20) DEFAULT NULL,
  `MASANBAYDEN` varchar(20) DEFAULT NULL,
  `TRANGTHAI_CB` int(100) NOT NULL,
  `MATUYEN` varchar(20) DEFAULT NULL
) ENGINE=InnoDB DEFAULT CHARSET=utf8 COLLATE=utf8_vietnamese_ci;

--
-- Dumping data for table `chuyenbay`
--

INSERT INTO `chuyenbay` (`MACHUYENBAY`, `MAMAYBAY`, `THOIGIANDI`, `THOIGIANDEN`, `MASANBAYDI`, `MASANBAYDEN`, `TRANGTHAI_CB`, `MATUYEN`) VALUES
('BL040101', 'BL-A319', '2026-04-01 06:00:00', '2026-04-01 07:25:00', 'HAN', 'DAD', 4, 'TB009'),
('BL040102', 'BL-A319', '2026-04-01 08:40:00', '2026-04-01 10:05:00', 'DAD', 'HAN', 4, 'TB010'),
('BL040103', 'BL-A319', '2026-04-01 12:00:00', '2026-04-01 14:00:00', 'HAN', 'SGN', 4, 'TB002'),
('BL040104', 'BL-A319', '2026-04-01 16:00:00', '2026-04-01 18:00:00', 'SGN', 'HAN', 4, 'TB001'),
('BL040201', 'BL-A319', '2026-04-02 06:00:00', '2026-04-02 07:25:00', 'HAN', 'DAD', 4, 'TB009'),
('BL040202', 'BL-A319', '2026-04-02 08:40:00', '2026-04-02 10:05:00', 'DAD', 'HAN', 4, 'TB010'),
('BL040203', 'BL-A319', '2026-04-02 12:00:00', '2026-04-02 14:00:00', 'HAN', 'SGN', 4, 'TB002'),
('BL040204', 'BL-A319', '2026-04-02 16:00:00', '2026-04-02 18:00:00', 'SGN', 'HAN', 4, 'TB001'),
('BL040301', 'BL-A319', '2026-04-03 06:00:00', '2026-04-03 07:25:00', 'HAN', 'DAD', 4, 'TB009'),
('BL040302', 'BL-A319', '2026-04-03 08:40:00', '2026-04-03 10:05:00', 'DAD', 'HAN', 4, 'TB010'),
('BL040303', 'BL-A319', '2026-04-03 12:00:00', '2026-04-03 14:00:00', 'HAN', 'SGN', 4, 'TB002'),
('BL040304', 'BL-A319', '2026-04-03 16:00:00', '2026-04-03 18:00:00', 'SGN', 'HAN', 4, 'TB001'),
('BL040401', 'BL-A319', '2026-04-04 06:00:00', '2026-04-04 07:25:00', 'HAN', 'DAD', 4, 'TB009'),
('BL040402', 'BL-A319', '2026-04-04 08:40:00', '2026-04-04 10:05:00', 'DAD', 'HAN', 4, 'TB010'),
('BL040403', 'BL-A319', '2026-04-04 12:00:00', '2026-04-04 14:00:00', 'HAN', 'SGN', 4, 'TB002'),
('BL040404', 'BL-A319', '2026-04-04 16:00:00', '2026-04-04 18:00:00', 'SGN', 'HAN', 4, 'TB001'),
('BL040501', 'BL-A319', '2026-04-05 06:00:00', '2026-04-05 07:25:00', 'HAN', 'DAD', 4, 'TB009'),
('BL040502', 'BL-A319', '2026-04-05 08:40:00', '2026-04-05 10:05:00', 'DAD', 'HAN', 4, 'TB010'),
('BL040503', 'BL-A319', '2026-04-05 12:00:00', '2026-04-05 14:00:00', 'HAN', 'SGN', 4, 'TB002'),
('BL040504', 'BL-A319', '2026-04-05 16:00:00', '2026-04-05 18:00:00', 'SGN', 'HAN', 4, 'TB001'),
('BL040601', 'BL-A319', '2026-04-06 06:00:00', '2026-04-06 07:25:00', 'HAN', 'DAD', 4, 'TB009'),
('BL040602', 'BL-A319', '2026-04-06 08:40:00', '2026-04-06 10:05:00', 'DAD', 'HAN', 4, 'TB010'),
('BL040603', 'BL-A319', '2026-04-06 12:00:00', '2026-04-06 14:00:00', 'HAN', 'SGN', 4, 'TB002'),
('BL040604', 'BL-A319', '2026-04-06 16:00:00', '2026-04-06 18:00:00', 'SGN', 'HAN', 4, 'TB001'),
('BL040701', 'BL-A319', '2026-04-07 06:00:00', '2026-04-07 07:25:00', 'HAN', 'DAD', 4, 'TB009'),
('BL040702', 'BL-A319', '2026-04-07 08:40:00', '2026-04-07 10:05:00', 'DAD', 'HAN', 4, 'TB010'),
('BL040703', 'BL-A319', '2026-04-07 12:00:00', '2026-04-07 14:00:00', 'HAN', 'SGN', 4, 'TB002'),
('BL040704', 'BL-A319', '2026-04-07 16:00:00', '2026-04-07 18:00:00', 'SGN', 'HAN', 4, 'TB001'),
('BL040801', 'BL-A319', '2026-04-08 06:00:00', '2026-04-08 07:25:00', 'HAN', 'DAD', 4, 'TB009'),
('BL040802', 'BL-A319', '2026-04-08 08:40:00', '2026-04-08 10:05:00', 'DAD', 'HAN', 3, 'TB010'),
('BL040803', 'BL-A319', '2026-04-08 12:00:00', '2026-04-08 14:00:00', 'HAN', 'SGN', 0, 'TB002'),
('BL040804', 'BL-A319', '2026-04-08 16:00:00', '2026-04-08 18:00:00', 'SGN', 'HAN', 1, 'TB001'),
('BL040901', 'BL-A319', '2026-04-09 06:00:00', '2026-04-09 07:25:00', 'HAN', 'DAD', 1, 'TB009'),
('BL040902', 'BL-A319', '2026-04-09 08:40:00', '2026-04-09 10:05:00', 'DAD', 'HAN', 1, 'TB010'),
('BL040903', 'BL-A319', '2026-04-09 12:00:00', '2026-04-09 14:00:00', 'HAN', 'SGN', 1, 'TB002'),
('BL040904', 'BL-A319', '2026-04-09 16:00:00', '2026-04-09 18:00:00', 'SGN', 'HAN', 1, 'TB001'),
('BL041001', 'BL-A319', '2026-04-10 06:00:00', '2026-04-10 07:25:00', 'HAN', 'DAD', 1, 'TB009'),
('BL041002', 'BL-A319', '2026-04-10 08:40:00', '2026-04-10 10:05:00', 'DAD', 'HAN', 1, 'TB010'),
('BL041003', 'BL-A319', '2026-04-10 12:00:00', '2026-04-10 14:00:00', 'HAN', 'SGN', 1, 'TB002'),
('BL041004', 'BL-A319', '2026-04-10 16:00:00', '2026-04-10 18:00:00', 'SGN', 'HAN', 1, 'TB001'),
('BL041101', 'BL-A319', '2026-04-11 06:00:00', '2026-04-11 07:25:00', 'HAN', 'DAD', 1, 'TB009'),
('BL041102', 'BL-A319', '2026-04-11 08:40:00', '2026-04-11 10:05:00', 'DAD', 'HAN', 1, 'TB010'),
('BL041103', 'BL-A319', '2026-04-11 12:00:00', '2026-04-11 14:00:00', 'HAN', 'SGN', 1, 'TB002'),
('BL041104', 'BL-A319', '2026-04-11 16:00:00', '2026-04-11 18:00:00', 'SGN', 'HAN', 1, 'TB001'),
('BL041201', 'BL-A319', '2026-04-12 06:00:00', '2026-04-12 07:25:00', 'HAN', 'DAD', 1, 'TB009'),
('BL041202', 'BL-A319', '2026-04-12 08:40:00', '2026-04-12 10:05:00', 'DAD', 'HAN', 1, 'TB010'),
('BL041203', 'BL-A319', '2026-04-12 12:00:00', '2026-04-12 14:00:00', 'HAN', 'SGN', 1, 'TB002'),
('BL041204', 'BL-A319', '2026-04-12 16:00:00', '2026-04-12 18:00:00', 'SGN', 'HAN', 1, 'TB001'),
('BL041301', 'BL-A319', '2026-04-13 06:00:00', '2026-04-13 07:25:00', 'HAN', 'DAD', 1, 'TB009'),
('BL041302', 'BL-A319', '2026-04-13 08:40:00', '2026-04-13 10:05:00', 'DAD', 'HAN', 1, 'TB010'),
('BL041303', 'BL-A319', '2026-04-13 12:00:00', '2026-04-13 14:00:00', 'HAN', 'SGN', 1, 'TB002'),
('BL041304', 'BL-A319', '2026-04-13 16:00:00', '2026-04-13 18:00:00', 'SGN', 'HAN', 1, 'TB001'),
('BL041401', 'BL-A319', '2026-04-14 06:00:00', '2026-04-14 07:25:00', 'HAN', 'DAD', 1, 'TB009'),
('BL041402', 'BL-A319', '2026-04-14 08:40:00', '2026-04-14 10:05:00', 'DAD', 'HAN', 1, 'TB010'),
('BL041403', 'BL-A319', '2026-04-14 12:00:00', '2026-04-14 14:00:00', 'HAN', 'SGN', 1, 'TB002'),
('BL041404', 'BL-A319', '2026-04-14 16:00:00', '2026-04-14 18:00:00', 'SGN', 'HAN', 1, 'TB001'),
('BL041501', 'BL-A319', '2026-04-15 06:00:00', '2026-04-15 07:25:00', 'HAN', 'DAD', 0, 'TB009'),
('BL041502', 'BL-A319', '2026-04-15 08:40:00', '2026-04-15 10:05:00', 'DAD', 'HAN', 1, 'TB010'),
('BL041503', 'BL-A319', '2026-04-15 12:00:00', '2026-04-15 14:00:00', 'HAN', 'SGN', 1, 'TB002'),
('BL041504', 'BL-A319', '2026-04-15 16:00:00', '2026-04-15 18:00:00', 'SGN', 'HAN', 1, 'TB001'),
('BL041601', 'BL-A319', '2026-04-16 06:00:00', '2026-04-16 07:25:00', 'HAN', 'DAD', 1, 'TB009'),
('BL041602', 'BL-A319', '2026-04-16 08:40:00', '2026-04-16 10:05:00', 'DAD', 'HAN', 1, 'TB010'),
('BL041603', 'BL-A319', '2026-04-16 12:00:00', '2026-04-16 14:00:00', 'HAN', 'SGN', 1, 'TB002'),
('BL041604', 'BL-A319', '2026-04-16 16:00:00', '2026-04-16 18:00:00', 'SGN', 'HAN', 1, 'TB001'),
('BL041701', 'BL-A319', '2026-04-17 06:00:00', '2026-04-17 07:25:00', 'HAN', 'DAD', 1, 'TB009'),
('BL041702', 'BL-A319', '2026-04-17 08:40:00', '2026-04-17 10:05:00', 'DAD', 'HAN', 1, 'TB010'),
('BL041703', 'BL-A319', '2026-04-17 12:00:00', '2026-04-17 14:00:00', 'HAN', 'SGN', 1, 'TB002'),
('BL041704', 'BL-A319', '2026-04-17 16:00:00', '2026-04-17 18:00:00', 'SGN', 'HAN', 1, 'TB001'),
('BL041801', 'BL-A319', '2026-04-18 06:00:00', '2026-04-18 07:25:00', 'HAN', 'DAD', 1, 'TB009'),
('BL041802', 'BL-A319', '2026-04-18 08:40:00', '2026-04-18 10:05:00', 'DAD', 'HAN', 1, 'TB010'),
('BL041803', 'BL-A319', '2026-04-18 12:00:00', '2026-04-18 14:00:00', 'HAN', 'SGN', 1, 'TB002'),
('BL041804', 'BL-A319', '2026-04-18 16:00:00', '2026-04-18 18:00:00', 'SGN', 'HAN', 1, 'TB001'),
('BL041901', 'BL-A319', '2026-04-19 06:00:00', '2026-04-19 07:25:00', 'HAN', 'DAD', 1, 'TB009'),
('BL041902', 'BL-A319', '2026-04-19 08:40:00', '2026-04-19 10:05:00', 'DAD', 'HAN', 1, 'TB010'),
('BL041903', 'BL-A319', '2026-04-19 12:00:00', '2026-04-19 14:00:00', 'HAN', 'SGN', 1, 'TB002'),
('BL041904', 'BL-A319', '2026-04-19 16:00:00', '2026-04-19 18:00:00', 'SGN', 'HAN', 1, 'TB001'),
('BL042001', 'BL-A319', '2026-04-20 06:00:00', '2026-04-20 07:25:00', 'HAN', 'DAD', 1, 'TB009'),
('BL042002', 'BL-A319', '2026-04-20 08:40:00', '2026-04-20 10:05:00', 'DAD', 'HAN', 1, 'TB010'),
('BL042003', 'BL-A319', '2026-04-20 12:00:00', '2026-04-20 14:00:00', 'HAN', 'SGN', 1, 'TB002'),
('BL042004', 'BL-A319', '2026-04-20 16:00:00', '2026-04-20 18:00:00', 'SGN', 'HAN', 1, 'TB001'),
('BL042101', 'BL-A319', '2026-04-21 06:00:00', '2026-04-21 07:25:00', 'HAN', 'DAD', 1, 'TB009'),
('BL042102', 'BL-A319', '2026-04-21 08:40:00', '2026-04-21 10:05:00', 'DAD', 'HAN', 1, 'TB010'),
('BL042103', 'BL-A319', '2026-04-21 12:00:00', '2026-04-21 14:00:00', 'HAN', 'SGN', 1, 'TB002'),
('BL042104', 'BL-A319', '2026-04-21 16:00:00', '2026-04-21 18:00:00', 'SGN', 'HAN', 1, 'TB001'),
('BL042201', 'BL-A319', '2026-04-22 06:00:00', '2026-04-22 07:25:00', 'HAN', 'DAD', 1, 'TB009'),
('BL042202', 'BL-A319', '2026-04-22 08:40:00', '2026-04-22 10:05:00', 'DAD', 'HAN', 1, 'TB010'),
('BL042203', 'BL-A319', '2026-04-22 12:00:00', '2026-04-22 14:00:00', 'HAN', 'SGN', 1, 'TB002'),
('BL042204', 'BL-A319', '2026-04-22 16:00:00', '2026-04-22 18:00:00', 'SGN', 'HAN', 1, 'TB001'),
('BL042301', 'BL-A319', '2026-04-23 06:00:00', '2026-04-23 07:25:00', 'HAN', 'DAD', 1, 'TB009'),
('BL042302', 'BL-A319', '2026-04-23 08:40:00', '2026-04-23 10:05:00', 'DAD', 'HAN', 1, 'TB010'),
('BL042303', 'BL-A319', '2026-04-23 12:00:00', '2026-04-23 14:00:00', 'HAN', 'SGN', 1, 'TB002'),
('BL042304', 'BL-A319', '2026-04-23 16:00:00', '2026-04-23 18:00:00', 'SGN', 'HAN', 1, 'TB001'),
('BL042401', 'BL-A319', '2026-04-24 06:00:00', '2026-04-24 07:25:00', 'HAN', 'DAD', 1, 'TB009'),
('BL042402', 'BL-A319', '2026-04-24 08:40:00', '2026-04-24 10:05:00', 'DAD', 'HAN', 1, 'TB010'),
('BL042403', 'BL-A319', '2026-04-24 12:00:00', '2026-04-24 14:00:00', 'HAN', 'SGN', 1, 'TB002'),
('BL042404', 'BL-A319', '2026-04-24 16:00:00', '2026-04-24 18:00:00', 'SGN', 'HAN', 1, 'TB001'),
('BL042501', 'BL-A319', '2026-04-25 06:00:00', '2026-04-25 07:25:00', 'HAN', 'DAD', 1, 'TB009'),
('BL042502', 'BL-A319', '2026-04-25 08:40:00', '2026-04-25 10:05:00', 'DAD', 'HAN', 1, 'TB010'),
('BL042503', 'BL-A319', '2026-04-25 12:00:00', '2026-04-25 14:00:00', 'HAN', 'SGN', 1, 'TB002'),
('BL042504', 'BL-A319', '2026-04-25 16:00:00', '2026-04-25 18:00:00', 'SGN', 'HAN', 1, 'TB001'),
('BL042601', 'BL-A319', '2026-04-26 06:00:00', '2026-04-26 07:25:00', 'HAN', 'DAD', 1, 'TB009'),
('BL042602', 'BL-A319', '2026-04-26 08:40:00', '2026-04-26 10:05:00', 'DAD', 'HAN', 1, 'TB010'),
('BL042603', 'BL-A319', '2026-04-26 12:00:00', '2026-04-26 14:00:00', 'HAN', 'SGN', 1, 'TB002'),
('BL042604', 'BL-A319', '2026-04-26 16:00:00', '2026-04-26 18:00:00', 'SGN', 'HAN', 1, 'TB001'),
('BL042701', 'BL-A319', '2026-04-27 06:00:00', '2026-04-27 07:25:00', 'HAN', 'DAD', 1, 'TB009'),
('BL042702', 'BL-A319', '2026-04-27 08:40:00', '2026-04-27 10:05:00', 'DAD', 'HAN', 1, 'TB010'),
('BL042703', 'BL-A319', '2026-04-27 12:00:00', '2026-04-27 14:00:00', 'HAN', 'SGN', 1, 'TB002'),
('BL042704', 'BL-A319', '2026-04-27 16:00:00', '2026-04-27 18:00:00', 'SGN', 'HAN', 1, 'TB001'),
('BL042801', 'BL-A319', '2026-04-28 06:00:00', '2026-04-28 07:25:00', 'HAN', 'DAD', 1, 'TB009'),
('BL042802', 'BL-A319', '2026-04-28 08:40:00', '2026-04-28 10:05:00', 'DAD', 'HAN', 1, 'TB010'),
('BL042803', 'BL-A319', '2026-04-28 12:00:00', '2026-04-28 14:00:00', 'HAN', 'SGN', 1, 'TB002'),
('BL042804', 'BL-A319', '2026-04-28 16:00:00', '2026-04-28 18:00:00', 'SGN', 'HAN', 1, 'TB001'),
('BL042901', 'BL-A319', '2026-04-29 06:00:00', '2026-04-29 07:25:00', 'HAN', 'DAD', 1, 'TB009'),
('BL042902', 'BL-A319', '2026-04-29 08:40:00', '2026-04-29 10:05:00', 'DAD', 'HAN', 1, 'TB010'),
('BL042903', 'BL-A319', '2026-04-29 12:00:00', '2026-04-29 14:00:00', 'HAN', 'SGN', 1, 'TB002'),
('BL042904', 'BL-A319', '2026-04-29 16:00:00', '2026-04-29 18:00:00', 'SGN', 'HAN', 1, 'TB001'),
('BL043001', 'BL-A319', '2026-04-30 06:00:00', '2026-04-30 07:25:00', 'HAN', 'DAD', 1, 'TB009'),
('BL043002', 'BL-A319', '2026-04-30 08:40:00', '2026-04-30 10:05:00', 'DAD', 'HAN', 1, 'TB010'),
('BL043003', 'BL-A319', '2026-04-30 12:00:00', '2026-04-30 14:00:00', 'HAN', 'SGN', 1, 'TB002'),
('BL043004', 'BL-A319', '2026-04-30 16:00:00', '2026-04-30 18:00:00', 'SGN', 'HAN', 1, 'TB001'),
('BL302', 'BL-A319', '2026-03-27 08:00:00', '2026-03-27 09:20:00', 'SGN', 'DAD', 4, 'TB003'),
('BL40905', 'BL-A319', '2026-04-09 05:20:00', '2026-04-09 06:25:00', 'SGN', 'CXR', 1, 'TB005'),
('BL40906', 'BL-A319', '2026-04-09 06:55:00', '2026-04-09 08:00:00', 'CXR', 'SGN', 1, 'TB006'),
('BL40907', 'BL-A319', '2026-04-09 08:30:00', '2026-04-09 09:30:00', 'SGN', 'PQC', 1, 'TB007'),
('BL40908', 'BL-A319', '2026-04-09 10:05:00', '2026-04-09 11:05:00', 'PQC', 'SGN', 1, 'TB008'),
('BL40911', 'BL-A319', '2026-04-09 11:40:00', '2026-04-09 13:10:00', 'SGN', 'BKK', 1, 'TB011'),
('BL40912', 'BL-A319', '2026-04-09 13:45:00', '2026-04-09 15:15:00', 'BKK', 'SGN', 1, 'TB012'),
('BL40913', 'BL-A319', '2026-04-09 15:50:00', '2026-04-09 17:50:00', 'SGN', 'SIN', 1, 'TB013'),
('BL40914', 'BL-A319', '2026-04-09 18:25:00', '2026-04-09 20:25:00', 'SIN', 'SGN', 1, 'TB014'),
('BL40915', 'BL-A319', '2026-04-09 20:50:00', '2026-04-10 01:50:00', 'SGN', 'ICN', 1, 'TB015'),
('BL40916', 'BL-A319', '2026-04-09 02:30:00', '2026-04-09 07:30:00', 'ICN', 'SGN', 1, 'TB016'),
('BL40917', 'BL-A319', '2026-04-09 07:55:00', '2026-04-09 13:25:00', 'SGN', 'NRT', 1, 'TB017'),
('BL40918', 'BL-A319', '2026-04-09 14:00:00', '2026-04-09 19:30:00', 'NRT', 'SGN', 1, 'TB018'),
('BL40919', 'BL-A319', '2026-04-09 20:05:00', '2026-04-10 08:05:00', 'SGN', 'CDG', 1, 'TB019'),
('BL40920', 'BL-A319', '2026-04-09 09:00:00', '2026-04-09 21:00:00', 'CDG', 'SGN', 1, 'TB020'),
('BL41005', 'BL-A319', '2026-04-10 05:20:00', '2026-04-10 06:25:00', 'SGN', 'CXR', 1, 'TB005'),
('BL41006', 'BL-A319', '2026-04-10 06:55:00', '2026-04-10 08:00:00', 'CXR', 'SGN', 1, 'TB006'),
('BL41007', 'BL-A319', '2026-04-10 08:30:00', '2026-04-10 09:30:00', 'SGN', 'PQC', 1, 'TB007'),
('BL41008', 'BL-A319', '2026-04-10 10:05:00', '2026-04-10 11:05:00', 'PQC', 'SGN', 1, 'TB008'),
('BL41011', 'BL-A319', '2026-04-10 11:40:00', '2026-04-10 13:10:00', 'SGN', 'BKK', 1, 'TB011'),
('BL41012', 'BL-A319', '2026-04-10 13:45:00', '2026-04-10 15:15:00', 'BKK', 'SGN', 1, 'TB012'),
('BL41013', 'BL-A319', '2026-04-10 15:50:00', '2026-04-10 17:50:00', 'SGN', 'SIN', 1, 'TB013'),
('BL41014', 'BL-A319', '2026-04-10 18:25:00', '2026-04-10 20:25:00', 'SIN', 'SGN', 1, 'TB014'),
('BL41015', 'BL-A319', '2026-04-10 20:50:00', '2026-04-11 01:50:00', 'SGN', 'ICN', 1, 'TB015'),
('BL41016', 'BL-A319', '2026-04-10 02:30:00', '2026-04-10 07:30:00', 'ICN', 'SGN', 1, 'TB016'),
('BL41017', 'BL-A319', '2026-04-10 07:55:00', '2026-04-10 13:25:00', 'SGN', 'NRT', 1, 'TB017'),
('BL41018', 'BL-A319', '2026-04-10 14:00:00', '2026-04-10 19:30:00', 'NRT', 'SGN', 1, 'TB018'),
('BL41019', 'BL-A319', '2026-04-10 20:05:00', '2026-04-11 08:05:00', 'SGN', 'CDG', 1, 'TB019'),
('BL41020', 'BL-A319', '2026-04-10 09:00:00', '2026-04-10 21:00:00', 'CDG', 'SGN', 1, 'TB020'),
('BL41105', 'BL-A319', '2026-04-11 05:20:00', '2026-04-11 06:25:00', 'SGN', 'CXR', 1, 'TB005'),
('BL41106', 'BL-A319', '2026-04-11 06:55:00', '2026-04-11 08:00:00', 'CXR', 'SGN', 1, 'TB006'),
('BL41107', 'BL-A319', '2026-04-11 08:30:00', '2026-04-11 09:30:00', 'SGN', 'PQC', 1, 'TB007'),
('BL41108', 'BL-A319', '2026-04-11 10:05:00', '2026-04-11 11:05:00', 'PQC', 'SGN', 1, 'TB008'),
('BL41111', 'BL-A319', '2026-04-11 11:40:00', '2026-04-11 13:10:00', 'SGN', 'BKK', 1, 'TB011'),
('BL41112', 'BL-A319', '2026-04-11 13:45:00', '2026-04-11 15:15:00', 'BKK', 'SGN', 1, 'TB012'),
('BL41113', 'BL-A319', '2026-04-11 15:50:00', '2026-04-11 17:50:00', 'SGN', 'SIN', 1, 'TB013'),
('BL41114', 'BL-A319', '2026-04-11 18:25:00', '2026-04-11 20:25:00', 'SIN', 'SGN', 1, 'TB014'),
('BL41115', 'BL-A319', '2026-04-11 20:50:00', '2026-04-12 01:50:00', 'SGN', 'ICN', 1, 'TB015'),
('BL41116', 'BL-A319', '2026-04-11 02:30:00', '2026-04-11 07:30:00', 'ICN', 'SGN', 1, 'TB016'),
('BL41117', 'BL-A319', '2026-04-11 07:55:00', '2026-04-11 13:25:00', 'SGN', 'NRT', 1, 'TB017'),
('BL41118', 'BL-A319', '2026-04-11 14:00:00', '2026-04-11 19:30:00', 'NRT', 'SGN', 1, 'TB018'),
('BL41119', 'BL-A319', '2026-04-11 20:05:00', '2026-04-12 08:05:00', 'SGN', 'CDG', 1, 'TB019'),
('BL41120', 'BL-A319', '2026-04-11 09:00:00', '2026-04-11 21:00:00', 'CDG', 'SGN', 1, 'TB020'),
('BL41205', 'BL-A319', '2026-04-12 05:20:00', '2026-04-12 06:25:00', 'SGN', 'CXR', 1, 'TB005'),
('BL41206', 'BL-A319', '2026-04-12 06:55:00', '2026-04-12 08:00:00', 'CXR', 'SGN', 1, 'TB006'),
('BL41207', 'BL-A319', '2026-04-12 08:30:00', '2026-04-12 09:30:00', 'SGN', 'PQC', 1, 'TB007'),
('BL41208', 'BL-A319', '2026-04-12 10:05:00', '2026-04-12 11:05:00', 'PQC', 'SGN', 1, 'TB008'),
('BL41211', 'BL-A319', '2026-04-12 11:40:00', '2026-04-12 13:10:00', 'SGN', 'BKK', 1, 'TB011'),
('BL41212', 'BL-A319', '2026-04-12 13:45:00', '2026-04-12 15:15:00', 'BKK', 'SGN', 1, 'TB012'),
('BL41213', 'BL-A319', '2026-04-12 15:50:00', '2026-04-12 17:50:00', 'SGN', 'SIN', 1, 'TB013'),
('BL41214', 'BL-A319', '2026-04-12 18:25:00', '2026-04-12 20:25:00', 'SIN', 'SGN', 1, 'TB014'),
('BL41215', 'BL-A319', '2026-04-12 20:50:00', '2026-04-13 01:50:00', 'SGN', 'ICN', 1, 'TB015'),
('BL41216', 'BL-A319', '2026-04-12 02:30:00', '2026-04-12 07:30:00', 'ICN', 'SGN', 1, 'TB016'),
('BL41217', 'BL-A319', '2026-04-12 07:55:00', '2026-04-12 13:25:00', 'SGN', 'NRT', 1, 'TB017'),
('BL41218', 'BL-A319', '2026-04-12 14:00:00', '2026-04-12 19:30:00', 'NRT', 'SGN', 1, 'TB018'),
('BL41219', 'BL-A319', '2026-04-12 20:05:00', '2026-04-13 08:05:00', 'SGN', 'CDG', 1, 'TB019'),
('BL41220', 'BL-A319', '2026-04-12 09:00:00', '2026-04-12 21:00:00', 'CDG', 'SGN', 1, 'TB020'),
('BL41305', 'BL-A319', '2026-04-13 05:20:00', '2026-04-13 06:25:00', 'SGN', 'CXR', 1, 'TB005'),
('BL41306', 'BL-A319', '2026-04-13 06:55:00', '2026-04-13 08:00:00', 'CXR', 'SGN', 1, 'TB006'),
('BL41307', 'BL-A319', '2026-04-13 08:30:00', '2026-04-13 09:30:00', 'SGN', 'PQC', 1, 'TB007'),
('BL41308', 'BL-A319', '2026-04-13 10:05:00', '2026-04-13 11:05:00', 'PQC', 'SGN', 1, 'TB008'),
('BL41311', 'BL-A319', '2026-04-13 11:40:00', '2026-04-13 13:10:00', 'SGN', 'BKK', 1, 'TB011'),
('BL41312', 'BL-A319', '2026-04-13 13:45:00', '2026-04-13 15:15:00', 'BKK', 'SGN', 1, 'TB012'),
('BL41313', 'BL-A319', '2026-04-13 15:50:00', '2026-04-13 17:50:00', 'SGN', 'SIN', 1, 'TB013'),
('BL41314', 'BL-A319', '2026-04-13 18:25:00', '2026-04-13 20:25:00', 'SIN', 'SGN', 1, 'TB014'),
('BL41315', 'BL-A319', '2026-04-13 20:50:00', '2026-04-14 01:50:00', 'SGN', 'ICN', 1, 'TB015'),
('BL41316', 'BL-A319', '2026-04-13 02:30:00', '2026-04-13 07:30:00', 'ICN', 'SGN', 1, 'TB016'),
('BL41317', 'BL-A319', '2026-04-13 07:55:00', '2026-04-13 13:25:00', 'SGN', 'NRT', 1, 'TB017'),
('BL41318', 'BL-A319', '2026-04-13 14:00:00', '2026-04-13 19:30:00', 'NRT', 'SGN', 1, 'TB018'),
('BL41319', 'BL-A319', '2026-04-13 20:05:00', '2026-04-14 08:05:00', 'SGN', 'CDG', 1, 'TB019'),
('BL41320', 'BL-A319', '2026-04-13 09:00:00', '2026-04-13 21:00:00', 'CDG', 'SGN', 1, 'TB020'),
('BL41405', 'BL-A319', '2026-04-14 05:20:00', '2026-04-14 06:25:00', 'SGN', 'CXR', 1, 'TB005'),
('BL41406', 'BL-A319', '2026-04-14 06:55:00', '2026-04-14 08:00:00', 'CXR', 'SGN', 1, 'TB006'),
('BL41407', 'BL-A319', '2026-04-14 08:30:00', '2026-04-14 09:30:00', 'SGN', 'PQC', 1, 'TB007'),
('BL41408', 'BL-A319', '2026-04-14 10:05:00', '2026-04-14 11:05:00', 'PQC', 'SGN', 1, 'TB008'),
('BL41411', 'BL-A319', '2026-04-14 11:40:00', '2026-04-14 13:10:00', 'SGN', 'BKK', 1, 'TB011'),
('BL41412', 'BL-A319', '2026-04-14 13:45:00', '2026-04-14 15:15:00', 'BKK', 'SGN', 1, 'TB012'),
('BL41413', 'BL-A319', '2026-04-14 15:50:00', '2026-04-14 17:50:00', 'SGN', 'SIN', 1, 'TB013'),
('BL41414', 'BL-A319', '2026-04-14 18:25:00', '2026-04-14 20:25:00', 'SIN', 'SGN', 1, 'TB014'),
('BL41415', 'BL-A319', '2026-04-14 20:50:00', '2026-04-15 01:50:00', 'SGN', 'ICN', 1, 'TB015'),
('BL41416', 'BL-A319', '2026-04-14 02:30:00', '2026-04-14 07:30:00', 'ICN', 'SGN', 1, 'TB016'),
('BL41417', 'BL-A319', '2026-04-14 07:55:00', '2026-04-14 13:25:00', 'SGN', 'NRT', 1, 'TB017'),
('BL41418', 'BL-A319', '2026-04-14 14:00:00', '2026-04-14 19:30:00', 'NRT', 'SGN', 1, 'TB018'),
('BL41419', 'BL-A319', '2026-04-14 20:05:00', '2026-04-15 08:05:00', 'SGN', 'CDG', 1, 'TB019'),
('BL41420', 'BL-A319', '2026-04-14 09:00:00', '2026-04-14 21:00:00', 'CDG', 'SGN', 1, 'TB020'),
('BL41505', 'BL-A319', '2026-04-15 05:20:00', '2026-04-15 06:25:00', 'SGN', 'CXR', 1, 'TB005'),
('BL41506', 'BL-A319', '2026-04-15 06:55:00', '2026-04-15 08:00:00', 'CXR', 'SGN', 1, 'TB006'),
('BL41507', 'BL-A319', '2026-04-15 08:30:00', '2026-04-15 09:30:00', 'SGN', 'PQC', 1, 'TB007'),
('BL41508', 'BL-A319', '2026-04-15 10:05:00', '2026-04-15 11:05:00', 'PQC', 'SGN', 1, 'TB008'),
('BL41511', 'BL-A319', '2026-04-15 11:40:00', '2026-04-15 13:10:00', 'SGN', 'BKK', 1, 'TB011'),
('BL41512', 'BL-A319', '2026-04-15 13:45:00', '2026-04-15 15:15:00', 'BKK', 'SGN', 1, 'TB012'),
('BL41513', 'BL-A319', '2026-04-15 15:50:00', '2026-04-15 17:50:00', 'SGN', 'SIN', 1, 'TB013'),
('BL41514', 'BL-A319', '2026-04-15 18:25:00', '2026-04-15 20:25:00', 'SIN', 'SGN', 1, 'TB014'),
('BL41515', 'BL-A319', '2026-04-15 20:50:00', '2026-04-16 01:50:00', 'SGN', 'ICN', 1, 'TB015'),
('BL41516', 'BL-A319', '2026-04-15 02:30:00', '2026-04-15 07:30:00', 'ICN', 'SGN', 1, 'TB016'),
('BL41517', 'BL-A319', '2026-04-15 07:55:00', '2026-04-15 13:25:00', 'SGN', 'NRT', 1, 'TB017'),
('BL41518', 'BL-A319', '2026-04-15 14:00:00', '2026-04-15 19:30:00', 'NRT', 'SGN', 1, 'TB018'),
('BL41519', 'BL-A319', '2026-04-15 20:05:00', '2026-04-16 08:05:00', 'SGN', 'CDG', 1, 'TB019'),
('BL41520', 'BL-A319', '2026-04-15 09:00:00', '2026-04-15 21:00:00', 'CDG', 'SGN', 1, 'TB020'),
('BL41605', 'BL-A319', '2026-04-16 05:20:00', '2026-04-16 06:25:00', 'SGN', 'CXR', 1, 'TB005'),
('BL41606', 'BL-A319', '2026-04-16 06:55:00', '2026-04-16 08:00:00', 'CXR', 'SGN', 1, 'TB006'),
('BL41607', 'BL-A319', '2026-04-16 08:30:00', '2026-04-16 09:30:00', 'SGN', 'PQC', 1, 'TB007'),
('BL41608', 'BL-A319', '2026-04-16 10:05:00', '2026-04-16 11:05:00', 'PQC', 'SGN', 1, 'TB008'),
('BL41611', 'BL-A319', '2026-04-16 11:40:00', '2026-04-16 13:10:00', 'SGN', 'BKK', 1, 'TB011'),
('BL41612', 'BL-A319', '2026-04-16 13:45:00', '2026-04-16 15:15:00', 'BKK', 'SGN', 1, 'TB012'),
('BL41613', 'BL-A319', '2026-04-16 15:50:00', '2026-04-16 17:50:00', 'SGN', 'SIN', 1, 'TB013'),
('BL41614', 'BL-A319', '2026-04-16 18:25:00', '2026-04-16 20:25:00', 'SIN', 'SGN', 1, 'TB014'),
('BL41615', 'BL-A319', '2026-04-16 20:50:00', '2026-04-17 01:50:00', 'SGN', 'ICN', 1, 'TB015'),
('BL41616', 'BL-A319', '2026-04-16 02:30:00', '2026-04-16 07:30:00', 'ICN', 'SGN', 1, 'TB016'),
('BL41617', 'BL-A319', '2026-04-16 07:55:00', '2026-04-16 13:25:00', 'SGN', 'NRT', 1, 'TB017'),
('BL41618', 'BL-A319', '2026-04-16 14:00:00', '2026-04-16 19:30:00', 'NRT', 'SGN', 1, 'TB018'),
('BL41619', 'BL-A319', '2026-04-16 20:05:00', '2026-04-17 08:05:00', 'SGN', 'CDG', 1, 'TB019'),
('BL41620', 'BL-A319', '2026-04-16 09:00:00', '2026-04-16 21:00:00', 'CDG', 'SGN', 1, 'TB020'),
('BL41705', 'BL-A319', '2026-04-17 05:20:00', '2026-04-17 06:25:00', 'SGN', 'CXR', 1, 'TB005'),
('BL41706', 'BL-A319', '2026-04-17 06:55:00', '2026-04-17 08:00:00', 'CXR', 'SGN', 1, 'TB006'),
('BL41707', 'BL-A319', '2026-04-17 08:30:00', '2026-04-17 09:30:00', 'SGN', 'PQC', 1, 'TB007'),
('BL41708', 'BL-A319', '2026-04-17 10:05:00', '2026-04-17 11:05:00', 'PQC', 'SGN', 1, 'TB008'),
('BL41711', 'BL-A319', '2026-04-17 11:40:00', '2026-04-17 13:10:00', 'SGN', 'BKK', 1, 'TB011'),
('BL41712', 'BL-A319', '2026-04-17 13:45:00', '2026-04-17 15:15:00', 'BKK', 'SGN', 1, 'TB012'),
('BL41713', 'BL-A319', '2026-04-17 15:50:00', '2026-04-17 17:50:00', 'SGN', 'SIN', 1, 'TB013'),
('BL41714', 'BL-A319', '2026-04-17 18:25:00', '2026-04-17 20:25:00', 'SIN', 'SGN', 1, 'TB014'),
('BL41715', 'BL-A319', '2026-04-17 20:50:00', '2026-04-18 01:50:00', 'SGN', 'ICN', 1, 'TB015'),
('BL41716', 'BL-A319', '2026-04-17 02:30:00', '2026-04-17 07:30:00', 'ICN', 'SGN', 1, 'TB016'),
('BL41717', 'BL-A319', '2026-04-17 07:55:00', '2026-04-17 13:25:00', 'SGN', 'NRT', 1, 'TB017'),
('BL41718', 'BL-A319', '2026-04-17 14:00:00', '2026-04-17 19:30:00', 'NRT', 'SGN', 1, 'TB018'),
('BL41719', 'BL-A319', '2026-04-17 20:05:00', '2026-04-18 08:05:00', 'SGN', 'CDG', 1, 'TB019'),
('BL41720', 'BL-A319', '2026-04-17 09:00:00', '2026-04-17 21:00:00', 'CDG', 'SGN', 1, 'TB020'),
('BL41805', 'BL-A319', '2026-04-18 05:20:00', '2026-04-18 06:25:00', 'SGN', 'CXR', 1, 'TB005'),
('BL41806', 'BL-A319', '2026-04-18 06:55:00', '2026-04-18 08:00:00', 'CXR', 'SGN', 1, 'TB006'),
('BL41807', 'BL-A319', '2026-04-18 08:30:00', '2026-04-18 09:30:00', 'SGN', 'PQC', 1, 'TB007'),
('BL41808', 'BL-A319', '2026-04-18 10:05:00', '2026-04-18 11:05:00', 'PQC', 'SGN', 1, 'TB008'),
('BL41811', 'BL-A319', '2026-04-18 11:40:00', '2026-04-18 13:10:00', 'SGN', 'BKK', 1, 'TB011'),
('BL41812', 'BL-A319', '2026-04-18 13:45:00', '2026-04-18 15:15:00', 'BKK', 'SGN', 1, 'TB012'),
('BL41813', 'BL-A319', '2026-04-18 15:50:00', '2026-04-18 17:50:00', 'SGN', 'SIN', 1, 'TB013'),
('BL41814', 'BL-A319', '2026-04-18 18:25:00', '2026-04-18 20:25:00', 'SIN', 'SGN', 1, 'TB014'),
('BL41815', 'BL-A319', '2026-04-18 20:50:00', '2026-04-19 01:50:00', 'SGN', 'ICN', 1, 'TB015'),
('BL41816', 'BL-A319', '2026-04-18 02:30:00', '2026-04-18 07:30:00', 'ICN', 'SGN', 1, 'TB016'),
('BL41817', 'BL-A319', '2026-04-18 07:55:00', '2026-04-18 13:25:00', 'SGN', 'NRT', 1, 'TB017'),
('BL41818', 'BL-A319', '2026-04-18 14:00:00', '2026-04-18 19:30:00', 'NRT', 'SGN', 1, 'TB018'),
('BL41819', 'BL-A319', '2026-04-18 20:05:00', '2026-04-19 08:05:00', 'SGN', 'CDG', 1, 'TB019'),
('BL41820', 'BL-A319', '2026-04-18 09:00:00', '2026-04-18 21:00:00', 'CDG', 'SGN', 1, 'TB020'),
('BL41905', 'BL-A319', '2026-04-19 05:20:00', '2026-04-19 06:25:00', 'SGN', 'CXR', 1, 'TB005'),
('BL41906', 'BL-A319', '2026-04-19 06:55:00', '2026-04-19 08:00:00', 'CXR', 'SGN', 1, 'TB006'),
('BL41907', 'BL-A319', '2026-04-19 08:30:00', '2026-04-19 09:30:00', 'SGN', 'PQC', 1, 'TB007'),
('BL41908', 'BL-A319', '2026-04-19 10:05:00', '2026-04-19 11:05:00', 'PQC', 'SGN', 1, 'TB008'),
('BL41911', 'BL-A319', '2026-04-19 11:40:00', '2026-04-19 13:10:00', 'SGN', 'BKK', 1, 'TB011'),
('BL41912', 'BL-A319', '2026-04-19 13:45:00', '2026-04-19 15:15:00', 'BKK', 'SGN', 1, 'TB012'),
('BL41913', 'BL-A319', '2026-04-19 15:50:00', '2026-04-19 17:50:00', 'SGN', 'SIN', 1, 'TB013'),
('BL41914', 'BL-A319', '2026-04-19 18:25:00', '2026-04-19 20:25:00', 'SIN', 'SGN', 1, 'TB014'),
('BL41915', 'BL-A319', '2026-04-19 20:50:00', '2026-04-20 01:50:00', 'SGN', 'ICN', 1, 'TB015'),
('BL41916', 'BL-A319', '2026-04-19 02:30:00', '2026-04-19 07:30:00', 'ICN', 'SGN', 1, 'TB016'),
('BL41917', 'BL-A319', '2026-04-19 07:55:00', '2026-04-19 13:25:00', 'SGN', 'NRT', 1, 'TB017'),
('BL41918', 'BL-A319', '2026-04-19 14:00:00', '2026-04-19 19:30:00', 'NRT', 'SGN', 1, 'TB018'),
('BL41919', 'BL-A319', '2026-04-19 20:05:00', '2026-04-20 08:05:00', 'SGN', 'CDG', 1, 'TB019'),
('BL41920', 'BL-A319', '2026-04-19 09:00:00', '2026-04-19 21:00:00', 'CDG', 'SGN', 1, 'TB020'),
('BL42005', 'BL-A319', '2026-04-20 05:20:00', '2026-04-20 06:25:00', 'SGN', 'CXR', 1, 'TB005'),
('BL42006', 'BL-A319', '2026-04-20 06:55:00', '2026-04-20 08:00:00', 'CXR', 'SGN', 1, 'TB006'),
('BL42007', 'BL-A319', '2026-04-20 08:30:00', '2026-04-20 09:30:00', 'SGN', 'PQC', 1, 'TB007'),
('BL42008', 'BL-A319', '2026-04-20 10:05:00', '2026-04-20 11:05:00', 'PQC', 'SGN', 1, 'TB008'),
('BL42011', 'BL-A319', '2026-04-20 11:40:00', '2026-04-20 13:10:00', 'SGN', 'BKK', 1, 'TB011'),
('BL42012', 'BL-A319', '2026-04-20 13:45:00', '2026-04-20 15:15:00', 'BKK', 'SGN', 1, 'TB012'),
('BL42013', 'BL-A319', '2026-04-20 15:50:00', '2026-04-20 17:50:00', 'SGN', 'SIN', 1, 'TB013'),
('BL42014', 'BL-A319', '2026-04-20 18:25:00', '2026-04-20 20:25:00', 'SIN', 'SGN', 1, 'TB014'),
('BL42015', 'BL-A319', '2026-04-20 20:50:00', '2026-04-21 01:50:00', 'SGN', 'ICN', 1, 'TB015'),
('BL42016', 'BL-A319', '2026-04-20 02:30:00', '2026-04-20 07:30:00', 'ICN', 'SGN', 1, 'TB016'),
('BL42017', 'BL-A319', '2026-04-20 07:55:00', '2026-04-20 13:25:00', 'SGN', 'NRT', 1, 'TB017'),
('BL42018', 'BL-A319', '2026-04-20 14:00:00', '2026-04-20 19:30:00', 'NRT', 'SGN', 1, 'TB018'),
('BL42019', 'BL-A319', '2026-04-20 20:05:00', '2026-04-21 08:05:00', 'SGN', 'CDG', 1, 'TB019'),
('BL42020', 'BL-A319', '2026-04-20 09:00:00', '2026-04-20 21:00:00', 'CDG', 'SGN', 1, 'TB020'),
('BL42105', 'BL-A319', '2026-04-21 05:20:00', '2026-04-21 06:25:00', 'SGN', 'CXR', 1, 'TB005'),
('BL42106', 'BL-A319', '2026-04-21 06:55:00', '2026-04-21 08:00:00', 'CXR', 'SGN', 1, 'TB006'),
('BL42107', 'BL-A319', '2026-04-21 08:30:00', '2026-04-21 09:30:00', 'SGN', 'PQC', 1, 'TB007'),
('BL42108', 'BL-A319', '2026-04-21 10:05:00', '2026-04-21 11:05:00', 'PQC', 'SGN', 1, 'TB008'),
('BL42111', 'BL-A319', '2026-04-21 11:40:00', '2026-04-21 13:10:00', 'SGN', 'BKK', 1, 'TB011'),
('BL42112', 'BL-A319', '2026-04-21 13:45:00', '2026-04-21 15:15:00', 'BKK', 'SGN', 1, 'TB012'),
('BL42113', 'BL-A319', '2026-04-21 15:50:00', '2026-04-21 17:50:00', 'SGN', 'SIN', 1, 'TB013'),
('BL42114', 'BL-A319', '2026-04-21 18:25:00', '2026-04-21 20:25:00', 'SIN', 'SGN', 1, 'TB014'),
('BL42115', 'BL-A319', '2026-04-21 20:50:00', '2026-04-22 01:50:00', 'SGN', 'ICN', 1, 'TB015'),
('BL42116', 'BL-A319', '2026-04-21 02:30:00', '2026-04-21 07:30:00', 'ICN', 'SGN', 1, 'TB016'),
('BL42117', 'BL-A319', '2026-04-21 07:55:00', '2026-04-21 13:25:00', 'SGN', 'NRT', 1, 'TB017'),
('BL42118', 'BL-A319', '2026-04-21 14:00:00', '2026-04-21 19:30:00', 'NRT', 'SGN', 1, 'TB018'),
('BL42119', 'BL-A319', '2026-04-21 20:05:00', '2026-04-22 08:05:00', 'SGN', 'CDG', 1, 'TB019'),
('BL42120', 'BL-A319', '2026-04-21 09:00:00', '2026-04-21 21:00:00', 'CDG', 'SGN', 1, 'TB020'),
('BL42205', 'BL-A319', '2026-04-22 05:20:00', '2026-04-22 06:25:00', 'SGN', 'CXR', 1, 'TB005'),
('BL42206', 'BL-A319', '2026-04-22 06:55:00', '2026-04-22 08:00:00', 'CXR', 'SGN', 1, 'TB006'),
('BL42207', 'BL-A319', '2026-04-22 08:30:00', '2026-04-22 09:30:00', 'SGN', 'PQC', 1, 'TB007'),
('BL42208', 'BL-A319', '2026-04-22 10:05:00', '2026-04-22 11:05:00', 'PQC', 'SGN', 1, 'TB008'),
('BL42211', 'BL-A319', '2026-04-22 11:40:00', '2026-04-22 13:10:00', 'SGN', 'BKK', 1, 'TB011'),
('BL42212', 'BL-A319', '2026-04-22 13:45:00', '2026-04-22 15:15:00', 'BKK', 'SGN', 1, 'TB012'),
('BL42213', 'BL-A319', '2026-04-22 15:50:00', '2026-04-22 17:50:00', 'SGN', 'SIN', 1, 'TB013'),
('BL42214', 'BL-A319', '2026-04-22 18:25:00', '2026-04-22 20:25:00', 'SIN', 'SGN', 1, 'TB014'),
('BL42215', 'BL-A319', '2026-04-22 20:50:00', '2026-04-23 01:50:00', 'SGN', 'ICN', 1, 'TB015'),
('BL42216', 'BL-A319', '2026-04-22 02:30:00', '2026-04-22 07:30:00', 'ICN', 'SGN', 1, 'TB016'),
('BL42217', 'BL-A319', '2026-04-22 07:55:00', '2026-04-22 13:25:00', 'SGN', 'NRT', 1, 'TB017'),
('BL42218', 'BL-A319', '2026-04-22 14:00:00', '2026-04-22 19:30:00', 'NRT', 'SGN', 1, 'TB018'),
('BL42219', 'BL-A319', '2026-04-22 20:05:00', '2026-04-23 08:05:00', 'SGN', 'CDG', 1, 'TB019'),
('BL42220', 'BL-A319', '2026-04-22 09:00:00', '2026-04-22 21:00:00', 'CDG', 'SGN', 1, 'TB020'),
('BL42305', 'BL-A319', '2026-04-23 05:20:00', '2026-04-23 06:25:00', 'SGN', 'CXR', 1, 'TB005'),
('BL42306', 'BL-A319', '2026-04-23 06:55:00', '2026-04-23 08:00:00', 'CXR', 'SGN', 1, 'TB006'),
('BL42307', 'BL-A319', '2026-04-23 08:30:00', '2026-04-23 09:30:00', 'SGN', 'PQC', 1, 'TB007'),
('BL42308', 'BL-A319', '2026-04-23 10:05:00', '2026-04-23 11:05:00', 'PQC', 'SGN', 1, 'TB008'),
('BL42311', 'BL-A319', '2026-04-23 11:40:00', '2026-04-23 13:10:00', 'SGN', 'BKK', 1, 'TB011'),
('BL42312', 'BL-A319', '2026-04-23 13:45:00', '2026-04-23 15:15:00', 'BKK', 'SGN', 1, 'TB012'),
('BL42313', 'BL-A319', '2026-04-23 15:50:00', '2026-04-23 17:50:00', 'SGN', 'SIN', 1, 'TB013'),
('BL42314', 'BL-A319', '2026-04-23 18:25:00', '2026-04-23 20:25:00', 'SIN', 'SGN', 1, 'TB014'),
('BL42315', 'BL-A319', '2026-04-23 20:50:00', '2026-04-24 01:50:00', 'SGN', 'ICN', 1, 'TB015'),
('BL42316', 'BL-A319', '2026-04-23 02:30:00', '2026-04-23 07:30:00', 'ICN', 'SGN', 1, 'TB016'),
('BL42317', 'BL-A319', '2026-04-23 07:55:00', '2026-04-23 13:25:00', 'SGN', 'NRT', 1, 'TB017'),
('BL42318', 'BL-A319', '2026-04-23 14:00:00', '2026-04-23 19:30:00', 'NRT', 'SGN', 1, 'TB018'),
('BL42319', 'BL-A319', '2026-04-23 20:05:00', '2026-04-24 08:05:00', 'SGN', 'CDG', 1, 'TB019'),
('BL42320', 'BL-A319', '2026-04-23 09:00:00', '2026-04-23 21:00:00', 'CDG', 'SGN', 1, 'TB020'),
('BL42405', 'BL-A319', '2026-04-24 05:20:00', '2026-04-24 06:25:00', 'SGN', 'CXR', 1, 'TB005'),
('BL42406', 'BL-A319', '2026-04-24 06:55:00', '2026-04-24 08:00:00', 'CXR', 'SGN', 1, 'TB006'),
('BL42407', 'BL-A319', '2026-04-24 08:30:00', '2026-04-24 09:30:00', 'SGN', 'PQC', 1, 'TB007'),
('BL42408', 'BL-A319', '2026-04-24 10:05:00', '2026-04-24 11:05:00', 'PQC', 'SGN', 1, 'TB008'),
('BL42411', 'BL-A319', '2026-04-24 11:40:00', '2026-04-24 13:10:00', 'SGN', 'BKK', 1, 'TB011'),
('BL42412', 'BL-A319', '2026-04-24 13:45:00', '2026-04-24 15:15:00', 'BKK', 'SGN', 1, 'TB012'),
('BL42413', 'BL-A319', '2026-04-24 15:50:00', '2026-04-24 17:50:00', 'SGN', 'SIN', 1, 'TB013'),
('BL42414', 'BL-A319', '2026-04-24 18:25:00', '2026-04-24 20:25:00', 'SIN', 'SGN', 1, 'TB014'),
('BL42415', 'BL-A319', '2026-04-24 20:50:00', '2026-04-25 01:50:00', 'SGN', 'ICN', 1, 'TB015'),
('BL42416', 'BL-A319', '2026-04-24 02:30:00', '2026-04-24 07:30:00', 'ICN', 'SGN', 1, 'TB016'),
('BL42417', 'BL-A319', '2026-04-24 07:55:00', '2026-04-24 13:25:00', 'SGN', 'NRT', 1, 'TB017'),
('BL42418', 'BL-A319', '2026-04-24 14:00:00', '2026-04-24 19:30:00', 'NRT', 'SGN', 1, 'TB018'),
('BL42419', 'BL-A319', '2026-04-24 20:05:00', '2026-04-25 08:05:00', 'SGN', 'CDG', 1, 'TB019'),
('BL42420', 'BL-A319', '2026-04-24 09:00:00', '2026-04-24 21:00:00', 'CDG', 'SGN', 1, 'TB020'),
('BL42505', 'BL-A319', '2026-04-25 05:20:00', '2026-04-25 06:25:00', 'SGN', 'CXR', 1, 'TB005'),
('BL42506', 'BL-A319', '2026-04-25 06:55:00', '2026-04-25 08:00:00', 'CXR', 'SGN', 1, 'TB006'),
('BL42507', 'BL-A319', '2026-04-25 08:30:00', '2026-04-25 09:30:00', 'SGN', 'PQC', 1, 'TB007'),
('BL42508', 'BL-A319', '2026-04-25 10:05:00', '2026-04-25 11:05:00', 'PQC', 'SGN', 1, 'TB008'),
('BL42511', 'BL-A319', '2026-04-25 11:40:00', '2026-04-25 13:10:00', 'SGN', 'BKK', 1, 'TB011'),
('BL42512', 'BL-A319', '2026-04-25 13:45:00', '2026-04-25 15:15:00', 'BKK', 'SGN', 1, 'TB012'),
('BL42513', 'BL-A319', '2026-04-25 15:50:00', '2026-04-25 17:50:00', 'SGN', 'SIN', 1, 'TB013'),
('BL42514', 'BL-A319', '2026-04-25 18:25:00', '2026-04-25 20:25:00', 'SIN', 'SGN', 1, 'TB014'),
('BL42515', 'BL-A319', '2026-04-25 20:50:00', '2026-04-26 01:50:00', 'SGN', 'ICN', 1, 'TB015'),
('BL42516', 'BL-A319', '2026-04-25 02:30:00', '2026-04-25 07:30:00', 'ICN', 'SGN', 1, 'TB016'),
('BL42517', 'BL-A319', '2026-04-25 07:55:00', '2026-04-25 13:25:00', 'SGN', 'NRT', 1, 'TB017'),
('BL42518', 'BL-A319', '2026-04-25 14:00:00', '2026-04-25 19:30:00', 'NRT', 'SGN', 1, 'TB018'),
('BL42519', 'BL-A319', '2026-04-25 20:05:00', '2026-04-26 08:05:00', 'SGN', 'CDG', 1, 'TB019'),
('BL42520', 'BL-A319', '2026-04-25 09:00:00', '2026-04-25 21:00:00', 'CDG', 'SGN', 1, 'TB020'),
('BL42601', 'BL-A319', '2026-04-26 05:30:00', '2026-04-26 07:30:00', 'SGN', 'HAN', 1, 'TB001'),
('BL42602', 'BL-A319', '2026-04-26 08:00:00', '2026-04-26 10:00:00', 'HAN', 'SGN', 1, 'TB002'),
('BL42603', 'BL-A319', '2026-04-26 10:30:00', '2026-04-26 12:05:00', 'SGN', 'DAD', 1, 'TB003'),
('BL42604', 'BL-A319', '2026-04-26 12:35:00', '2026-04-26 14:10:00', 'DAD', 'SGN', 1, 'TB004'),
('BL42605', 'BL-A319', '2026-04-26 14:40:00', '2026-04-26 15:45:00', 'SGN', 'CXR', 1, 'TB005'),
('BL42606', 'BL-A319', '2026-04-26 16:15:00', '2026-04-26 17:20:00', 'CXR', 'SGN', 1, 'TB006'),
('BL42607', 'BL-A319', '2026-04-26 17:50:00', '2026-04-26 18:50:00', 'SGN', 'PQC', 1, 'TB007'),
('BL42608', 'BL-A319', '2026-04-26 19:20:00', '2026-04-26 20:20:00', 'PQC', 'SGN', 1, 'TB008'),
('BL42609', 'BL-A319', '2026-04-26 20:50:00', '2026-04-26 22:15:00', 'HAN', 'DAD', 1, 'TB009'),
('BL42610', 'BL-A319', '2026-04-26 22:45:00', '2026-04-27 00:10:00', 'DAD', 'HAN', 1, 'TB010'),
('BL42611', 'BL-A319', '2026-04-26 06:00:00', '2026-04-26 07:30:00', 'SGN', 'BKK', 1, 'TB011'),
('BL42612', 'BL-A319', '2026-04-26 08:00:00', '2026-04-26 09:30:00', 'BKK', 'SGN', 1, 'TB012'),
('BL42613', 'BL-A319', '2026-04-26 10:00:00', '2026-04-26 12:00:00', 'SGN', 'SIN', 1, 'TB013'),
('BL42614', 'BL-A319', '2026-04-26 12:30:00', '2026-04-26 14:30:00', 'SIN', 'SGN', 1, 'TB014'),
('BL42615', 'BL-A319', '2026-04-26 15:00:00', '2026-04-26 20:00:00', 'SGN', 'ICN', 1, 'TB015'),
('BL42616', 'BL-A319', '2026-04-26 20:30:00', '2026-04-27 01:30:00', 'ICN', 'SGN', 1, 'TB016'),
('BL42617', 'BL-A319', '2026-04-26 20:30:00', '2026-04-27 02:00:00', 'SGN', 'NRT', 1, 'TB017'),
('BL42618', 'BL-A319', '2026-04-26 02:30:00', '2026-04-26 08:00:00', 'NRT', 'SGN', 1, 'TB018'),
('BL42619', 'BL-A319', '2026-04-26 08:30:00', '2026-04-26 20:30:00', 'SGN', 'CDG', 1, 'TB019'),
('BL42620', 'BL-A319', '2026-04-26 21:00:00', '2026-04-27 09:00:00', 'CDG', 'SGN', 1, 'TB020'),
('BL42701', 'BL-A319', '2026-04-27 05:30:00', '2026-04-27 07:30:00', 'SGN', 'HAN', 1, 'TB001'),
('BL42702', 'BL-A319', '2026-04-27 08:00:00', '2026-04-27 10:00:00', 'HAN', 'SGN', 1, 'TB002'),
('BL42703', 'BL-A319', '2026-04-27 10:30:00', '2026-04-27 12:05:00', 'SGN', 'DAD', 1, 'TB003'),
('BL42704', 'BL-A319', '2026-04-27 12:35:00', '2026-04-27 14:10:00', 'DAD', 'SGN', 1, 'TB004'),
('BL42705', 'BL-A319', '2026-04-27 14:40:00', '2026-04-27 15:45:00', 'SGN', 'CXR', 1, 'TB005'),
('BL42706', 'BL-A319', '2026-04-27 16:15:00', '2026-04-27 17:20:00', 'CXR', 'SGN', 1, 'TB006'),
('BL42707', 'BL-A319', '2026-04-27 17:50:00', '2026-04-27 18:50:00', 'SGN', 'PQC', 1, 'TB007'),
('BL42708', 'BL-A319', '2026-04-27 19:20:00', '2026-04-27 20:20:00', 'PQC', 'SGN', 1, 'TB008'),
('BL42709', 'BL-A319', '2026-04-27 20:50:00', '2026-04-27 22:15:00', 'HAN', 'DAD', 1, 'TB009'),
('BL42710', 'BL-A319', '2026-04-27 22:45:00', '2026-04-28 00:10:00', 'DAD', 'HAN', 1, 'TB010'),
('BL42711', 'BL-A319', '2026-04-27 06:00:00', '2026-04-27 07:30:00', 'SGN', 'BKK', 1, 'TB011'),
('BL42712', 'BL-A319', '2026-04-27 08:00:00', '2026-04-27 09:30:00', 'BKK', 'SGN', 1, 'TB012'),
('BL42713', 'BL-A319', '2026-04-27 10:00:00', '2026-04-27 12:00:00', 'SGN', 'SIN', 1, 'TB013'),
('BL42714', 'BL-A319', '2026-04-27 12:30:00', '2026-04-27 14:30:00', 'SIN', 'SGN', 1, 'TB014'),
('BL42715', 'BL-A319', '2026-04-27 15:00:00', '2026-04-27 20:00:00', 'SGN', 'ICN', 1, 'TB015'),
('BL42716', 'BL-A319', '2026-04-27 20:30:00', '2026-04-28 01:30:00', 'ICN', 'SGN', 1, 'TB016'),
('BL42717', 'BL-A319', '2026-04-27 20:30:00', '2026-04-28 02:00:00', 'SGN', 'NRT', 1, 'TB017'),
('BL42718', 'BL-A319', '2026-04-27 02:30:00', '2026-04-27 08:00:00', 'NRT', 'SGN', 1, 'TB018'),
('BL42719', 'BL-A319', '2026-04-27 08:30:00', '2026-04-27 20:30:00', 'SGN', 'CDG', 1, 'TB019'),
('BL42720', 'BL-A319', '2026-04-27 21:00:00', '2026-04-28 09:00:00', 'CDG', 'SGN', 1, 'TB020'),
('BL42801', 'BL-A319', '2026-04-28 05:30:00', '2026-04-28 07:30:00', 'SGN', 'HAN', 1, 'TB001'),
('BL42802', 'BL-A319', '2026-04-28 08:00:00', '2026-04-28 10:00:00', 'HAN', 'SGN', 1, 'TB002'),
('BL42803', 'BL-A319', '2026-04-28 10:30:00', '2026-04-28 12:05:00', 'SGN', 'DAD', 1, 'TB003'),
('BL42804', 'BL-A319', '2026-04-28 12:35:00', '2026-04-28 14:10:00', 'DAD', 'SGN', 1, 'TB004'),
('BL42805', 'BL-A319', '2026-04-28 14:40:00', '2026-04-28 15:45:00', 'SGN', 'CXR', 1, 'TB005'),
('BL42806', 'BL-A319', '2026-04-28 16:15:00', '2026-04-28 17:20:00', 'CXR', 'SGN', 1, 'TB006'),
('BL42807', 'BL-A319', '2026-04-28 17:50:00', '2026-04-28 18:50:00', 'SGN', 'PQC', 1, 'TB007'),
('BL42808', 'BL-A319', '2026-04-28 19:20:00', '2026-04-28 20:20:00', 'PQC', 'SGN', 1, 'TB008'),
('BL42809', 'BL-A319', '2026-04-28 20:50:00', '2026-04-28 22:15:00', 'HAN', 'DAD', 1, 'TB009'),
('BL42810', 'BL-A319', '2026-04-28 22:45:00', '2026-04-29 00:10:00', 'DAD', 'HAN', 1, 'TB010'),
('BL42811', 'BL-A319', '2026-04-28 06:00:00', '2026-04-28 07:30:00', 'SGN', 'BKK', 1, 'TB011'),
('BL42812', 'BL-A319', '2026-04-28 08:00:00', '2026-04-28 09:30:00', 'BKK', 'SGN', 1, 'TB012'),
('BL42813', 'BL-A319', '2026-04-28 10:00:00', '2026-04-28 12:00:00', 'SGN', 'SIN', 1, 'TB013'),
('BL42814', 'BL-A319', '2026-04-28 12:30:00', '2026-04-28 14:30:00', 'SIN', 'SGN', 1, 'TB014'),
('BL42815', 'BL-A319', '2026-04-28 15:00:00', '2026-04-28 20:00:00', 'SGN', 'ICN', 1, 'TB015'),
('BL42816', 'BL-A319', '2026-04-28 20:30:00', '2026-04-29 01:30:00', 'ICN', 'SGN', 1, 'TB016'),
('BL42817', 'BL-A319', '2026-04-28 20:30:00', '2026-04-29 02:00:00', 'SGN', 'NRT', 1, 'TB017'),
('BL42818', 'BL-A319', '2026-04-28 02:30:00', '2026-04-28 08:00:00', 'NRT', 'SGN', 1, 'TB018'),
('BL42819', 'BL-A319', '2026-04-28 08:30:00', '2026-04-28 20:30:00', 'SGN', 'CDG', 1, 'TB019'),
('BL42820', 'BL-A319', '2026-04-28 21:00:00', '2026-04-29 09:00:00', 'CDG', 'SGN', 1, 'TB020'),
('BL42901', 'BL-A319', '2026-04-29 05:20:00', '2026-04-29 07:20:00', 'SGN', 'HAN', 1, 'TB001'),
('BL42903', 'BL-A319', '2026-04-29 09:10:00', '2026-04-29 10:45:00', 'SGN', 'DAD', 1, 'TB003'),
('BL42905', 'BL-A319', '2026-04-29 12:40:00', '2026-04-29 13:50:00', 'SGN', 'CXR', 1, 'TB005'),
('BL42907', 'BL-A319', '2026-04-29 15:40:00', '2026-04-29 16:40:00', 'SGN', 'PQC', 1, 'TB007'),
('BL42909', 'BL-A319', '2026-04-29 18:40:00', '2026-04-29 20:00:00', 'HAN', 'DAD', 1, 'TB009'),
('BL42911', 'BL-A319', '2026-04-29 07:50:00', '2026-04-29 09:20:00', 'SGN', 'BKK', 1, 'TB011'),
('BL42913', 'BL-A319', '2026-04-29 11:20:00', '2026-04-29 13:20:00', 'SGN', 'SIN', 1, 'TB013'),
('BL42915', 'BL-A319', '2026-04-29 16:50:00', '2026-04-29 21:50:00', 'SGN', 'ICN', 1, 'TB015'),
('BL42917', 'BL-A319', '2026-04-29 22:40:00', '2026-04-30 04:40:00', 'SGN', 'NRT', 1, 'TB017'),
('BL42919', 'BL-A319', '2026-04-29 23:50:00', '2026-04-30 11:50:00', 'SGN', 'CDG', 1, 'TB019'),
('BL43001', 'BL-A319', '2026-04-30 05:30:00', '2026-04-30 07:30:00', 'SGN', 'HAN', 1, 'TB001'),
('BL43002', 'BL-A319', '2026-04-30 08:00:00', '2026-04-30 10:00:00', 'HAN', 'SGN', 1, 'TB002'),
('BL43003', 'BL-A319', '2026-04-30 10:30:00', '2026-04-30 12:05:00', 'SGN', 'DAD', 1, 'TB003'),
('BL43004', 'BL-A319', '2026-04-30 12:35:00', '2026-04-30 14:10:00', 'DAD', 'SGN', 1, 'TB004'),
('BL43005', 'BL-A319', '2026-04-30 14:40:00', '2026-04-30 15:45:00', 'SGN', 'CXR', 1, 'TB005'),
('BL43006', 'BL-A319', '2026-04-30 16:15:00', '2026-04-30 17:20:00', 'CXR', 'SGN', 1, 'TB006'),
('BL43007', 'BL-A319', '2026-04-30 17:50:00', '2026-04-30 18:50:00', 'SGN', 'PQC', 1, 'TB007'),
('BL43008', 'BL-A319', '2026-04-30 19:20:00', '2026-04-30 20:20:00', 'PQC', 'SGN', 1, 'TB008'),
('BL43009', 'BL-A319', '2026-04-30 20:50:00', '2026-04-30 22:15:00', 'HAN', 'DAD', 1, 'TB009'),
('BL43010', 'BL-A319', '2026-04-30 22:45:00', '2026-05-01 00:10:00', 'DAD', 'HAN', 1, 'TB010'),
('BL50201', 'BL-A319', '2026-05-02 05:30:00', '2026-05-02 07:30:00', 'SGN', 'HAN', 1, 'TB001'),
('BL50202', 'BL-A319', '2026-05-02 08:00:00', '2026-05-02 10:00:00', 'HAN', 'SGN', 1, 'TB002'),
('BL50203', 'BL-A319', '2026-05-02 10:30:00', '2026-05-02 12:05:00', 'SGN', 'DAD', 1, 'TB003'),
('BL50204', 'BL-A319', '2026-05-02 12:35:00', '2026-05-02 14:10:00', 'DAD', 'SGN', 1, 'TB004'),
('BL50205', 'BL-A319', '2026-05-02 14:40:00', '2026-05-02 15:45:00', 'SGN', 'CXR', 1, 'TB005'),
('BL50206', 'BL-A319', '2026-05-02 16:15:00', '2026-05-02 17:20:00', 'CXR', 'SGN', 1, 'TB006'),
('BL50207', 'BL-A319', '2026-05-02 17:50:00', '2026-05-02 18:50:00', 'SGN', 'PQC', 1, 'TB007'),
('BL50208', 'BL-A319', '2026-05-02 19:20:00', '2026-05-02 20:20:00', 'PQC', 'SGN', 1, 'TB008'),
('BL50209', 'BL-A319', '2026-05-02 20:50:00', '2026-05-02 22:15:00', 'HAN', 'DAD', 1, 'TB009'),
('BL50210', 'BL-A319', '2026-05-02 22:45:00', '2026-05-03 00:10:00', 'DAD', 'HAN', 1, 'TB010'),
('BL50211', 'BL-A319', '2026-05-02 06:00:00', '2026-05-02 07:30:00', 'SGN', 'BKK', 1, 'TB011'),
('BL50212', 'BL-A319', '2026-05-02 08:00:00', '2026-05-02 09:30:00', 'BKK', 'SGN', 1, 'TB012'),
('BL50213', 'BL-A319', '2026-05-02 10:00:00', '2026-05-02 12:00:00', 'SGN', 'SIN', 1, 'TB013'),
('BL50214', 'BL-A319', '2026-05-02 12:30:00', '2026-05-02 14:30:00', 'SIN', 'SGN', 1, 'TB014'),
('BL50215', 'BL-A319', '2026-05-02 15:00:00', '2026-05-02 20:00:00', 'SGN', 'ICN', 1, 'TB015'),
('BL50216', 'BL-A319', '2026-05-02 20:30:00', '2026-05-03 01:30:00', 'ICN', 'SGN', 1, 'TB016'),
('BL50217', 'BL-A319', '2026-05-02 20:30:00', '2026-05-03 02:00:00', 'SGN', 'NRT', 1, 'TB017'),
('BL50218', 'BL-A319', '2026-05-02 02:30:00', '2026-05-02 08:00:00', 'NRT', 'SGN', 1, 'TB018'),
('BL50219', 'BL-A319', '2026-05-02 08:30:00', '2026-05-02 20:30:00', 'SGN', 'CDG', 1, 'TB019'),
('BL50220', 'BL-A319', '2026-05-02 21:00:00', '2026-05-03 09:00:00', 'CDG', 'SGN', 1, 'TB020'),
('BL50301', 'BL-A319', '2026-05-03 05:30:00', '2026-05-03 07:30:00', 'SGN', 'HAN', 1, 'TB001'),
('BL50302', 'BL-A319', '2026-05-03 08:00:00', '2026-05-03 10:00:00', 'HAN', 'SGN', 1, 'TB002'),
('BL50303', 'BL-A319', '2026-05-03 10:30:00', '2026-05-03 12:05:00', 'SGN', 'DAD', 1, 'TB003'),
('BL50304', 'BL-A319', '2026-05-03 12:35:00', '2026-05-03 14:10:00', 'DAD', 'SGN', 1, 'TB004'),
('BL50305', 'BL-A319', '2026-05-03 14:40:00', '2026-05-03 15:45:00', 'SGN', 'CXR', 1, 'TB005'),
('BL50306', 'BL-A319', '2026-05-03 16:15:00', '2026-05-03 17:20:00', 'CXR', 'SGN', 1, 'TB006'),
('BL50307', 'BL-A319', '2026-05-03 17:50:00', '2026-05-03 18:50:00', 'SGN', 'PQC', 1, 'TB007'),
('BL50308', 'BL-A319', '2026-05-03 19:20:00', '2026-05-03 20:20:00', 'PQC', 'SGN', 1, 'TB008'),
('BL50309', 'BL-A319', '2026-05-03 20:50:00', '2026-05-03 22:15:00', 'HAN', 'DAD', 1, 'TB009'),
('BL50310', 'BL-A319', '2026-05-03 22:45:00', '2026-05-04 00:10:00', 'DAD', 'HAN', 1, 'TB010'),
('BL50311', 'BL-A319', '2026-05-03 06:00:00', '2026-05-03 07:30:00', 'SGN', 'BKK', 1, 'TB011'),
('BL50312', 'BL-A319', '2026-05-03 08:00:00', '2026-05-03 09:30:00', 'BKK', 'SGN', 1, 'TB012'),
('BL50313', 'BL-A319', '2026-05-03 10:00:00', '2026-05-03 12:00:00', 'SGN', 'SIN', 1, 'TB013'),
('BL50314', 'BL-A319', '2026-05-03 12:30:00', '2026-05-03 14:30:00', 'SIN', 'SGN', 1, 'TB014'),
('BL50315', 'BL-A319', '2026-05-03 15:00:00', '2026-05-03 20:00:00', 'SGN', 'ICN', 1, 'TB015'),
('BL50316', 'BL-A319', '2026-05-03 20:30:00', '2026-05-04 01:30:00', 'ICN', 'SGN', 1, 'TB016'),
('BL50317', 'BL-A319', '2026-05-03 20:30:00', '2026-05-04 02:00:00', 'SGN', 'NRT', 1, 'TB017'),
('BL50318', 'BL-A319', '2026-05-03 02:30:00', '2026-05-03 08:00:00', 'NRT', 'SGN', 1, 'TB018'),
('BL50319', 'BL-A319', '2026-05-03 08:30:00', '2026-05-03 20:30:00', 'SGN', 'CDG', 1, 'TB019'),
('BL50320', 'BL-A319', '2026-05-03 21:00:00', '2026-05-04 09:00:00', 'CDG', 'SGN', 1, 'TB020'),
('BL50401', 'BL-A319', '2026-05-04 05:30:00', '2026-05-04 07:30:00', 'SGN', 'HAN', 1, 'TB001'),
('BL50402', 'BL-A319', '2026-05-04 08:00:00', '2026-05-04 10:00:00', 'HAN', 'SGN', 1, 'TB002'),
('BL50403', 'BL-A319', '2026-05-04 10:30:00', '2026-05-04 12:05:00', 'SGN', 'DAD', 1, 'TB003'),
('BL50404', 'BL-A319', '2026-05-04 12:35:00', '2026-05-04 14:10:00', 'DAD', 'SGN', 1, 'TB004'),
('BL50405', 'BL-A319', '2026-05-04 14:40:00', '2026-05-04 15:45:00', 'SGN', 'CXR', 1, 'TB005'),
('BL50406', 'BL-A319', '2026-05-04 16:15:00', '2026-05-04 17:20:00', 'CXR', 'SGN', 1, 'TB006'),
('BL50407', 'BL-A319', '2026-05-04 17:50:00', '2026-05-04 18:50:00', 'SGN', 'PQC', 1, 'TB007'),
('BL50408', 'BL-A319', '2026-05-04 19:20:00', '2026-05-04 20:20:00', 'PQC', 'SGN', 1, 'TB008'),
('BL50409', 'BL-A319', '2026-05-04 20:50:00', '2026-05-04 22:15:00', 'HAN', 'DAD', 1, 'TB009'),
('BL50410', 'BL-A319', '2026-05-04 22:45:00', '2026-05-05 00:10:00', 'DAD', 'HAN', 1, 'TB010'),
('BL50411', 'BL-A319', '2026-05-04 06:00:00', '2026-05-04 07:30:00', 'SGN', 'BKK', 1, 'TB011'),
('BL50412', 'BL-A319', '2026-05-04 08:00:00', '2026-05-04 09:30:00', 'BKK', 'SGN', 1, 'TB012'),
('BL50413', 'BL-A319', '2026-05-04 10:00:00', '2026-05-04 12:00:00', 'SGN', 'SIN', 1, 'TB013'),
('BL50414', 'BL-A319', '2026-05-04 12:30:00', '2026-05-04 14:30:00', 'SIN', 'SGN', 1, 'TB014'),
('BL50415', 'BL-A319', '2026-05-04 15:00:00', '2026-05-04 20:00:00', 'SGN', 'ICN', 1, 'TB015'),
('BL50416', 'BL-A319', '2026-05-04 20:30:00', '2026-05-05 01:30:00', 'ICN', 'SGN', 1, 'TB016'),
('BL50417', 'BL-A319', '2026-05-04 20:30:00', '2026-05-05 02:00:00', 'SGN', 'NRT', 1, 'TB017'),
('BL50418', 'BL-A319', '2026-05-04 02:30:00', '2026-05-04 08:00:00', 'NRT', 'SGN', 1, 'TB018'),
('BL50419', 'BL-A319', '2026-05-04 08:30:00', '2026-05-04 20:30:00', 'SGN', 'CDG', 1, 'TB019'),
('BL50420', 'BL-A319', '2026-05-04 21:00:00', '2026-05-05 09:00:00', 'CDG', 'SGN', 1, 'TB020'),
('BL50501', 'BL-A319', '2026-05-05 05:30:00', '2026-05-05 07:30:00', 'SGN', 'HAN', 1, 'TB001'),
('BL50502', 'BL-A319', '2026-05-05 08:00:00', '2026-05-05 10:00:00', 'HAN', 'SGN', 1, 'TB002'),
('BL50503', 'BL-A319', '2026-05-05 10:30:00', '2026-05-05 12:05:00', 'SGN', 'DAD', 1, 'TB003'),
('BL50504', 'BL-A319', '2026-05-05 12:35:00', '2026-05-05 14:10:00', 'DAD', 'SGN', 1, 'TB004'),
('BL50505', 'BL-A319', '2026-05-05 14:40:00', '2026-05-05 15:45:00', 'SGN', 'CXR', 1, 'TB005'),
('BL50506', 'BL-A319', '2026-05-05 16:15:00', '2026-05-05 17:20:00', 'CXR', 'SGN', 1, 'TB006'),
('BL50507', 'BL-A319', '2026-05-05 17:50:00', '2026-05-05 18:50:00', 'SGN', 'PQC', 1, 'TB007'),
('BL50508', 'BL-A319', '2026-05-05 19:20:00', '2026-05-05 20:20:00', 'PQC', 'SGN', 1, 'TB008'),
('BL50509', 'BL-A319', '2026-05-05 20:50:00', '2026-05-05 22:15:00', 'HAN', 'DAD', 1, 'TB009'),
('BL50510', 'BL-A319', '2026-05-05 22:45:00', '2026-05-06 00:10:00', 'DAD', 'HAN', 1, 'TB010'),
('BL50511', 'BL-A319', '2026-05-05 06:00:00', '2026-05-05 07:30:00', 'SGN', 'BKK', 1, 'TB011'),
('BL50512', 'BL-A319', '2026-05-05 08:00:00', '2026-05-05 09:30:00', 'BKK', 'SGN', 1, 'TB012'),
('BL50513', 'BL-A319', '2026-05-05 10:00:00', '2026-05-05 12:00:00', 'SGN', 'SIN', 1, 'TB013'),
('BL50514', 'BL-A319', '2026-05-05 12:30:00', '2026-05-05 14:30:00', 'SIN', 'SGN', 1, 'TB014'),
('BL50515', 'BL-A319', '2026-05-05 15:00:00', '2026-05-05 20:00:00', 'SGN', 'ICN', 1, 'TB015'),
('BL50516', 'BL-A319', '2026-05-05 20:30:00', '2026-05-06 01:30:00', 'ICN', 'SGN', 1, 'TB016'),
('BL50517', 'BL-A319', '2026-05-05 20:30:00', '2026-05-06 02:00:00', 'SGN', 'NRT', 1, 'TB017'),
('BL50518', 'BL-A319', '2026-05-05 02:30:00', '2026-05-05 08:00:00', 'NRT', 'SGN', 1, 'TB018'),
('BL50519', 'BL-A319', '2026-05-05 08:30:00', '2026-05-05 20:30:00', 'SGN', 'CDG', 1, 'TB019'),
('BL50520', 'BL-A319', '2026-05-05 21:00:00', '2026-05-06 09:00:00', 'CDG', 'SGN', 1, 'TB020'),
('CHTRA', 'QH-B787', '2026-06-12 08:52:00', '2026-06-12 10:27:00', NULL, NULL, 1, 'TB003'),
('CT25255', 'BL-A319', '2026-05-08 07:54:00', '2026-05-08 09:54:00', NULL, NULL, 1, 'TB013'),
('QH040101', 'QH-B787', '2026-04-01 06:30:00', '2026-04-01 08:05:00', 'SGN', 'DAD', 4, 'TB003'),
('QH040102', 'QH-B787', '2026-04-01 09:20:00', '2026-04-01 10:55:00', 'DAD', 'SGN', 4, 'TB004'),
('QH040103', 'QH-B787', '2026-04-01 13:30:00', '2026-04-01 15:00:00', 'SGN', 'BKK', 4, 'TB011'),
('QH040104', 'QH-B787', '2026-04-01 16:30:00', '2026-04-01 18:00:00', 'BKK', 'SGN', 4, 'TB012'),
('QH040201', 'QH-B787', '2026-04-02 06:30:00', '2026-04-02 08:05:00', 'SGN', 'DAD', 4, 'TB003'),
('QH040202', 'QH-B787', '2026-04-02 09:20:00', '2026-04-02 10:55:00', 'DAD', 'SGN', 4, 'TB004'),
('QH040203', 'QH-B787', '2026-04-02 13:30:00', '2026-04-02 15:00:00', 'SGN', 'BKK', 4, 'TB011'),
('QH040204', 'QH-B787', '2026-04-02 16:30:00', '2026-04-02 18:00:00', 'BKK', 'SGN', 4, 'TB012');
INSERT INTO `chuyenbay` (`MACHUYENBAY`, `MAMAYBAY`, `THOIGIANDI`, `THOIGIANDEN`, `MASANBAYDI`, `MASANBAYDEN`, `TRANGTHAI_CB`, `MATUYEN`) VALUES
('QH040301', 'QH-B787', '2026-04-03 06:30:00', '2026-04-03 08:05:00', 'SGN', 'DAD', 4, 'TB003'),
('QH040302', 'QH-B787', '2026-04-03 09:20:00', '2026-04-03 10:55:00', 'DAD', 'SGN', 4, 'TB004'),
('QH040303', 'QH-B787', '2026-04-03 13:30:00', '2026-04-03 15:00:00', 'SGN', 'BKK', 4, 'TB011'),
('QH040304', 'QH-B787', '2026-04-03 16:30:00', '2026-04-03 18:00:00', 'BKK', 'SGN', 4, 'TB012'),
('QH040401', 'QH-B787', '2026-04-04 06:30:00', '2026-04-04 08:05:00', 'SGN', 'DAD', 4, 'TB003'),
('QH040402', 'QH-B787', '2026-04-04 09:20:00', '2026-04-04 10:55:00', 'DAD', 'SGN', 4, 'TB004'),
('QH040403', 'QH-B787', '2026-04-04 13:30:00', '2026-04-04 15:00:00', 'SGN', 'BKK', 4, 'TB011'),
('QH040404', 'QH-B787', '2026-04-04 16:30:00', '2026-04-04 18:00:00', 'BKK', 'SGN', 4, 'TB012'),
('QH040501', 'QH-B787', '2026-04-05 06:30:00', '2026-04-05 08:05:00', 'SGN', 'DAD', 4, 'TB003'),
('QH040502', 'QH-B787', '2026-04-05 09:20:00', '2026-04-05 10:55:00', 'DAD', 'SGN', 4, 'TB004'),
('QH040503', 'QH-B787', '2026-04-05 13:30:00', '2026-04-05 15:00:00', 'SGN', 'BKK', 4, 'TB011'),
('QH040504', 'QH-B787', '2026-04-05 16:30:00', '2026-04-05 18:00:00', 'BKK', 'SGN', 4, 'TB012'),
('QH040601', 'QH-B787', '2026-04-06 06:30:00', '2026-04-06 08:05:00', 'SGN', 'DAD', 4, 'TB003'),
('QH040602', 'QH-B787', '2026-04-06 09:20:00', '2026-04-06 10:55:00', 'DAD', 'SGN', 4, 'TB004'),
('QH040603', 'QH-B787', '2026-04-06 13:30:00', '2026-04-06 15:00:00', 'SGN', 'BKK', 4, 'TB011'),
('QH040604', 'QH-B787', '2026-04-06 16:30:00', '2026-04-06 18:00:00', 'BKK', 'SGN', 4, 'TB012'),
('QH040701', 'QH-B787', '2026-04-07 06:30:00', '2026-04-07 08:05:00', 'SGN', 'DAD', 4, 'TB003'),
('QH040702', 'QH-B787', '2026-04-07 09:20:00', '2026-04-07 10:55:00', 'DAD', 'SGN', 4, 'TB004'),
('QH040703', 'QH-B787', '2026-04-07 13:30:00', '2026-04-07 15:00:00', 'SGN', 'BKK', 4, 'TB011'),
('QH040704', 'QH-B787', '2026-04-07 16:30:00', '2026-04-07 18:00:00', 'BKK', 'SGN', 4, 'TB012'),
('QH040801', 'QH-B787', '2026-04-08 06:30:00', '2026-04-08 08:05:00', 'SGN', 'DAD', 4, 'TB003'),
('QH040802', 'QH-B787', '2026-04-08 09:20:00', '2026-04-08 10:55:00', 'DAD', 'SGN', 2, 'TB004'),
('QH040803', 'QH-B787', '2026-04-08 13:30:00', '2026-04-08 15:00:00', 'SGN', 'BKK', 1, 'TB011'),
('QH040804', 'QH-B787', '2026-04-08 16:30:00', '2026-04-08 18:00:00', 'BKK', 'SGN', 1, 'TB012'),
('QH040901', 'QH-B787', '2026-04-09 06:30:00', '2026-04-09 08:05:00', 'SGN', 'DAD', 1, 'TB003'),
('QH040902', 'QH-B787', '2026-04-09 09:20:00', '2026-04-09 10:55:00', 'DAD', 'SGN', 1, 'TB004'),
('QH040903', 'QH-B787', '2026-04-09 13:30:00', '2026-04-09 15:00:00', 'SGN', 'BKK', 1, 'TB011'),
('QH040904', 'QH-B787', '2026-04-09 16:30:00', '2026-04-09 18:00:00', 'BKK', 'SGN', 1, 'TB012'),
('QH041001', 'QH-B787', '2026-04-10 06:30:00', '2026-04-10 08:05:00', 'SGN', 'DAD', 1, 'TB003'),
('QH041002', 'QH-B787', '2026-04-10 09:20:00', '2026-04-10 10:55:00', 'DAD', 'SGN', 1, 'TB004'),
('QH041003', 'QH-B787', '2026-04-10 13:30:00', '2026-04-10 15:00:00', 'SGN', 'BKK', 1, 'TB011'),
('QH041004', 'QH-B787', '2026-04-10 16:30:00', '2026-04-10 18:00:00', 'BKK', 'SGN', 1, 'TB012'),
('QH041101', 'QH-B787', '2026-04-11 06:30:00', '2026-04-11 08:05:00', 'SGN', 'DAD', 1, 'TB003'),
('QH041102', 'QH-B787', '2026-04-11 09:20:00', '2026-04-11 10:55:00', 'DAD', 'SGN', 1, 'TB004'),
('QH041103', 'QH-B787', '2026-04-11 13:30:00', '2026-04-11 15:00:00', 'SGN', 'BKK', 1, 'TB011'),
('QH041104', 'QH-B787', '2026-04-11 16:30:00', '2026-04-11 18:00:00', 'BKK', 'SGN', 1, 'TB012'),
('QH041201', 'QH-B787', '2026-04-12 06:30:00', '2026-04-12 08:05:00', 'SGN', 'DAD', 1, 'TB003'),
('QH041202', 'QH-B787', '2026-04-12 09:20:00', '2026-04-12 10:55:00', 'DAD', 'SGN', 1, 'TB004'),
('QH041203', 'QH-B787', '2026-04-12 13:30:00', '2026-04-12 15:00:00', 'SGN', 'BKK', 1, 'TB011'),
('QH041204', 'QH-B787', '2026-04-12 16:30:00', '2026-04-12 18:00:00', 'BKK', 'SGN', 1, 'TB012'),
('QH041301', 'QH-B787', '2026-04-13 06:30:00', '2026-04-13 08:05:00', 'SGN', 'DAD', 1, 'TB003'),
('QH041302', 'QH-B787', '2026-04-13 09:20:00', '2026-04-13 10:55:00', 'DAD', 'SGN', 1, 'TB004'),
('QH041303', 'QH-B787', '2026-04-13 13:30:00', '2026-04-13 15:00:00', 'SGN', 'BKK', 1, 'TB011'),
('QH041304', 'QH-B787', '2026-04-13 16:30:00', '2026-04-13 18:00:00', 'BKK', 'SGN', 1, 'TB012'),
('QH041401', 'QH-B787', '2026-04-14 06:30:00', '2026-04-14 08:05:00', 'SGN', 'DAD', 1, 'TB003'),
('QH041402', 'QH-B787', '2026-04-14 09:20:00', '2026-04-14 10:55:00', 'DAD', 'SGN', 1, 'TB004'),
('QH041403', 'QH-B787', '2026-04-14 13:30:00', '2026-04-14 15:00:00', 'SGN', 'BKK', 1, 'TB011'),
('QH041404', 'QH-B787', '2026-04-14 16:30:00', '2026-04-14 18:00:00', 'BKK', 'SGN', 1, 'TB012'),
('QH041501', 'QH-B787', '2026-04-15 06:30:00', '2026-04-15 08:05:00', 'SGN', 'DAD', 1, 'TB003'),
('QH041502', 'QH-B787', '2026-04-15 09:20:00', '2026-04-15 10:55:00', 'DAD', 'SGN', 1, 'TB004'),
('QH041503', 'QH-B787', '2026-04-15 13:30:00', '2026-04-15 15:00:00', 'SGN', 'BKK', 1, 'TB011'),
('QH041504', 'QH-B787', '2026-04-15 16:30:00', '2026-04-15 18:00:00', 'BKK', 'SGN', 1, 'TB012'),
('QH041601', 'QH-B787', '2026-04-16 06:30:00', '2026-04-16 08:05:00', 'SGN', 'DAD', 1, 'TB003'),
('QH041602', 'QH-B787', '2026-04-16 09:20:00', '2026-04-16 10:55:00', 'DAD', 'SGN', 1, 'TB004'),
('QH041603', 'QH-B787', '2026-04-16 13:30:00', '2026-04-16 15:00:00', 'SGN', 'BKK', 1, 'TB011'),
('QH041604', 'QH-B787', '2026-04-16 16:30:00', '2026-04-16 18:00:00', 'BKK', 'SGN', 1, 'TB012'),
('QH041701', 'QH-B787', '2026-04-17 06:30:00', '2026-04-17 08:05:00', 'SGN', 'DAD', 1, 'TB003'),
('QH041702', 'QH-B787', '2026-04-17 09:20:00', '2026-04-17 10:55:00', 'DAD', 'SGN', 1, 'TB004'),
('QH041703', 'QH-B787', '2026-04-17 13:30:00', '2026-04-17 15:00:00', 'SGN', 'BKK', 1, 'TB011'),
('QH041704', 'QH-B787', '2026-04-17 16:30:00', '2026-04-17 18:00:00', 'BKK', 'SGN', 1, 'TB012'),
('QH041801', 'QH-B787', '2026-04-18 06:30:00', '2026-04-18 08:05:00', 'SGN', 'DAD', 1, 'TB003'),
('QH041802', 'QH-B787', '2026-04-18 09:20:00', '2026-04-18 10:55:00', 'DAD', 'SGN', 1, 'TB004'),
('QH041803', 'QH-B787', '2026-04-18 13:30:00', '2026-04-18 15:00:00', 'SGN', 'BKK', 1, 'TB011'),
('QH041804', 'QH-B787', '2026-04-18 16:30:00', '2026-04-18 18:00:00', 'BKK', 'SGN', 1, 'TB012'),
('QH041901', 'QH-B787', '2026-04-19 06:30:00', '2026-04-19 08:05:00', 'SGN', 'DAD', 1, 'TB003'),
('QH041902', 'QH-B787', '2026-04-19 09:20:00', '2026-04-19 10:55:00', 'DAD', 'SGN', 1, 'TB004'),
('QH041903', 'QH-B787', '2026-04-19 13:30:00', '2026-04-19 15:00:00', 'SGN', 'BKK', 1, 'TB011'),
('QH041904', 'QH-B787', '2026-04-19 16:30:00', '2026-04-19 18:00:00', 'BKK', 'SGN', 1, 'TB012'),
('QH042001', 'QH-B787', '2026-04-20 06:30:00', '2026-04-20 08:05:00', 'SGN', 'DAD', 1, 'TB003'),
('QH042002', 'QH-B787', '2026-04-20 09:20:00', '2026-04-20 10:55:00', 'DAD', 'SGN', 1, 'TB004'),
('QH042003', 'QH-B787', '2026-04-20 13:30:00', '2026-04-20 15:00:00', 'SGN', 'BKK', 1, 'TB011'),
('QH042004', 'QH-B787', '2026-04-20 16:30:00', '2026-04-20 18:00:00', 'BKK', 'SGN', 1, 'TB012'),
('QH042101', 'QH-B787', '2026-04-21 06:30:00', '2026-04-21 08:05:00', 'SGN', 'DAD', 1, 'TB003'),
('QH042102', 'QH-B787', '2026-04-21 09:20:00', '2026-04-21 10:55:00', 'DAD', 'SGN', 1, 'TB004'),
('QH042103', 'QH-B787', '2026-04-21 13:30:00', '2026-04-21 15:00:00', 'SGN', 'BKK', 1, 'TB011'),
('QH042104', 'QH-B787', '2026-04-21 16:30:00', '2026-04-21 18:00:00', 'BKK', 'SGN', 1, 'TB012'),
('QH042201', 'QH-B787', '2026-04-22 06:30:00', '2026-04-22 08:05:00', 'SGN', 'DAD', 1, 'TB003'),
('QH042202', 'QH-B787', '2026-04-22 09:20:00', '2026-04-22 10:55:00', 'DAD', 'SGN', 1, 'TB004'),
('QH042203', 'QH-B787', '2026-04-22 13:30:00', '2026-04-22 15:00:00', 'SGN', 'BKK', 1, 'TB011'),
('QH042204', 'QH-B787', '2026-04-22 16:30:00', '2026-04-22 18:00:00', 'BKK', 'SGN', 1, 'TB012'),
('QH042301', 'QH-B787', '2026-04-23 06:30:00', '2026-04-23 08:05:00', 'SGN', 'DAD', 1, 'TB003'),
('QH042302', 'QH-B787', '2026-04-23 09:20:00', '2026-04-23 10:55:00', 'DAD', 'SGN', 1, 'TB004'),
('QH042303', 'QH-B787', '2026-04-23 13:30:00', '2026-04-23 15:00:00', 'SGN', 'BKK', 1, 'TB011'),
('QH042304', 'QH-B787', '2026-04-23 16:30:00', '2026-04-23 18:00:00', 'BKK', 'SGN', 1, 'TB012'),
('QH042401', 'QH-B787', '2026-04-24 06:30:00', '2026-04-24 08:05:00', 'SGN', 'DAD', 1, 'TB003'),
('QH042402', 'QH-B787', '2026-04-24 09:20:00', '2026-04-24 10:55:00', 'DAD', 'SGN', 1, 'TB004'),
('QH042403', 'QH-B787', '2026-04-24 13:30:00', '2026-04-24 15:00:00', 'SGN', 'BKK', 1, 'TB011'),
('QH042404', 'QH-B787', '2026-04-24 16:30:00', '2026-04-24 18:00:00', 'BKK', 'SGN', 1, 'TB012'),
('QH042501', 'QH-B787', '2026-04-25 06:30:00', '2026-04-25 08:05:00', 'SGN', 'DAD', 1, 'TB003'),
('QH042502', 'QH-B787', '2026-04-25 09:20:00', '2026-04-25 10:55:00', 'DAD', 'SGN', 1, 'TB004'),
('QH042503', 'QH-B787', '2026-04-25 13:30:00', '2026-04-25 15:00:00', 'SGN', 'BKK', 1, 'TB011'),
('QH042504', 'QH-B787', '2026-04-25 16:30:00', '2026-04-25 18:00:00', 'BKK', 'SGN', 1, 'TB012'),
('QH042601', 'QH-B787', '2026-04-26 06:30:00', '2026-04-26 08:05:00', 'SGN', 'DAD', 1, 'TB003'),
('QH042602', 'QH-B787', '2026-04-26 09:20:00', '2026-04-26 10:55:00', 'DAD', 'SGN', 1, 'TB004'),
('QH042603', 'QH-B787', '2026-04-26 13:30:00', '2026-04-26 15:00:00', 'SGN', 'BKK', 1, 'TB011'),
('QH042604', 'QH-B787', '2026-04-26 16:30:00', '2026-04-26 18:00:00', 'BKK', 'SGN', 1, 'TB012'),
('QH042701', 'QH-B787', '2026-04-27 06:30:00', '2026-04-27 08:05:00', 'SGN', 'DAD', 1, 'TB003'),
('QH042702', 'QH-B787', '2026-04-27 09:20:00', '2026-04-27 10:55:00', 'DAD', 'SGN', 1, 'TB004'),
('QH042703', 'QH-B787', '2026-04-27 13:30:00', '2026-04-27 15:00:00', 'SGN', 'BKK', 1, 'TB011'),
('QH042704', 'QH-B787', '2026-04-27 16:30:00', '2026-04-27 18:00:00', 'BKK', 'SGN', 1, 'TB012'),
('QH042801', 'QH-B787', '2026-04-28 06:30:00', '2026-04-28 08:05:00', 'SGN', 'DAD', 1, 'TB003'),
('QH042802', 'QH-B787', '2026-04-28 09:20:00', '2026-04-28 10:55:00', 'DAD', 'SGN', 1, 'TB004'),
('QH042803', 'QH-B787', '2026-04-28 13:30:00', '2026-04-28 15:00:00', 'SGN', 'BKK', 1, 'TB011'),
('QH042804', 'QH-B787', '2026-04-28 16:30:00', '2026-04-28 18:00:00', 'BKK', 'SGN', 1, 'TB012'),
('QH042901', 'QH-B787', '2026-04-29 06:30:00', '2026-04-29 08:05:00', 'SGN', 'DAD', 1, 'TB003'),
('QH042902', 'QH-B787', '2026-04-29 09:20:00', '2026-04-29 10:55:00', 'DAD', 'SGN', 1, 'TB004'),
('QH042903', 'QH-B787', '2026-04-29 13:30:00', '2026-04-29 15:00:00', 'SGN', 'BKK', 1, 'TB011'),
('QH042904', 'QH-B787', '2026-04-29 16:30:00', '2026-04-29 18:00:00', 'BKK', 'SGN', 1, 'TB012'),
('QH043001', 'QH-B787', '2026-04-30 06:30:00', '2026-04-30 08:05:00', 'SGN', 'DAD', 1, 'TB003'),
('QH043002', 'QH-B787', '2026-04-30 09:20:00', '2026-04-30 10:55:00', 'DAD', 'SGN', 1, 'TB004'),
('QH043003', 'QH-B787', '2026-04-30 13:30:00', '2026-04-30 15:00:00', 'SGN', 'BKK', 1, 'TB011'),
('QH043004', 'QH-B787', '2026-04-30 16:30:00', '2026-04-30 18:00:00', 'BKK', 'SGN', 1, 'TB012'),
('QH202', 'QH-B787', '2026-03-26 14:00:00', '2026-03-26 16:10:00', 'HAN', 'SGN', 4, 'TB002'),
('QH40901', 'QH-B787', '2026-04-09 05:40:00', '2026-04-09 07:40:00', 'SGN', 'HAN', 1, 'TB001'),
('QH40902', 'QH-B787', '2026-04-09 08:15:00', '2026-04-09 10:15:00', 'HAN', 'SGN', 1, 'TB002'),
('QH40905', 'QH-B787', '2026-04-09 10:50:00', '2026-04-09 11:55:00', 'SGN', 'CXR', 1, 'TB005'),
('QH40906', 'QH-B787', '2026-04-09 12:25:00', '2026-04-09 13:30:00', 'CXR', 'SGN', 1, 'TB006'),
('QH40907', 'QH-B787', '2026-04-09 14:00:00', '2026-04-09 15:00:00', 'SGN', 'PQC', 1, 'TB007'),
('QH40908', 'QH-B787', '2026-04-09 15:35:00', '2026-04-09 16:35:00', 'PQC', 'SGN', 1, 'TB008'),
('QH40909', 'QH-B787', '2026-04-09 17:05:00', '2026-04-09 18:30:00', 'HAN', 'DAD', 1, 'TB009'),
('QH40910', 'QH-B787', '2026-04-09 19:00:00', '2026-04-09 20:25:00', 'DAD', 'HAN', 1, 'TB010'),
('QH40913', 'QH-B787', '2026-04-09 06:10:00', '2026-04-09 08:10:00', 'SGN', 'SIN', 1, 'TB013'),
('QH40914', 'QH-B787', '2026-04-09 08:45:00', '2026-04-09 10:45:00', 'SIN', 'SGN', 1, 'TB014'),
('QH40915', 'QH-B787', '2026-04-09 11:20:00', '2026-04-09 16:20:00', 'SGN', 'ICN', 1, 'TB015'),
('QH40916', 'QH-B787', '2026-04-09 16:55:00', '2026-04-09 21:55:00', 'ICN', 'SGN', 1, 'TB016'),
('QH40917', 'QH-B787', '2026-04-09 22:30:00', '2026-04-10 04:00:00', 'SGN', 'NRT', 1, 'TB017'),
('QH40918', 'QH-B787', '2026-04-09 04:35:00', '2026-04-09 10:05:00', 'NRT', 'SGN', 1, 'TB018'),
('QH40919', 'QH-B787', '2026-04-09 10:40:00', '2026-04-09 22:40:00', 'SGN', 'CDG', 1, 'TB019'),
('QH40920', 'QH-B787', '2026-04-09 23:15:00', '2026-04-10 11:15:00', 'CDG', 'SGN', 1, 'TB020'),
('QH41001', 'QH-B787', '2026-04-10 05:40:00', '2026-04-10 07:40:00', 'SGN', 'HAN', 1, 'TB001'),
('QH41002', 'QH-B787', '2026-04-10 08:15:00', '2026-04-10 10:15:00', 'HAN', 'SGN', 1, 'TB002'),
('QH41005', 'QH-B787', '2026-04-10 10:50:00', '2026-04-10 11:55:00', 'SGN', 'CXR', 1, 'TB005'),
('QH41006', 'QH-B787', '2026-04-10 12:25:00', '2026-04-10 13:30:00', 'CXR', 'SGN', 1, 'TB006'),
('QH41007', 'QH-B787', '2026-04-10 14:00:00', '2026-04-10 15:00:00', 'SGN', 'PQC', 1, 'TB007'),
('QH41008', 'QH-B787', '2026-04-10 15:35:00', '2026-04-10 16:35:00', 'PQC', 'SGN', 1, 'TB008'),
('QH41009', 'QH-B787', '2026-04-10 17:05:00', '2026-04-10 18:30:00', 'HAN', 'DAD', 1, 'TB009'),
('QH41010', 'QH-B787', '2026-04-10 19:00:00', '2026-04-10 20:25:00', 'DAD', 'HAN', 1, 'TB010'),
('QH41013', 'QH-B787', '2026-04-10 06:10:00', '2026-04-10 08:10:00', 'SGN', 'SIN', 1, 'TB013'),
('QH41014', 'QH-B787', '2026-04-10 08:45:00', '2026-04-10 10:45:00', 'SIN', 'SGN', 1, 'TB014'),
('QH41015', 'QH-B787', '2026-04-10 11:20:00', '2026-04-10 16:20:00', 'SGN', 'ICN', 1, 'TB015'),
('QH41016', 'QH-B787', '2026-04-10 16:55:00', '2026-04-10 21:55:00', 'ICN', 'SGN', 1, 'TB016'),
('QH41017', 'QH-B787', '2026-04-10 22:30:00', '2026-04-11 04:00:00', 'SGN', 'NRT', 1, 'TB017'),
('QH41018', 'QH-B787', '2026-04-10 04:35:00', '2026-04-10 10:05:00', 'NRT', 'SGN', 1, 'TB018'),
('QH41019', 'QH-B787', '2026-04-10 10:40:00', '2026-04-10 22:40:00', 'SGN', 'CDG', 1, 'TB019'),
('QH41020', 'QH-B787', '2026-04-10 23:15:00', '2026-04-11 11:15:00', 'CDG', 'SGN', 1, 'TB020'),
('QH41101', 'QH-B787', '2026-04-11 05:40:00', '2026-04-11 07:40:00', 'SGN', 'HAN', 1, 'TB001'),
('QH41102', 'QH-B787', '2026-04-11 08:15:00', '2026-04-11 10:15:00', 'HAN', 'SGN', 1, 'TB002'),
('QH41105', 'QH-B787', '2026-04-11 10:50:00', '2026-04-11 11:55:00', 'SGN', 'CXR', 1, 'TB005'),
('QH41106', 'QH-B787', '2026-04-11 12:25:00', '2026-04-11 13:30:00', 'CXR', 'SGN', 1, 'TB006'),
('QH41107', 'QH-B787', '2026-04-11 14:00:00', '2026-04-11 15:00:00', 'SGN', 'PQC', 1, 'TB007'),
('QH41108', 'QH-B787', '2026-04-11 15:35:00', '2026-04-11 16:35:00', 'PQC', 'SGN', 1, 'TB008'),
('QH41109', 'QH-B787', '2026-04-11 17:05:00', '2026-04-11 18:30:00', 'HAN', 'DAD', 1, 'TB009'),
('QH41110', 'QH-B787', '2026-04-11 19:00:00', '2026-04-11 20:25:00', 'DAD', 'HAN', 1, 'TB010'),
('QH41113', 'QH-B787', '2026-04-11 06:10:00', '2026-04-11 08:10:00', 'SGN', 'SIN', 1, 'TB013'),
('QH41114', 'QH-B787', '2026-04-11 08:45:00', '2026-04-11 10:45:00', 'SIN', 'SGN', 1, 'TB014'),
('QH41115', 'QH-B787', '2026-04-11 11:20:00', '2026-04-11 16:20:00', 'SGN', 'ICN', 1, 'TB015'),
('QH41116', 'QH-B787', '2026-04-11 16:55:00', '2026-04-11 21:55:00', 'ICN', 'SGN', 1, 'TB016'),
('QH41117', 'QH-B787', '2026-04-11 22:30:00', '2026-04-12 04:00:00', 'SGN', 'NRT', 1, 'TB017'),
('QH41118', 'QH-B787', '2026-04-11 04:35:00', '2026-04-11 10:05:00', 'NRT', 'SGN', 1, 'TB018'),
('QH41119', 'QH-B787', '2026-04-11 10:40:00', '2026-04-11 22:40:00', 'SGN', 'CDG', 1, 'TB019'),
('QH41120', 'QH-B787', '2026-04-11 23:15:00', '2026-04-12 11:15:00', 'CDG', 'SGN', 1, 'TB020'),
('QH41201', 'QH-B787', '2026-04-12 05:40:00', '2026-04-12 07:40:00', 'SGN', 'HAN', 1, 'TB001'),
('QH41202', 'QH-B787', '2026-04-12 08:15:00', '2026-04-12 10:15:00', 'HAN', 'SGN', 1, 'TB002'),
('QH41205', 'QH-B787', '2026-04-12 10:50:00', '2026-04-12 11:55:00', 'SGN', 'CXR', 1, 'TB005'),
('QH41206', 'QH-B787', '2026-04-12 12:25:00', '2026-04-12 13:30:00', 'CXR', 'SGN', 1, 'TB006'),
('QH41207', 'QH-B787', '2026-04-12 14:00:00', '2026-04-12 15:00:00', 'SGN', 'PQC', 1, 'TB007'),
('QH41208', 'QH-B787', '2026-04-12 15:35:00', '2026-04-12 16:35:00', 'PQC', 'SGN', 1, 'TB008'),
('QH41209', 'QH-B787', '2026-04-12 17:05:00', '2026-04-12 18:30:00', 'HAN', 'DAD', 1, 'TB009'),
('QH41210', 'QH-B787', '2026-04-12 19:00:00', '2026-04-12 20:25:00', 'DAD', 'HAN', 1, 'TB010'),
('QH41213', 'QH-B787', '2026-04-12 06:10:00', '2026-04-12 08:10:00', 'SGN', 'SIN', 1, 'TB013'),
('QH41214', 'QH-B787', '2026-04-12 08:45:00', '2026-04-12 10:45:00', 'SIN', 'SGN', 1, 'TB014'),
('QH41215', 'QH-B787', '2026-04-12 11:20:00', '2026-04-12 16:20:00', 'SGN', 'ICN', 1, 'TB015'),
('QH41216', 'QH-B787', '2026-04-12 16:55:00', '2026-04-12 21:55:00', 'ICN', 'SGN', 1, 'TB016'),
('QH41217', 'QH-B787', '2026-04-12 22:30:00', '2026-04-13 04:00:00', 'SGN', 'NRT', 1, 'TB017'),
('QH41218', 'QH-B787', '2026-04-12 04:35:00', '2026-04-12 10:05:00', 'NRT', 'SGN', 1, 'TB018'),
('QH41219', 'QH-B787', '2026-04-12 10:40:00', '2026-04-12 22:40:00', 'SGN', 'CDG', 1, 'TB019'),
('QH41220', 'QH-B787', '2026-04-12 23:15:00', '2026-04-13 11:15:00', 'CDG', 'SGN', 1, 'TB020'),
('QH41301', 'QH-B787', '2026-04-13 05:40:00', '2026-04-13 07:40:00', 'SGN', 'HAN', 1, 'TB001'),
('QH41302', 'QH-B787', '2026-04-13 08:15:00', '2026-04-13 10:15:00', 'HAN', 'SGN', 1, 'TB002'),
('QH41305', 'QH-B787', '2026-04-13 10:50:00', '2026-04-13 11:55:00', 'SGN', 'CXR', 1, 'TB005'),
('QH41306', 'QH-B787', '2026-04-13 12:25:00', '2026-04-13 13:30:00', 'CXR', 'SGN', 1, 'TB006'),
('QH41307', 'QH-B787', '2026-04-13 14:00:00', '2026-04-13 15:00:00', 'SGN', 'PQC', 1, 'TB007'),
('QH41308', 'QH-B787', '2026-04-13 15:35:00', '2026-04-13 16:35:00', 'PQC', 'SGN', 1, 'TB008'),
('QH41309', 'QH-B787', '2026-04-13 17:05:00', '2026-04-13 18:30:00', 'HAN', 'DAD', 1, 'TB009'),
('QH41310', 'QH-B787', '2026-04-13 19:00:00', '2026-04-13 20:25:00', 'DAD', 'HAN', 1, 'TB010'),
('QH41313', 'QH-B787', '2026-04-13 06:10:00', '2026-04-13 08:10:00', 'SGN', 'SIN', 1, 'TB013'),
('QH41314', 'QH-B787', '2026-04-13 08:45:00', '2026-04-13 10:45:00', 'SIN', 'SGN', 1, 'TB014'),
('QH41315', 'QH-B787', '2026-04-13 11:20:00', '2026-04-13 16:20:00', 'SGN', 'ICN', 1, 'TB015'),
('QH41316', 'QH-B787', '2026-04-13 16:55:00', '2026-04-13 21:55:00', 'ICN', 'SGN', 1, 'TB016'),
('QH41317', 'QH-B787', '2026-04-13 22:30:00', '2026-04-14 04:00:00', 'SGN', 'NRT', 1, 'TB017'),
('QH41318', 'QH-B787', '2026-04-13 04:35:00', '2026-04-13 10:05:00', 'NRT', 'SGN', 1, 'TB018'),
('QH41319', 'QH-B787', '2026-04-13 10:40:00', '2026-04-13 22:40:00', 'SGN', 'CDG', 1, 'TB019'),
('QH41320', 'QH-B787', '2026-04-13 23:15:00', '2026-04-14 11:15:00', 'CDG', 'SGN', 1, 'TB020'),
('QH41401', 'QH-B787', '2026-04-14 05:40:00', '2026-04-14 07:40:00', 'SGN', 'HAN', 1, 'TB001'),
('QH41402', 'QH-B787', '2026-04-14 08:15:00', '2026-04-14 10:15:00', 'HAN', 'SGN', 1, 'TB002'),
('QH41405', 'QH-B787', '2026-04-14 10:50:00', '2026-04-14 11:55:00', 'SGN', 'CXR', 1, 'TB005'),
('QH41406', 'QH-B787', '2026-04-14 12:25:00', '2026-04-14 13:30:00', 'CXR', 'SGN', 1, 'TB006'),
('QH41407', 'QH-B787', '2026-04-14 14:00:00', '2026-04-14 15:00:00', 'SGN', 'PQC', 1, 'TB007'),
('QH41408', 'QH-B787', '2026-04-14 15:35:00', '2026-04-14 16:35:00', 'PQC', 'SGN', 1, 'TB008'),
('QH41409', 'QH-B787', '2026-04-14 17:05:00', '2026-04-14 18:30:00', 'HAN', 'DAD', 1, 'TB009'),
('QH41410', 'QH-B787', '2026-04-14 19:00:00', '2026-04-14 20:25:00', 'DAD', 'HAN', 1, 'TB010'),
('QH41413', 'QH-B787', '2026-04-14 06:10:00', '2026-04-14 08:10:00', 'SGN', 'SIN', 1, 'TB013'),
('QH41414', 'QH-B787', '2026-04-14 08:45:00', '2026-04-14 10:45:00', 'SIN', 'SGN', 1, 'TB014'),
('QH41415', 'QH-B787', '2026-04-14 11:20:00', '2026-04-14 16:20:00', 'SGN', 'ICN', 1, 'TB015'),
('QH41416', 'QH-B787', '2026-04-14 16:55:00', '2026-04-14 21:55:00', 'ICN', 'SGN', 1, 'TB016'),
('QH41417', 'QH-B787', '2026-04-14 22:30:00', '2026-04-15 04:00:00', 'SGN', 'NRT', 1, 'TB017'),
('QH41418', 'QH-B787', '2026-04-14 04:35:00', '2026-04-14 10:05:00', 'NRT', 'SGN', 1, 'TB018'),
('QH41419', 'QH-B787', '2026-04-14 10:40:00', '2026-04-14 22:40:00', 'SGN', 'CDG', 1, 'TB019'),
('QH41420', 'QH-B787', '2026-04-14 23:15:00', '2026-04-15 11:15:00', 'CDG', 'SGN', 1, 'TB020'),
('QH41501', 'QH-B787', '2026-04-15 05:40:00', '2026-04-15 07:40:00', 'SGN', 'HAN', 1, 'TB001'),
('QH41502', 'QH-B787', '2026-04-15 08:15:00', '2026-04-15 10:15:00', 'HAN', 'SGN', 1, 'TB002'),
('QH41505', 'QH-B787', '2026-04-15 10:50:00', '2026-04-15 11:55:00', 'SGN', 'CXR', 1, 'TB005'),
('QH41506', 'QH-B787', '2026-04-15 12:25:00', '2026-04-15 13:30:00', 'CXR', 'SGN', 1, 'TB006'),
('QH41507', 'QH-B787', '2026-04-15 14:00:00', '2026-04-15 15:00:00', 'SGN', 'PQC', 1, 'TB007'),
('QH41508', 'QH-B787', '2026-04-15 15:35:00', '2026-04-15 16:35:00', 'PQC', 'SGN', 1, 'TB008'),
('QH41509', 'QH-B787', '2026-04-15 17:05:00', '2026-04-15 18:30:00', 'HAN', 'DAD', 1, 'TB009'),
('QH41510', 'QH-B787', '2026-04-15 19:00:00', '2026-04-15 20:25:00', 'DAD', 'HAN', 1, 'TB010'),
('QH41513', 'QH-B787', '2026-04-15 06:10:00', '2026-04-15 08:10:00', 'SGN', 'SIN', 1, 'TB013'),
('QH41514', 'QH-B787', '2026-04-15 08:45:00', '2026-04-15 10:45:00', 'SIN', 'SGN', 1, 'TB014'),
('QH41515', 'QH-B787', '2026-04-15 11:20:00', '2026-04-15 16:20:00', 'SGN', 'ICN', 1, 'TB015'),
('QH41516', 'QH-B787', '2026-04-15 16:55:00', '2026-04-15 21:55:00', 'ICN', 'SGN', 1, 'TB016'),
('QH41517', 'QH-B787', '2026-04-15 22:30:00', '2026-04-16 04:00:00', 'SGN', 'NRT', 1, 'TB017'),
('QH41518', 'QH-B787', '2026-04-15 04:35:00', '2026-04-15 10:05:00', 'NRT', 'SGN', 1, 'TB018'),
('QH41519', 'QH-B787', '2026-04-15 10:40:00', '2026-04-15 22:40:00', 'SGN', 'CDG', 1, 'TB019'),
('QH41520', 'QH-B787', '2026-04-15 23:15:00', '2026-04-16 11:15:00', 'CDG', 'SGN', 1, 'TB020'),
('QH41601', 'QH-B787', '2026-04-16 05:40:00', '2026-04-16 07:40:00', 'SGN', 'HAN', 1, 'TB001'),
('QH41602', 'QH-B787', '2026-04-16 08:15:00', '2026-04-16 10:15:00', 'HAN', 'SGN', 1, 'TB002'),
('QH41605', 'QH-B787', '2026-04-16 10:50:00', '2026-04-16 11:55:00', 'SGN', 'CXR', 1, 'TB005'),
('QH41606', 'QH-B787', '2026-04-16 12:25:00', '2026-04-16 13:30:00', 'CXR', 'SGN', 1, 'TB006'),
('QH41607', 'QH-B787', '2026-04-16 14:00:00', '2026-04-16 15:00:00', 'SGN', 'PQC', 1, 'TB007'),
('QH41608', 'QH-B787', '2026-04-16 15:35:00', '2026-04-16 16:35:00', 'PQC', 'SGN', 1, 'TB008'),
('QH41609', 'QH-B787', '2026-04-16 17:05:00', '2026-04-16 18:30:00', 'HAN', 'DAD', 1, 'TB009'),
('QH41610', 'QH-B787', '2026-04-16 19:00:00', '2026-04-16 20:25:00', 'DAD', 'HAN', 1, 'TB010'),
('QH41613', 'QH-B787', '2026-04-16 06:10:00', '2026-04-16 08:10:00', 'SGN', 'SIN', 1, 'TB013'),
('QH41614', 'QH-B787', '2026-04-16 08:45:00', '2026-04-16 10:45:00', 'SIN', 'SGN', 1, 'TB014'),
('QH41615', 'QH-B787', '2026-04-16 11:20:00', '2026-04-16 16:20:00', 'SGN', 'ICN', 1, 'TB015'),
('QH41616', 'QH-B787', '2026-04-16 16:55:00', '2026-04-16 21:55:00', 'ICN', 'SGN', 1, 'TB016'),
('QH41617', 'QH-B787', '2026-04-16 22:30:00', '2026-04-17 04:00:00', 'SGN', 'NRT', 1, 'TB017'),
('QH41618', 'QH-B787', '2026-04-16 04:35:00', '2026-04-16 10:05:00', 'NRT', 'SGN', 1, 'TB018'),
('QH41619', 'QH-B787', '2026-04-16 10:40:00', '2026-04-16 22:40:00', 'SGN', 'CDG', 1, 'TB019'),
('QH41620', 'QH-B787', '2026-04-16 23:15:00', '2026-04-17 11:15:00', 'CDG', 'SGN', 1, 'TB020'),
('QH41701', 'QH-B787', '2026-04-17 05:40:00', '2026-04-17 07:40:00', 'SGN', 'HAN', 1, 'TB001'),
('QH41702', 'QH-B787', '2026-04-17 08:15:00', '2026-04-17 10:15:00', 'HAN', 'SGN', 1, 'TB002'),
('QH41705', 'QH-B787', '2026-04-17 10:50:00', '2026-04-17 11:55:00', 'SGN', 'CXR', 1, 'TB005'),
('QH41706', 'QH-B787', '2026-04-17 12:25:00', '2026-04-17 13:30:00', 'CXR', 'SGN', 1, 'TB006'),
('QH41707', 'QH-B787', '2026-04-17 14:00:00', '2026-04-17 15:00:00', 'SGN', 'PQC', 1, 'TB007'),
('QH41708', 'QH-B787', '2026-04-17 15:35:00', '2026-04-17 16:35:00', 'PQC', 'SGN', 1, 'TB008'),
('QH41709', 'QH-B787', '2026-04-17 17:05:00', '2026-04-17 18:30:00', 'HAN', 'DAD', 1, 'TB009'),
('QH41710', 'QH-B787', '2026-04-17 19:00:00', '2026-04-17 20:25:00', 'DAD', 'HAN', 1, 'TB010'),
('QH41713', 'QH-B787', '2026-04-17 06:10:00', '2026-04-17 08:10:00', 'SGN', 'SIN', 1, 'TB013'),
('QH41714', 'QH-B787', '2026-04-17 08:45:00', '2026-04-17 10:45:00', 'SIN', 'SGN', 1, 'TB014'),
('QH41715', 'QH-B787', '2026-04-17 11:20:00', '2026-04-17 16:20:00', 'SGN', 'ICN', 1, 'TB015'),
('QH41716', 'QH-B787', '2026-04-17 16:55:00', '2026-04-17 21:55:00', 'ICN', 'SGN', 1, 'TB016'),
('QH41717', 'QH-B787', '2026-04-17 22:30:00', '2026-04-18 04:00:00', 'SGN', 'NRT', 1, 'TB017'),
('QH41718', 'QH-B787', '2026-04-17 04:35:00', '2026-04-17 10:05:00', 'NRT', 'SGN', 1, 'TB018'),
('QH41719', 'QH-B787', '2026-04-17 10:40:00', '2026-04-17 22:40:00', 'SGN', 'CDG', 1, 'TB019'),
('QH41720', 'QH-B787', '2026-04-17 23:15:00', '2026-04-18 11:15:00', 'CDG', 'SGN', 1, 'TB020'),
('QH41801', 'QH-B787', '2026-04-18 05:40:00', '2026-04-18 07:40:00', 'SGN', 'HAN', 1, 'TB001'),
('QH41802', 'QH-B787', '2026-04-18 08:15:00', '2026-04-18 10:15:00', 'HAN', 'SGN', 1, 'TB002'),
('QH41805', 'QH-B787', '2026-04-18 10:50:00', '2026-04-18 11:55:00', 'SGN', 'CXR', 1, 'TB005'),
('QH41806', 'QH-B787', '2026-04-18 12:25:00', '2026-04-18 13:30:00', 'CXR', 'SGN', 1, 'TB006'),
('QH41807', 'QH-B787', '2026-04-18 14:00:00', '2026-04-18 15:00:00', 'SGN', 'PQC', 1, 'TB007'),
('QH41808', 'QH-B787', '2026-04-18 15:35:00', '2026-04-18 16:35:00', 'PQC', 'SGN', 1, 'TB008'),
('QH41809', 'QH-B787', '2026-04-18 17:05:00', '2026-04-18 18:30:00', 'HAN', 'DAD', 1, 'TB009'),
('QH41810', 'QH-B787', '2026-04-18 19:00:00', '2026-04-18 20:25:00', 'DAD', 'HAN', 1, 'TB010'),
('QH41813', 'QH-B787', '2026-04-18 06:10:00', '2026-04-18 08:10:00', 'SGN', 'SIN', 1, 'TB013'),
('QH41814', 'QH-B787', '2026-04-18 08:45:00', '2026-04-18 10:45:00', 'SIN', 'SGN', 1, 'TB014'),
('QH41815', 'QH-B787', '2026-04-18 11:20:00', '2026-04-18 16:20:00', 'SGN', 'ICN', 1, 'TB015'),
('QH41816', 'QH-B787', '2026-04-18 16:55:00', '2026-04-18 21:55:00', 'ICN', 'SGN', 1, 'TB016'),
('QH41817', 'QH-B787', '2026-04-18 22:30:00', '2026-04-19 04:00:00', 'SGN', 'NRT', 1, 'TB017'),
('QH41818', 'QH-B787', '2026-04-18 04:35:00', '2026-04-18 10:05:00', 'NRT', 'SGN', 1, 'TB018'),
('QH41819', 'QH-B787', '2026-04-18 10:40:00', '2026-04-18 22:40:00', 'SGN', 'CDG', 1, 'TB019'),
('QH41820', 'QH-B787', '2026-04-18 23:15:00', '2026-04-19 11:15:00', 'CDG', 'SGN', 1, 'TB020'),
('QH41901', 'QH-B787', '2026-04-19 05:40:00', '2026-04-19 07:40:00', 'SGN', 'HAN', 1, 'TB001'),
('QH41902', 'QH-B787', '2026-04-19 08:15:00', '2026-04-19 10:15:00', 'HAN', 'SGN', 1, 'TB002'),
('QH41905', 'QH-B787', '2026-04-19 10:50:00', '2026-04-19 11:55:00', 'SGN', 'CXR', 1, 'TB005'),
('QH41906', 'QH-B787', '2026-04-19 12:25:00', '2026-04-19 13:30:00', 'CXR', 'SGN', 1, 'TB006'),
('QH41907', 'QH-B787', '2026-04-19 14:00:00', '2026-04-19 15:00:00', 'SGN', 'PQC', 1, 'TB007'),
('QH41908', 'QH-B787', '2026-04-19 15:35:00', '2026-04-19 16:35:00', 'PQC', 'SGN', 1, 'TB008'),
('QH41909', 'QH-B787', '2026-04-19 17:05:00', '2026-04-19 18:30:00', 'HAN', 'DAD', 1, 'TB009'),
('QH41910', 'QH-B787', '2026-04-19 19:00:00', '2026-04-19 20:25:00', 'DAD', 'HAN', 1, 'TB010'),
('QH41913', 'QH-B787', '2026-04-19 06:10:00', '2026-04-19 08:10:00', 'SGN', 'SIN', 1, 'TB013'),
('QH41914', 'QH-B787', '2026-04-19 08:45:00', '2026-04-19 10:45:00', 'SIN', 'SGN', 1, 'TB014'),
('QH41915', 'QH-B787', '2026-04-19 11:20:00', '2026-04-19 16:20:00', 'SGN', 'ICN', 1, 'TB015'),
('QH41916', 'QH-B787', '2026-04-19 16:55:00', '2026-04-19 21:55:00', 'ICN', 'SGN', 1, 'TB016'),
('QH41917', 'QH-B787', '2026-04-19 22:30:00', '2026-04-20 04:00:00', 'SGN', 'NRT', 1, 'TB017'),
('QH41918', 'QH-B787', '2026-04-19 04:35:00', '2026-04-19 10:05:00', 'NRT', 'SGN', 1, 'TB018'),
('QH41919', 'QH-B787', '2026-04-19 10:40:00', '2026-04-19 22:40:00', 'SGN', 'CDG', 1, 'TB019'),
('QH41920', 'QH-B787', '2026-04-19 23:15:00', '2026-04-20 11:15:00', 'CDG', 'SGN', 1, 'TB020'),
('QH42001', 'QH-B787', '2026-04-20 05:40:00', '2026-04-20 07:40:00', 'SGN', 'HAN', 1, 'TB001'),
('QH42002', 'QH-B787', '2026-04-20 08:15:00', '2026-04-20 10:15:00', 'HAN', 'SGN', 1, 'TB002'),
('QH42005', 'QH-B787', '2026-04-20 10:50:00', '2026-04-20 11:55:00', 'SGN', 'CXR', 1, 'TB005'),
('QH42006', 'QH-B787', '2026-04-20 12:25:00', '2026-04-20 13:30:00', 'CXR', 'SGN', 1, 'TB006'),
('QH42007', 'QH-B787', '2026-04-20 14:00:00', '2026-04-20 15:00:00', 'SGN', 'PQC', 1, 'TB007'),
('QH42008', 'QH-B787', '2026-04-20 15:35:00', '2026-04-20 16:35:00', 'PQC', 'SGN', 1, 'TB008'),
('QH42009', 'QH-B787', '2026-04-20 17:05:00', '2026-04-20 18:30:00', 'HAN', 'DAD', 1, 'TB009'),
('QH42010', 'QH-B787', '2026-04-20 19:00:00', '2026-04-20 20:25:00', 'DAD', 'HAN', 1, 'TB010'),
('QH42013', 'QH-B787', '2026-04-20 06:10:00', '2026-04-20 08:10:00', 'SGN', 'SIN', 1, 'TB013'),
('QH42014', 'QH-B787', '2026-04-20 08:45:00', '2026-04-20 10:45:00', 'SIN', 'SGN', 1, 'TB014'),
('QH42015', 'QH-B787', '2026-04-20 11:20:00', '2026-04-20 16:20:00', 'SGN', 'ICN', 1, 'TB015'),
('QH42016', 'QH-B787', '2026-04-20 16:55:00', '2026-04-20 21:55:00', 'ICN', 'SGN', 1, 'TB016'),
('QH42017', 'QH-B787', '2026-04-20 22:30:00', '2026-04-21 04:00:00', 'SGN', 'NRT', 1, 'TB017'),
('QH42018', 'QH-B787', '2026-04-20 04:35:00', '2026-04-20 10:05:00', 'NRT', 'SGN', 1, 'TB018'),
('QH42019', 'QH-B787', '2026-04-20 10:40:00', '2026-04-20 22:40:00', 'SGN', 'CDG', 1, 'TB019'),
('QH42020', 'QH-B787', '2026-04-20 23:15:00', '2026-04-21 11:15:00', 'CDG', 'SGN', 1, 'TB020'),
('QH42101', 'QH-B787', '2026-04-21 05:40:00', '2026-04-21 07:40:00', 'SGN', 'HAN', 1, 'TB001'),
('QH42102', 'QH-B787', '2026-04-21 08:15:00', '2026-04-21 10:15:00', 'HAN', 'SGN', 1, 'TB002'),
('QH42105', 'QH-B787', '2026-04-21 10:50:00', '2026-04-21 11:55:00', 'SGN', 'CXR', 1, 'TB005'),
('QH42106', 'QH-B787', '2026-04-21 12:25:00', '2026-04-21 13:30:00', 'CXR', 'SGN', 1, 'TB006'),
('QH42107', 'QH-B787', '2026-04-21 14:00:00', '2026-04-21 15:00:00', 'SGN', 'PQC', 1, 'TB007'),
('QH42108', 'QH-B787', '2026-04-21 15:35:00', '2026-04-21 16:35:00', 'PQC', 'SGN', 1, 'TB008'),
('QH42109', 'QH-B787', '2026-04-21 17:05:00', '2026-04-21 18:30:00', 'HAN', 'DAD', 1, 'TB009'),
('QH42110', 'QH-B787', '2026-04-21 19:00:00', '2026-04-21 20:25:00', 'DAD', 'HAN', 1, 'TB010'),
('QH42113', 'QH-B787', '2026-04-21 06:10:00', '2026-04-21 08:10:00', 'SGN', 'SIN', 1, 'TB013'),
('QH42114', 'QH-B787', '2026-04-21 08:45:00', '2026-04-21 10:45:00', 'SIN', 'SGN', 1, 'TB014'),
('QH42115', 'QH-B787', '2026-04-21 11:20:00', '2026-04-21 16:20:00', 'SGN', 'ICN', 1, 'TB015'),
('QH42116', 'QH-B787', '2026-04-21 16:55:00', '2026-04-21 21:55:00', 'ICN', 'SGN', 1, 'TB016'),
('QH42117', 'QH-B787', '2026-04-21 22:30:00', '2026-04-22 04:00:00', 'SGN', 'NRT', 1, 'TB017'),
('QH42118', 'QH-B787', '2026-04-21 04:35:00', '2026-04-21 10:05:00', 'NRT', 'SGN', 1, 'TB018'),
('QH42119', 'QH-B787', '2026-04-21 10:40:00', '2026-04-21 22:40:00', 'SGN', 'CDG', 1, 'TB019'),
('QH42120', 'QH-B787', '2026-04-21 23:15:00', '2026-04-22 11:15:00', 'CDG', 'SGN', 1, 'TB020'),
('QH42201', 'QH-B787', '2026-04-22 05:40:00', '2026-04-22 07:40:00', 'SGN', 'HAN', 1, 'TB001'),
('QH42202', 'QH-B787', '2026-04-22 08:15:00', '2026-04-22 10:15:00', 'HAN', 'SGN', 1, 'TB002'),
('QH42205', 'QH-B787', '2026-04-22 10:50:00', '2026-04-22 11:55:00', 'SGN', 'CXR', 1, 'TB005'),
('QH42206', 'QH-B787', '2026-04-22 12:25:00', '2026-04-22 13:30:00', 'CXR', 'SGN', 1, 'TB006'),
('QH42207', 'QH-B787', '2026-04-22 14:00:00', '2026-04-22 15:00:00', 'SGN', 'PQC', 1, 'TB007'),
('QH42208', 'QH-B787', '2026-04-22 15:35:00', '2026-04-22 16:35:00', 'PQC', 'SGN', 1, 'TB008'),
('QH42209', 'QH-B787', '2026-04-22 17:05:00', '2026-04-22 18:30:00', 'HAN', 'DAD', 1, 'TB009'),
('QH42210', 'QH-B787', '2026-04-22 19:00:00', '2026-04-22 20:25:00', 'DAD', 'HAN', 1, 'TB010'),
('QH42213', 'QH-B787', '2026-04-22 06:10:00', '2026-04-22 08:10:00', 'SGN', 'SIN', 1, 'TB013'),
('QH42214', 'QH-B787', '2026-04-22 08:45:00', '2026-04-22 10:45:00', 'SIN', 'SGN', 1, 'TB014'),
('QH42215', 'QH-B787', '2026-04-22 11:20:00', '2026-04-22 16:20:00', 'SGN', 'ICN', 1, 'TB015'),
('QH42216', 'QH-B787', '2026-04-22 16:55:00', '2026-04-22 21:55:00', 'ICN', 'SGN', 1, 'TB016'),
('QH42217', 'QH-B787', '2026-04-22 22:30:00', '2026-04-23 04:00:00', 'SGN', 'NRT', 1, 'TB017'),
('QH42218', 'QH-B787', '2026-04-22 04:35:00', '2026-04-22 10:05:00', 'NRT', 'SGN', 1, 'TB018'),
('QH42219', 'QH-B787', '2026-04-22 10:40:00', '2026-04-22 22:40:00', 'SGN', 'CDG', 1, 'TB019'),
('QH42220', 'QH-B787', '2026-04-22 23:15:00', '2026-04-23 11:15:00', 'CDG', 'SGN', 1, 'TB020'),
('QH42301', 'QH-B787', '2026-04-23 05:40:00', '2026-04-23 07:40:00', 'SGN', 'HAN', 1, 'TB001'),
('QH42302', 'QH-B787', '2026-04-23 08:15:00', '2026-04-23 10:15:00', 'HAN', 'SGN', 1, 'TB002'),
('QH42305', 'QH-B787', '2026-04-23 10:50:00', '2026-04-23 11:55:00', 'SGN', 'CXR', 1, 'TB005'),
('QH42306', 'QH-B787', '2026-04-23 12:25:00', '2026-04-23 13:30:00', 'CXR', 'SGN', 1, 'TB006'),
('QH42307', 'QH-B787', '2026-04-23 14:00:00', '2026-04-23 15:00:00', 'SGN', 'PQC', 1, 'TB007'),
('QH42308', 'QH-B787', '2026-04-23 15:35:00', '2026-04-23 16:35:00', 'PQC', 'SGN', 1, 'TB008'),
('QH42309', 'QH-B787', '2026-04-23 17:05:00', '2026-04-23 18:30:00', 'HAN', 'DAD', 1, 'TB009'),
('QH42310', 'QH-B787', '2026-04-23 19:00:00', '2026-04-23 20:25:00', 'DAD', 'HAN', 1, 'TB010'),
('QH42313', 'QH-B787', '2026-04-23 06:10:00', '2026-04-23 08:10:00', 'SGN', 'SIN', 1, 'TB013'),
('QH42314', 'QH-B787', '2026-04-23 08:45:00', '2026-04-23 10:45:00', 'SIN', 'SGN', 1, 'TB014'),
('QH42315', 'QH-B787', '2026-04-23 11:20:00', '2026-04-23 16:20:00', 'SGN', 'ICN', 1, 'TB015'),
('QH42316', 'QH-B787', '2026-04-23 16:55:00', '2026-04-23 21:55:00', 'ICN', 'SGN', 1, 'TB016'),
('QH42317', 'QH-B787', '2026-04-23 22:30:00', '2026-04-24 04:00:00', 'SGN', 'NRT', 1, 'TB017'),
('QH42318', 'QH-B787', '2026-04-23 04:35:00', '2026-04-23 10:05:00', 'NRT', 'SGN', 1, 'TB018'),
('QH42319', 'QH-B787', '2026-04-23 10:40:00', '2026-04-23 22:40:00', 'SGN', 'CDG', 1, 'TB019'),
('QH42320', 'QH-B787', '2026-04-23 23:15:00', '2026-04-24 11:15:00', 'CDG', 'SGN', 1, 'TB020'),
('QH42401', 'QH-B787', '2026-04-24 05:40:00', '2026-04-24 07:40:00', 'SGN', 'HAN', 1, 'TB001'),
('QH42402', 'QH-B787', '2026-04-24 08:15:00', '2026-04-24 10:15:00', 'HAN', 'SGN', 1, 'TB002'),
('QH42405', 'QH-B787', '2026-04-24 10:50:00', '2026-04-24 11:55:00', 'SGN', 'CXR', 1, 'TB005'),
('QH42406', 'QH-B787', '2026-04-24 12:25:00', '2026-04-24 13:30:00', 'CXR', 'SGN', 1, 'TB006'),
('QH42407', 'QH-B787', '2026-04-24 14:00:00', '2026-04-24 15:00:00', 'SGN', 'PQC', 1, 'TB007'),
('QH42408', 'QH-B787', '2026-04-24 15:35:00', '2026-04-24 16:35:00', 'PQC', 'SGN', 1, 'TB008'),
('QH42409', 'QH-B787', '2026-04-24 17:05:00', '2026-04-24 18:30:00', 'HAN', 'DAD', 1, 'TB009'),
('QH42410', 'QH-B787', '2026-04-24 19:00:00', '2026-04-24 20:25:00', 'DAD', 'HAN', 1, 'TB010'),
('QH42413', 'QH-B787', '2026-04-24 06:10:00', '2026-04-24 08:10:00', 'SGN', 'SIN', 1, 'TB013'),
('QH42414', 'QH-B787', '2026-04-24 08:45:00', '2026-04-24 10:45:00', 'SIN', 'SGN', 1, 'TB014'),
('QH42415', 'QH-B787', '2026-04-24 11:20:00', '2026-04-24 16:20:00', 'SGN', 'ICN', 1, 'TB015'),
('QH42416', 'QH-B787', '2026-04-24 16:55:00', '2026-04-24 21:55:00', 'ICN', 'SGN', 1, 'TB016'),
('QH42417', 'QH-B787', '2026-04-24 22:30:00', '2026-04-25 04:00:00', 'SGN', 'NRT', 1, 'TB017'),
('QH42418', 'QH-B787', '2026-04-24 04:35:00', '2026-04-24 10:05:00', 'NRT', 'SGN', 1, 'TB018'),
('QH42419', 'QH-B787', '2026-04-24 10:40:00', '2026-04-24 22:40:00', 'SGN', 'CDG', 1, 'TB019'),
('QH42420', 'QH-B787', '2026-04-24 23:15:00', '2026-04-25 11:15:00', 'CDG', 'SGN', 1, 'TB020'),
('QH42501', 'QH-B787', '2026-04-25 05:40:00', '2026-04-25 07:40:00', 'SGN', 'HAN', 1, 'TB001'),
('QH42502', 'QH-B787', '2026-04-25 08:15:00', '2026-04-25 10:15:00', 'HAN', 'SGN', 1, 'TB002'),
('QH42505', 'QH-B787', '2026-04-25 10:50:00', '2026-04-25 11:55:00', 'SGN', 'CXR', 1, 'TB005'),
('QH42506', 'QH-B787', '2026-04-25 12:25:00', '2026-04-25 13:30:00', 'CXR', 'SGN', 1, 'TB006'),
('QH42507', 'QH-B787', '2026-04-25 14:00:00', '2026-04-25 15:00:00', 'SGN', 'PQC', 1, 'TB007'),
('QH42508', 'QH-B787', '2026-04-25 15:35:00', '2026-04-25 16:35:00', 'PQC', 'SGN', 1, 'TB008'),
('QH42509', 'QH-B787', '2026-04-25 17:05:00', '2026-04-25 18:30:00', 'HAN', 'DAD', 1, 'TB009'),
('QH42510', 'QH-B787', '2026-04-25 19:00:00', '2026-04-25 20:25:00', 'DAD', 'HAN', 1, 'TB010'),
('QH42513', 'QH-B787', '2026-04-25 06:10:00', '2026-04-25 08:10:00', 'SGN', 'SIN', 1, 'TB013'),
('QH42514', 'QH-B787', '2026-04-25 08:45:00', '2026-04-25 10:45:00', 'SIN', 'SGN', 1, 'TB014'),
('QH42515', 'QH-B787', '2026-04-25 11:20:00', '2026-04-25 16:20:00', 'SGN', 'ICN', 1, 'TB015'),
('QH42516', 'QH-B787', '2026-04-25 16:55:00', '2026-04-25 21:55:00', 'ICN', 'SGN', 1, 'TB016'),
('QH42517', 'QH-B787', '2026-04-25 22:30:00', '2026-04-26 04:00:00', 'SGN', 'NRT', 1, 'TB017'),
('QH42518', 'QH-B787', '2026-04-25 04:35:00', '2026-04-25 10:05:00', 'NRT', 'SGN', 1, 'TB018'),
('QH42519', 'QH-B787', '2026-04-25 10:40:00', '2026-04-25 22:40:00', 'SGN', 'CDG', 1, 'TB019'),
('QH42520', 'QH-B787', '2026-04-25 23:15:00', '2026-04-26 11:15:00', 'CDG', 'SGN', 1, 'TB020'),
('QH42601', 'QH-B787', '2026-04-26 05:40:00', '2026-04-26 07:40:00', 'SGN', 'HAN', 1, 'TB001'),
('QH42602', 'QH-B787', '2026-04-26 08:15:00', '2026-04-26 10:15:00', 'HAN', 'SGN', 1, 'TB002'),
('QH42603', 'QH-B787', '2026-04-26 10:50:00', '2026-04-26 12:25:00', 'SGN', 'DAD', 1, 'TB003'),
('QH42604', 'QH-B787', '2026-04-26 12:55:00', '2026-04-26 14:30:00', 'DAD', 'SGN', 1, 'TB004'),
('QH42605', 'QH-B787', '2026-04-26 15:00:00', '2026-04-26 16:05:00', 'SGN', 'CXR', 1, 'TB005'),
('QH42606', 'QH-B787', '2026-04-26 16:35:00', '2026-04-26 17:40:00', 'CXR', 'SGN', 1, 'TB006'),
('QH42607', 'QH-B787', '2026-04-26 18:10:00', '2026-04-26 19:10:00', 'SGN', 'PQC', 1, 'TB007'),
('QH42608', 'QH-B787', '2026-04-26 19:40:00', '2026-04-26 20:40:00', 'PQC', 'SGN', 1, 'TB008'),
('QH42609', 'QH-B787', '2026-04-26 21:10:00', '2026-04-26 22:35:00', 'HAN', 'DAD', 1, 'TB009'),
('QH42610', 'QH-B787', '2026-04-26 23:05:00', '2026-04-27 00:30:00', 'DAD', 'HAN', 1, 'TB010'),
('QH42611', 'QH-B787', '2026-04-26 06:10:00', '2026-04-26 07:40:00', 'SGN', 'BKK', 1, 'TB011'),
('QH42612', 'QH-B787', '2026-04-26 08:10:00', '2026-04-26 09:40:00', 'BKK', 'SGN', 1, 'TB012'),
('QH42613', 'QH-B787', '2026-04-26 10:10:00', '2026-04-26 12:10:00', 'SGN', 'SIN', 1, 'TB013'),
('QH42614', 'QH-B787', '2026-04-26 12:40:00', '2026-04-26 14:40:00', 'SIN', 'SGN', 1, 'TB014'),
('QH42615', 'QH-B787', '2026-04-26 15:10:00', '2026-04-26 20:10:00', 'SGN', 'ICN', 1, 'TB015'),
('QH42616', 'QH-B787', '2026-04-26 20:40:00', '2026-04-27 01:40:00', 'ICN', 'SGN', 1, 'TB016'),
('QH42617', 'QH-B787', '2026-04-26 21:00:00', '2026-04-27 02:30:00', 'SGN', 'NRT', 1, 'TB017'),
('QH42618', 'QH-B787', '2026-04-26 03:00:00', '2026-04-26 08:30:00', 'NRT', 'SGN', 1, 'TB018'),
('QH42619', 'QH-B787', '2026-04-26 09:00:00', '2026-04-26 21:00:00', 'SGN', 'CDG', 1, 'TB019'),
('QH42620', 'QH-B787', '2026-04-26 22:00:00', '2026-04-27 10:00:00', 'CDG', 'SGN', 1, 'TB020'),
('QH42701', 'QH-B787', '2026-04-27 05:40:00', '2026-04-27 07:40:00', 'SGN', 'HAN', 1, 'TB001'),
('QH42702', 'QH-B787', '2026-04-27 08:15:00', '2026-04-27 10:15:00', 'HAN', 'SGN', 1, 'TB002'),
('QH42703', 'QH-B787', '2026-04-27 10:50:00', '2026-04-27 12:25:00', 'SGN', 'DAD', 1, 'TB003'),
('QH42704', 'QH-B787', '2026-04-27 12:55:00', '2026-04-27 14:30:00', 'DAD', 'SGN', 1, 'TB004'),
('QH42705', 'QH-B787', '2026-04-27 15:00:00', '2026-04-27 16:05:00', 'SGN', 'CXR', 1, 'TB005'),
('QH42706', 'QH-B787', '2026-04-27 16:35:00', '2026-04-27 17:40:00', 'CXR', 'SGN', 1, 'TB006'),
('QH42707', 'QH-B787', '2026-04-27 18:10:00', '2026-04-27 19:10:00', 'SGN', 'PQC', 1, 'TB007'),
('QH42708', 'QH-B787', '2026-04-27 19:40:00', '2026-04-27 20:40:00', 'PQC', 'SGN', 1, 'TB008'),
('QH42709', 'QH-B787', '2026-04-27 21:10:00', '2026-04-27 22:35:00', 'HAN', 'DAD', 1, 'TB009'),
('QH42710', 'QH-B787', '2026-04-27 23:05:00', '2026-04-28 00:30:00', 'DAD', 'HAN', 1, 'TB010'),
('QH42711', 'QH-B787', '2026-04-27 06:10:00', '2026-04-27 07:40:00', 'SGN', 'BKK', 1, 'TB011'),
('QH42712', 'QH-B787', '2026-04-27 08:10:00', '2026-04-27 09:40:00', 'BKK', 'SGN', 1, 'TB012'),
('QH42713', 'QH-B787', '2026-04-27 10:10:00', '2026-04-27 12:10:00', 'SGN', 'SIN', 1, 'TB013'),
('QH42714', 'QH-B787', '2026-04-27 12:40:00', '2026-04-27 14:40:00', 'SIN', 'SGN', 1, 'TB014'),
('QH42715', 'QH-B787', '2026-04-27 15:10:00', '2026-04-27 20:10:00', 'SGN', 'ICN', 1, 'TB015'),
('QH42716', 'QH-B787', '2026-04-27 20:40:00', '2026-04-28 01:40:00', 'ICN', 'SGN', 1, 'TB016'),
('QH42717', 'QH-B787', '2026-04-27 21:00:00', '2026-04-28 02:30:00', 'SGN', 'NRT', 1, 'TB017'),
('QH42718', 'QH-B787', '2026-04-27 03:00:00', '2026-04-27 08:30:00', 'NRT', 'SGN', 1, 'TB018'),
('QH42719', 'QH-B787', '2026-04-27 09:00:00', '2026-04-27 21:00:00', 'SGN', 'CDG', 1, 'TB019'),
('QH42720', 'QH-B787', '2026-04-27 22:00:00', '2026-04-28 10:00:00', 'CDG', 'SGN', 1, 'TB020'),
('QH42801', 'QH-B787', '2026-04-28 05:40:00', '2026-04-28 07:40:00', 'SGN', 'HAN', 1, 'TB001'),
('QH42802', 'QH-B787', '2026-04-28 08:15:00', '2026-04-28 10:15:00', 'HAN', 'SGN', 1, 'TB002'),
('QH42803', 'QH-B787', '2026-04-28 10:50:00', '2026-04-28 12:25:00', 'SGN', 'DAD', 1, 'TB003'),
('QH42804', 'QH-B787', '2026-04-28 12:55:00', '2026-04-28 14:30:00', 'DAD', 'SGN', 1, 'TB004'),
('QH42805', 'QH-B787', '2026-04-28 15:00:00', '2026-04-28 16:05:00', 'SGN', 'CXR', 1, 'TB005'),
('QH42806', 'QH-B787', '2026-04-28 16:35:00', '2026-04-28 17:40:00', 'CXR', 'SGN', 1, 'TB006'),
('QH42807', 'QH-B787', '2026-04-28 18:10:00', '2026-04-28 19:10:00', 'SGN', 'PQC', 1, 'TB007'),
('QH42808', 'QH-B787', '2026-04-28 19:40:00', '2026-04-28 20:40:00', 'PQC', 'SGN', 1, 'TB008'),
('QH42809', 'QH-B787', '2026-04-28 21:10:00', '2026-04-28 22:35:00', 'HAN', 'DAD', 1, 'TB009'),
('QH42810', 'QH-B787', '2026-04-28 23:05:00', '2026-04-29 00:30:00', 'DAD', 'HAN', 1, 'TB010'),
('QH42811', 'QH-B787', '2026-04-28 06:10:00', '2026-04-28 07:40:00', 'SGN', 'BKK', 1, 'TB011'),
('QH42812', 'QH-B787', '2026-04-28 08:10:00', '2026-04-28 09:40:00', 'BKK', 'SGN', 1, 'TB012'),
('QH42813', 'QH-B787', '2026-04-28 10:10:00', '2026-04-28 12:10:00', 'SGN', 'SIN', 1, 'TB013'),
('QH42814', 'QH-B787', '2026-04-28 12:40:00', '2026-04-28 14:40:00', 'SIN', 'SGN', 1, 'TB014'),
('QH42815', 'QH-B787', '2026-04-28 15:10:00', '2026-04-28 20:10:00', 'SGN', 'ICN', 1, 'TB015'),
('QH42816', 'QH-B787', '2026-04-28 20:40:00', '2026-04-29 01:40:00', 'ICN', 'SGN', 1, 'TB016'),
('QH42817', 'QH-B787', '2026-04-28 21:00:00', '2026-04-29 02:30:00', 'SGN', 'NRT', 1, 'TB017'),
('QH42818', 'QH-B787', '2026-04-28 03:00:00', '2026-04-28 08:30:00', 'NRT', 'SGN', 1, 'TB018'),
('QH42819', 'QH-B787', '2026-04-28 09:00:00', '2026-04-28 21:00:00', 'SGN', 'CDG', 1, 'TB019'),
('QH42820', 'QH-B787', '2026-04-28 22:00:00', '2026-04-29 10:00:00', 'CDG', 'SGN', 1, 'TB020'),
('QH42901', 'QH-B787', '2026-04-29 05:50:00', '2026-04-29 07:50:00', 'SGN', 'HAN', 1, 'TB001'),
('QH42903', 'QH-B787', '2026-04-29 09:40:00', '2026-04-29 11:15:00', 'SGN', 'DAD', 1, 'TB003'),
('QH42905', 'QH-B787', '2026-04-29 13:10:00', '2026-04-29 14:20:00', 'SGN', 'CXR', 1, 'TB005'),
('QH42907', 'QH-B787', '2026-04-29 16:10:00', '2026-04-29 17:10:00', 'SGN', 'PQC', 1, 'TB007'),
('QH42909', 'QH-B787', '2026-04-29 19:10:00', '2026-04-29 20:30:00', 'HAN', 'DAD', 1, 'TB009'),
('QH42911', 'QH-B787', '2026-04-29 08:20:00', '2026-04-29 09:50:00', 'SGN', 'BKK', 1, 'TB011'),
('QH42913', 'QH-B787', '2026-04-29 11:50:00', '2026-04-29 13:50:00', 'SGN', 'SIN', 1, 'TB013'),
('QH42915', 'QH-B787', '2026-04-29 17:40:00', '2026-04-29 22:40:00', 'SGN', 'ICN', 1, 'TB015'),
('QH42917', 'QH-B787', '2026-04-29 22:10:00', '2026-04-30 04:10:00', 'SGN', 'NRT', 1, 'TB017'),
('QH42919', 'QH-B787', '2026-04-29 23:55:00', '2026-04-30 11:55:00', 'SGN', 'CDG', 1, 'TB019'),
('QH43001', 'QH-B787', '2026-04-30 05:40:00', '2026-04-30 07:40:00', 'SGN', 'HAN', 1, 'TB001'),
('QH43002', 'QH-B787', '2026-04-30 08:15:00', '2026-04-30 10:15:00', 'HAN', 'SGN', 1, 'TB002'),
('QH43003', 'QH-B787', '2026-04-30 10:50:00', '2026-04-30 12:25:00', 'SGN', 'DAD', 1, 'TB003'),
('QH43004', 'QH-B787', '2026-04-30 12:55:00', '2026-04-30 14:30:00', 'DAD', 'SGN', 1, 'TB004'),
('QH43005', 'QH-B787', '2026-04-30 15:00:00', '2026-04-30 16:05:00', 'SGN', 'CXR', 1, 'TB005'),
('QH43006', 'QH-B787', '2026-04-30 16:35:00', '2026-04-30 17:40:00', 'CXR', 'SGN', 1, 'TB006'),
('QH43007', 'QH-B787', '2026-04-30 18:10:00', '2026-04-30 19:10:00', 'SGN', 'PQC', 1, 'TB007'),
('QH43008', 'QH-B787', '2026-04-30 19:40:00', '2026-04-30 20:40:00', 'PQC', 'SGN', 1, 'TB008'),
('QH43009', 'QH-B787', '2026-04-30 21:10:00', '2026-04-30 22:35:00', 'HAN', 'DAD', 1, 'TB009'),
('QH43010', 'QH-B787', '2026-04-30 23:05:00', '2026-05-01 00:30:00', 'DAD', 'HAN', 1, 'TB010'),
('QH50201', 'QH-B787', '2026-05-02 05:40:00', '2026-05-02 07:40:00', 'SGN', 'HAN', 1, 'TB001'),
('QH50202', 'QH-B787', '2026-05-02 08:15:00', '2026-05-02 10:15:00', 'HAN', 'SGN', 1, 'TB002'),
('QH50203', 'QH-B787', '2026-05-02 10:50:00', '2026-05-02 12:25:00', 'SGN', 'DAD', 1, 'TB003'),
('QH50204', 'QH-B787', '2026-05-02 12:55:00', '2026-05-02 14:30:00', 'DAD', 'SGN', 1, 'TB004'),
('QH50205', 'QH-B787', '2026-05-02 15:00:00', '2026-05-02 16:05:00', 'SGN', 'CXR', 1, 'TB005'),
('QH50206', 'QH-B787', '2026-05-02 16:35:00', '2026-05-02 17:40:00', 'CXR', 'SGN', 1, 'TB006'),
('QH50207', 'QH-B787', '2026-05-02 18:10:00', '2026-05-02 19:10:00', 'SGN', 'PQC', 1, 'TB007'),
('QH50208', 'QH-B787', '2026-05-02 19:40:00', '2026-05-02 20:40:00', 'PQC', 'SGN', 1, 'TB008'),
('QH50209', 'QH-B787', '2026-05-02 21:10:00', '2026-05-02 22:35:00', 'HAN', 'DAD', 1, 'TB009'),
('QH50210', 'QH-B787', '2026-05-02 23:05:00', '2026-05-03 00:30:00', 'DAD', 'HAN', 1, 'TB010'),
('QH50211', 'QH-B787', '2026-05-02 06:10:00', '2026-05-02 07:40:00', 'SGN', 'BKK', 1, 'TB011'),
('QH50212', 'QH-B787', '2026-05-02 08:10:00', '2026-05-02 09:40:00', 'BKK', 'SGN', 1, 'TB012'),
('QH50213', 'QH-B787', '2026-05-02 10:10:00', '2026-05-02 12:10:00', 'SGN', 'SIN', 1, 'TB013'),
('QH50214', 'QH-B787', '2026-05-02 12:40:00', '2026-05-02 14:40:00', 'SIN', 'SGN', 1, 'TB014'),
('QH50215', 'QH-B787', '2026-05-02 15:10:00', '2026-05-02 20:10:00', 'SGN', 'ICN', 1, 'TB015'),
('QH50216', 'QH-B787', '2026-05-02 20:40:00', '2026-05-03 01:40:00', 'ICN', 'SGN', 1, 'TB016'),
('QH50217', 'QH-B787', '2026-05-02 21:00:00', '2026-05-03 02:30:00', 'SGN', 'NRT', 1, 'TB017'),
('QH50218', 'QH-B787', '2026-05-02 03:00:00', '2026-05-02 08:30:00', 'NRT', 'SGN', 1, 'TB018'),
('QH50219', 'QH-B787', '2026-05-02 09:00:00', '2026-05-02 21:00:00', 'SGN', 'CDG', 1, 'TB019'),
('QH50220', 'QH-B787', '2026-05-02 22:00:00', '2026-05-03 10:00:00', 'CDG', 'SGN', 1, 'TB020'),
('QH50301', 'QH-B787', '2026-05-03 05:40:00', '2026-05-03 07:40:00', 'SGN', 'HAN', 1, 'TB001'),
('QH50302', 'QH-B787', '2026-05-03 08:15:00', '2026-05-03 10:15:00', 'HAN', 'SGN', 1, 'TB002'),
('QH50303', 'QH-B787', '2026-05-03 10:50:00', '2026-05-03 12:25:00', 'SGN', 'DAD', 1, 'TB003'),
('QH50304', 'QH-B787', '2026-05-03 12:55:00', '2026-05-03 14:30:00', 'DAD', 'SGN', 1, 'TB004'),
('QH50305', 'QH-B787', '2026-05-03 15:00:00', '2026-05-03 16:05:00', 'SGN', 'CXR', 1, 'TB005'),
('QH50306', 'QH-B787', '2026-05-03 16:35:00', '2026-05-03 17:40:00', 'CXR', 'SGN', 1, 'TB006'),
('QH50307', 'QH-B787', '2026-05-03 18:10:00', '2026-05-03 19:10:00', 'SGN', 'PQC', 1, 'TB007'),
('QH50308', 'QH-B787', '2026-05-03 19:40:00', '2026-05-03 20:40:00', 'PQC', 'SGN', 1, 'TB008'),
('QH50309', 'QH-B787', '2026-05-03 21:10:00', '2026-05-03 22:35:00', 'HAN', 'DAD', 1, 'TB009'),
('QH50310', 'QH-B787', '2026-05-03 23:05:00', '2026-05-04 00:30:00', 'DAD', 'HAN', 1, 'TB010'),
('QH50311', 'QH-B787', '2026-05-03 06:10:00', '2026-05-03 07:40:00', 'SGN', 'BKK', 1, 'TB011'),
('QH50312', 'QH-B787', '2026-05-03 08:10:00', '2026-05-03 09:40:00', 'BKK', 'SGN', 1, 'TB012'),
('QH50313', 'QH-B787', '2026-05-03 10:10:00', '2026-05-03 12:10:00', 'SGN', 'SIN', 1, 'TB013'),
('QH50314', 'QH-B787', '2026-05-03 12:40:00', '2026-05-03 14:40:00', 'SIN', 'SGN', 1, 'TB014'),
('QH50315', 'QH-B787', '2026-05-03 15:10:00', '2026-05-03 20:10:00', 'SGN', 'ICN', 1, 'TB015'),
('QH50316', 'QH-B787', '2026-05-03 20:40:00', '2026-05-04 01:40:00', 'ICN', 'SGN', 1, 'TB016'),
('QH50317', 'QH-B787', '2026-05-03 21:00:00', '2026-05-04 02:30:00', 'SGN', 'NRT', 1, 'TB017'),
('QH50318', 'QH-B787', '2026-05-03 03:00:00', '2026-05-03 08:30:00', 'NRT', 'SGN', 1, 'TB018'),
('QH50319', 'QH-B787', '2026-05-03 09:00:00', '2026-05-03 21:00:00', 'SGN', 'CDG', 1, 'TB019'),
('QH50320', 'QH-B787', '2026-05-03 22:00:00', '2026-05-04 10:00:00', 'CDG', 'SGN', 1, 'TB020'),
('QH50401', 'QH-B787', '2026-05-04 05:40:00', '2026-05-04 07:40:00', 'SGN', 'HAN', 1, 'TB001'),
('QH50402', 'QH-B787', '2026-05-04 08:15:00', '2026-05-04 10:15:00', 'HAN', 'SGN', 1, 'TB002'),
('QH50403', 'QH-B787', '2026-05-04 10:50:00', '2026-05-04 12:25:00', 'SGN', 'DAD', 1, 'TB003'),
('QH50404', 'QH-B787', '2026-05-04 12:55:00', '2026-05-04 14:30:00', 'DAD', 'SGN', 1, 'TB004'),
('QH50405', 'QH-B787', '2026-05-04 15:00:00', '2026-05-04 16:05:00', 'SGN', 'CXR', 1, 'TB005'),
('QH50406', 'QH-B787', '2026-05-04 16:35:00', '2026-05-04 17:40:00', 'CXR', 'SGN', 1, 'TB006'),
('QH50407', 'QH-B787', '2026-05-04 18:10:00', '2026-05-04 19:10:00', 'SGN', 'PQC', 1, 'TB007'),
('QH50408', 'QH-B787', '2026-05-04 19:40:00', '2026-05-04 20:40:00', 'PQC', 'SGN', 1, 'TB008'),
('QH50409', 'QH-B787', '2026-05-04 21:10:00', '2026-05-04 22:35:00', 'HAN', 'DAD', 1, 'TB009'),
('QH50410', 'QH-B787', '2026-05-04 23:05:00', '2026-05-05 00:30:00', 'DAD', 'HAN', 1, 'TB010'),
('QH50411', 'QH-B787', '2026-05-04 06:10:00', '2026-05-04 07:40:00', 'SGN', 'BKK', 1, 'TB011'),
('QH50412', 'QH-B787', '2026-05-04 08:10:00', '2026-05-04 09:40:00', 'BKK', 'SGN', 1, 'TB012'),
('QH50413', 'QH-B787', '2026-05-04 10:10:00', '2026-05-04 12:10:00', 'SGN', 'SIN', 1, 'TB013'),
('QH50414', 'QH-B787', '2026-05-04 12:40:00', '2026-05-04 14:40:00', 'SIN', 'SGN', 1, 'TB014'),
('QH50415', 'QH-B787', '2026-05-04 15:10:00', '2026-05-04 20:10:00', 'SGN', 'ICN', 1, 'TB015'),
('QH50416', 'QH-B787', '2026-05-04 20:40:00', '2026-05-05 01:40:00', 'ICN', 'SGN', 1, 'TB016'),
('QH50417', 'QH-B787', '2026-05-04 21:00:00', '2026-05-05 02:30:00', 'SGN', 'NRT', 1, 'TB017'),
('QH50418', 'QH-B787', '2026-05-04 03:00:00', '2026-05-04 08:30:00', 'NRT', 'SGN', 1, 'TB018'),
('QH50419', 'QH-B787', '2026-05-04 09:00:00', '2026-05-04 21:00:00', 'SGN', 'CDG', 1, 'TB019'),
('QH50420', 'QH-B787', '2026-05-04 22:00:00', '2026-05-05 10:00:00', 'CDG', 'SGN', 1, 'TB020'),
('QH50501', 'QH-B787', '2026-05-05 05:40:00', '2026-05-05 07:40:00', 'SGN', 'HAN', 1, 'TB001'),
('QH50502', 'QH-B787', '2026-05-05 08:15:00', '2026-05-05 10:15:00', 'HAN', 'SGN', 1, 'TB002'),
('QH50503', 'QH-B787', '2026-05-05 10:50:00', '2026-05-05 12:25:00', 'SGN', 'DAD', 1, 'TB003'),
('QH50504', 'QH-B787', '2026-05-05 12:55:00', '2026-05-05 14:30:00', 'DAD', 'SGN', 1, 'TB004');
INSERT INTO `chuyenbay` (`MACHUYENBAY`, `MAMAYBAY`, `THOIGIANDI`, `THOIGIANDEN`, `MASANBAYDI`, `MASANBAYDEN`, `TRANGTHAI_CB`, `MATUYEN`) VALUES
('QH50505', 'QH-B787', '2026-05-05 15:00:00', '2026-05-05 16:05:00', 'SGN', 'CXR', 1, 'TB005'),
('QH50506', 'QH-B787', '2026-05-05 16:35:00', '2026-05-05 17:40:00', 'CXR', 'SGN', 1, 'TB006'),
('QH50507', 'QH-B787', '2026-05-05 18:10:00', '2026-05-05 19:10:00', 'SGN', 'PQC', 1, 'TB007'),
('QH50508', 'QH-B787', '2026-05-05 19:40:00', '2026-05-05 20:40:00', 'PQC', 'SGN', 1, 'TB008'),
('QH50509', 'QH-B787', '2026-05-05 21:10:00', '2026-05-05 22:35:00', 'HAN', 'DAD', 1, 'TB009'),
('QH50510', 'QH-B787', '2026-05-05 23:05:00', '2026-05-06 00:30:00', 'DAD', 'HAN', 1, 'TB010'),
('QH50511', 'QH-B787', '2026-05-05 06:10:00', '2026-05-05 07:40:00', 'SGN', 'BKK', 1, 'TB011'),
('QH50512', 'QH-B787', '2026-05-05 08:10:00', '2026-05-05 09:40:00', 'BKK', 'SGN', 1, 'TB012'),
('QH50513', 'QH-B787', '2026-05-05 10:10:00', '2026-05-05 12:10:00', 'SGN', 'SIN', 1, 'TB013'),
('QH50514', 'QH-B787', '2026-05-05 12:40:00', '2026-05-05 14:40:00', 'SIN', 'SGN', 1, 'TB014'),
('QH50515', 'QH-B787', '2026-05-05 15:10:00', '2026-05-05 20:10:00', 'SGN', 'ICN', 1, 'TB015'),
('QH50516', 'QH-B787', '2026-05-05 20:40:00', '2026-05-06 01:40:00', 'ICN', 'SGN', 1, 'TB016'),
('QH50517', 'QH-B787', '2026-05-05 21:00:00', '2026-05-06 02:30:00', 'SGN', 'NRT', 1, 'TB017'),
('QH50518', 'QH-B787', '2026-05-05 03:00:00', '2026-05-05 08:30:00', 'NRT', 'SGN', 1, 'TB018'),
('QH50519', 'QH-B787', '2026-05-05 09:00:00', '2026-05-05 21:00:00', 'SGN', 'CDG', 1, 'TB019'),
('QH50520', 'QH-B787', '2026-05-05 22:00:00', '2026-05-06 10:00:00', 'CDG', 'SGN', 1, 'TB020'),
('VJ040101', 'VJ-A320', '2026-04-01 07:15:00', '2026-04-01 08:50:00', 'SGN', 'DAD', 4, 'TB003'),
('VJ040102', 'VJ-A320', '2026-04-01 10:05:00', '2026-04-01 11:40:00', 'DAD', 'SGN', 4, 'TB004'),
('VJ040103', 'VJ-A320', '2026-04-01 14:00:00', '2026-04-01 15:05:00', 'SGN', 'CXR', 4, 'TB005'),
('VJ040104', 'VJ-A320', '2026-04-01 16:15:00', '2026-04-01 17:20:00', 'CXR', 'SGN', 4, 'TB006'),
('VJ040201', 'VJ-A320', '2026-04-02 07:15:00', '2026-04-02 08:50:00', 'SGN', 'DAD', 4, 'TB003'),
('VJ040202', 'VJ-A320', '2026-04-02 10:05:00', '2026-04-02 11:40:00', 'DAD', 'SGN', 4, 'TB004'),
('VJ040203', 'VJ-A320', '2026-04-02 14:00:00', '2026-04-02 15:05:00', 'SGN', 'CXR', 4, 'TB005'),
('VJ040204', 'VJ-A320', '2026-04-02 16:15:00', '2026-04-02 17:20:00', 'CXR', 'SGN', 4, 'TB006'),
('VJ040301', 'VJ-A320', '2026-04-03 07:15:00', '2026-04-03 08:50:00', 'SGN', 'DAD', 4, 'TB003'),
('VJ040302', 'VJ-A320', '2026-04-03 10:05:00', '2026-04-03 11:40:00', 'DAD', 'SGN', 4, 'TB004'),
('VJ040303', 'VJ-A320', '2026-04-03 14:00:00', '2026-04-03 15:05:00', 'SGN', 'CXR', 4, 'TB005'),
('VJ040304', 'VJ-A320', '2026-04-03 16:15:00', '2026-04-03 17:20:00', 'CXR', 'SGN', 4, 'TB006'),
('VJ040401', 'VJ-A320', '2026-04-04 07:15:00', '2026-04-04 08:50:00', 'SGN', 'DAD', 4, 'TB003'),
('VJ040402', 'VJ-A320', '2026-04-04 10:05:00', '2026-04-04 11:40:00', 'DAD', 'SGN', 4, 'TB004'),
('VJ040403', 'VJ-A320', '2026-04-04 14:00:00', '2026-04-04 15:05:00', 'SGN', 'CXR', 4, 'TB005'),
('VJ040404', 'VJ-A320', '2026-04-04 16:15:00', '2026-04-04 17:20:00', 'CXR', 'SGN', 4, 'TB006'),
('VJ040501', 'VJ-A320', '2026-04-05 07:15:00', '2026-04-05 08:50:00', 'SGN', 'DAD', 4, 'TB003'),
('VJ040502', 'VJ-A320', '2026-04-05 10:05:00', '2026-04-05 11:40:00', 'DAD', 'SGN', 4, 'TB004'),
('VJ040503', 'VJ-A320', '2026-04-05 14:00:00', '2026-04-05 15:05:00', 'SGN', 'CXR', 4, 'TB005'),
('VJ040504', 'VJ-A320', '2026-04-05 16:15:00', '2026-04-05 17:20:00', 'CXR', 'SGN', 4, 'TB006'),
('VJ040601', 'VJ-A320', '2026-04-06 07:15:00', '2026-04-06 08:50:00', 'SGN', 'DAD', 4, 'TB003'),
('VJ040602', 'VJ-A320', '2026-04-06 10:05:00', '2026-04-06 11:40:00', 'DAD', 'SGN', 4, 'TB004'),
('VJ040603', 'VJ-A320', '2026-04-06 14:00:00', '2026-04-06 15:05:00', 'SGN', 'CXR', 4, 'TB005'),
('VJ040604', 'VJ-A320', '2026-04-06 16:15:00', '2026-04-06 17:20:00', 'CXR', 'SGN', 4, 'TB006'),
('VJ040701', 'VJ-A320', '2026-04-07 07:15:00', '2026-04-07 08:50:00', 'SGN', 'DAD', 4, 'TB003'),
('VJ040702', 'VJ-A320', '2026-04-07 10:05:00', '2026-04-07 11:40:00', 'DAD', 'SGN', 4, 'TB004'),
('VJ040703', 'VJ-A320', '2026-04-07 14:00:00', '2026-04-07 15:05:00', 'SGN', 'CXR', 4, 'TB005'),
('VJ040704', 'VJ-A320', '2026-04-07 16:15:00', '2026-04-07 17:20:00', 'CXR', 'SGN', 4, 'TB006'),
('VJ040801', 'VJ-A320', '2026-04-08 07:15:00', '2026-04-08 08:50:00', 'SGN', 'DAD', 4, 'TB003'),
('VJ040802', 'VJ-A320', '2026-04-08 10:05:00', '2026-04-08 11:40:00', 'DAD', 'SGN', 2, 'TB004'),
('VJ040803', 'VJ-A320', '2026-04-08 14:00:00', '2026-04-08 15:05:00', 'SGN', 'CXR', 1, 'TB005'),
('VJ040804', 'VJ-A320', '2026-04-08 16:15:00', '2026-04-08 17:20:00', 'CXR', 'SGN', 1, 'TB006'),
('VJ040901', 'VJ-A320', '2026-04-09 07:15:00', '2026-04-09 08:50:00', 'SGN', 'DAD', 1, 'TB003'),
('VJ040902', 'VJ-A320', '2026-04-09 10:05:00', '2026-04-09 11:40:00', 'DAD', 'SGN', 1, 'TB004'),
('VJ040903', 'VJ-A320', '2026-04-09 14:00:00', '2026-04-09 15:05:00', 'SGN', 'CXR', 1, 'TB005'),
('VJ040904', 'VJ-A320', '2026-04-09 16:15:00', '2026-04-09 17:20:00', 'CXR', 'SGN', 1, 'TB006'),
('VJ041001', 'VJ-A320', '2026-04-10 07:15:00', '2026-04-10 08:50:00', 'SGN', 'DAD', 1, 'TB003'),
('VJ041002', 'VJ-A320', '2026-04-10 10:05:00', '2026-04-10 11:40:00', 'DAD', 'SGN', 1, 'TB004'),
('VJ041003', 'VJ-A320', '2026-04-10 14:00:00', '2026-04-10 15:05:00', 'SGN', 'CXR', 1, 'TB005'),
('VJ041004', 'VJ-A320', '2026-04-10 16:15:00', '2026-04-10 17:20:00', 'CXR', 'SGN', 1, 'TB006'),
('VJ041101', 'VJ-A320', '2026-04-11 07:15:00', '2026-04-11 08:50:00', 'SGN', 'DAD', 1, 'TB003'),
('VJ041102', 'VJ-A320', '2026-04-11 10:05:00', '2026-04-11 11:40:00', 'DAD', 'SGN', 1, 'TB004'),
('VJ041103', 'VJ-A320', '2026-04-11 14:00:00', '2026-04-11 15:05:00', 'SGN', 'CXR', 1, 'TB005'),
('VJ041104', 'VJ-A320', '2026-04-11 16:15:00', '2026-04-11 17:20:00', 'CXR', 'SGN', 1, 'TB006'),
('VJ041201', 'VJ-A320', '2026-04-12 07:15:00', '2026-04-12 08:50:00', 'SGN', 'DAD', 1, 'TB003'),
('VJ041202', 'VJ-A320', '2026-04-12 10:05:00', '2026-04-12 11:40:00', 'DAD', 'SGN', 1, 'TB004'),
('VJ041203', 'VJ-A320', '2026-04-12 14:00:00', '2026-04-12 15:05:00', 'SGN', 'CXR', 1, 'TB005'),
('VJ041204', 'VJ-A320', '2026-04-12 16:15:00', '2026-04-12 17:20:00', 'CXR', 'SGN', 1, 'TB006'),
('VJ041301', 'VJ-A320', '2026-04-13 07:15:00', '2026-04-13 08:50:00', 'SGN', 'DAD', 1, 'TB003'),
('VJ041302', 'VJ-A320', '2026-04-13 10:05:00', '2026-04-13 11:40:00', 'DAD', 'SGN', 1, 'TB004'),
('VJ041303', 'VJ-A320', '2026-04-13 14:00:00', '2026-04-13 15:05:00', 'SGN', 'CXR', 1, 'TB005'),
('VJ041304', 'VJ-A320', '2026-04-13 16:15:00', '2026-04-13 17:20:00', 'CXR', 'SGN', 1, 'TB006'),
('VJ041401', 'VJ-A320', '2026-04-14 07:15:00', '2026-04-14 08:50:00', 'SGN', 'DAD', 1, 'TB003'),
('VJ041402', 'VJ-A320', '2026-04-14 10:05:00', '2026-04-14 11:40:00', 'DAD', 'SGN', 1, 'TB004'),
('VJ041403', 'VJ-A320', '2026-04-14 14:00:00', '2026-04-14 15:05:00', 'SGN', 'CXR', 1, 'TB005'),
('VJ041404', 'VJ-A320', '2026-04-14 16:15:00', '2026-04-14 17:20:00', 'CXR', 'SGN', 1, 'TB006'),
('VJ041501', 'VJ-A320', '2026-04-15 07:15:00', '2026-04-15 08:50:00', 'SGN', 'DAD', 1, 'TB003'),
('VJ041502', 'VJ-A320', '2026-04-15 10:05:00', '2026-04-15 11:40:00', 'DAD', 'SGN', 1, 'TB004'),
('VJ041503', 'VJ-A320', '2026-04-15 14:00:00', '2026-04-15 15:05:00', 'SGN', 'CXR', 1, 'TB005'),
('VJ041504', 'VJ-A320', '2026-04-15 16:15:00', '2026-04-15 17:20:00', 'CXR', 'SGN', 1, 'TB006'),
('VJ041601', 'VJ-A320', '2026-04-16 07:15:00', '2026-04-16 08:50:00', 'SGN', 'DAD', 1, 'TB003'),
('VJ041602', 'VJ-A320', '2026-04-16 10:05:00', '2026-04-16 11:40:00', 'DAD', 'SGN', 1, 'TB004'),
('VJ041603', 'VJ-A320', '2026-04-16 14:00:00', '2026-04-16 15:05:00', 'SGN', 'CXR', 1, 'TB005'),
('VJ041604', 'VJ-A320', '2026-04-16 16:15:00', '2026-04-16 17:20:00', 'CXR', 'SGN', 1, 'TB006'),
('VJ041701', 'VJ-A320', '2026-04-17 07:15:00', '2026-04-17 08:50:00', 'SGN', 'DAD', 1, 'TB003'),
('VJ041702', 'VJ-A320', '2026-04-17 10:05:00', '2026-04-17 11:40:00', 'DAD', 'SGN', 1, 'TB004'),
('VJ041703', 'VJ-A320', '2026-04-17 14:00:00', '2026-04-17 15:05:00', 'SGN', 'CXR', 1, 'TB005'),
('VJ041704', 'VJ-A320', '2026-04-17 16:15:00', '2026-04-17 17:20:00', 'CXR', 'SGN', 1, 'TB006'),
('VJ041801', 'VJ-A320', '2026-04-18 07:15:00', '2026-04-18 08:50:00', 'SGN', 'DAD', 1, 'TB003'),
('VJ041802', 'VJ-A320', '2026-04-18 10:05:00', '2026-04-18 11:40:00', 'DAD', 'SGN', 1, 'TB004'),
('VJ041803', 'VJ-A320', '2026-04-18 14:00:00', '2026-04-18 15:05:00', 'SGN', 'CXR', 1, 'TB005'),
('VJ041804', 'VJ-A320', '2026-04-18 16:15:00', '2026-04-18 17:20:00', 'CXR', 'SGN', 1, 'TB006'),
('VJ041901', 'VJ-A320', '2026-04-19 07:15:00', '2026-04-19 08:50:00', 'SGN', 'DAD', 1, 'TB003'),
('VJ041902', 'VJ-A320', '2026-04-19 10:05:00', '2026-04-19 11:40:00', 'DAD', 'SGN', 1, 'TB004'),
('VJ041903', 'VJ-A320', '2026-04-19 14:00:00', '2026-04-19 15:05:00', 'SGN', 'CXR', 1, 'TB005'),
('VJ041904', 'VJ-A320', '2026-04-19 16:15:00', '2026-04-19 17:20:00', 'CXR', 'SGN', 1, 'TB006'),
('VJ042001', 'VJ-A320', '2026-04-20 07:15:00', '2026-04-20 08:50:00', 'SGN', 'DAD', 1, 'TB003'),
('VJ042002', 'VJ-A320', '2026-04-20 10:05:00', '2026-04-20 11:40:00', 'DAD', 'SGN', 1, 'TB004'),
('VJ042003', 'VJ-A320', '2026-04-20 14:00:00', '2026-04-20 15:05:00', 'SGN', 'CXR', 1, 'TB005'),
('VJ042004', 'VJ-A320', '2026-04-20 16:15:00', '2026-04-20 17:20:00', 'CXR', 'SGN', 1, 'TB006'),
('VJ042101', 'VJ-A320', '2026-04-21 07:15:00', '2026-04-21 08:50:00', 'SGN', 'DAD', 1, 'TB003'),
('VJ042102', 'VJ-A320', '2026-04-21 10:05:00', '2026-04-21 11:40:00', 'DAD', 'SGN', 1, 'TB004'),
('VJ042103', 'VJ-A320', '2026-04-21 14:00:00', '2026-04-21 15:05:00', 'SGN', 'CXR', 1, 'TB005'),
('VJ042104', 'VJ-A320', '2026-04-21 16:15:00', '2026-04-21 17:20:00', 'CXR', 'SGN', 1, 'TB006'),
('VJ042201', 'VJ-A320', '2026-04-22 07:15:00', '2026-04-22 08:50:00', 'SGN', 'DAD', 1, 'TB003'),
('VJ042202', 'VJ-A320', '2026-04-22 10:05:00', '2026-04-22 11:40:00', 'DAD', 'SGN', 1, 'TB004'),
('VJ042203', 'VJ-A320', '2026-04-22 14:00:00', '2026-04-22 15:05:00', 'SGN', 'CXR', 1, 'TB005'),
('VJ042204', 'VJ-A320', '2026-04-22 16:15:00', '2026-04-22 17:20:00', 'CXR', 'SGN', 1, 'TB006'),
('VJ042301', 'VJ-A320', '2026-04-23 07:15:00', '2026-04-23 08:50:00', 'SGN', 'DAD', 1, 'TB003'),
('VJ042302', 'VJ-A320', '2026-04-23 10:05:00', '2026-04-23 11:40:00', 'DAD', 'SGN', 1, 'TB004'),
('VJ042303', 'VJ-A320', '2026-04-23 14:00:00', '2026-04-23 15:05:00', 'SGN', 'CXR', 1, 'TB005'),
('VJ042304', 'VJ-A320', '2026-04-23 16:15:00', '2026-04-23 17:20:00', 'CXR', 'SGN', 1, 'TB006'),
('VJ042401', 'VJ-A320', '2026-04-24 07:15:00', '2026-04-24 08:50:00', 'SGN', 'DAD', 1, 'TB003'),
('VJ042402', 'VJ-A320', '2026-04-24 10:05:00', '2026-04-24 11:40:00', 'DAD', 'SGN', 1, 'TB004'),
('VJ042403', 'VJ-A320', '2026-04-24 14:00:00', '2026-04-24 15:05:00', 'SGN', 'CXR', 1, 'TB005'),
('VJ042404', 'VJ-A320', '2026-04-24 16:15:00', '2026-04-24 17:20:00', 'CXR', 'SGN', 1, 'TB006'),
('VJ042501', 'VJ-A320', '2026-04-25 07:15:00', '2026-04-25 08:50:00', 'SGN', 'DAD', 1, 'TB003'),
('VJ042502', 'VJ-A320', '2026-04-25 10:05:00', '2026-04-25 11:40:00', 'DAD', 'SGN', 1, 'TB004'),
('VJ042503', 'VJ-A320', '2026-04-25 14:00:00', '2026-04-25 15:05:00', 'SGN', 'CXR', 1, 'TB005'),
('VJ042504', 'VJ-A320', '2026-04-25 16:15:00', '2026-04-25 17:20:00', 'CXR', 'SGN', 1, 'TB006'),
('VJ042601', 'VJ-A320', '2026-04-26 07:15:00', '2026-04-26 08:50:00', 'SGN', 'DAD', 1, 'TB003'),
('VJ042602', 'VJ-A320', '2026-04-26 10:05:00', '2026-04-26 11:40:00', 'DAD', 'SGN', 1, 'TB004'),
('VJ042603', 'VJ-A320', '2026-04-26 14:00:00', '2026-04-26 15:05:00', 'SGN', 'CXR', 1, 'TB005'),
('VJ042604', 'VJ-A320', '2026-04-26 16:15:00', '2026-04-26 17:20:00', 'CXR', 'SGN', 1, 'TB006'),
('VJ042701', 'VJ-A320', '2026-04-27 07:15:00', '2026-04-27 08:50:00', 'SGN', 'DAD', 1, 'TB003'),
('VJ042702', 'VJ-A320', '2026-04-27 10:05:00', '2026-04-27 11:40:00', 'DAD', 'SGN', 1, 'TB004'),
('VJ042703', 'VJ-A320', '2026-04-27 14:00:00', '2026-04-27 15:05:00', 'SGN', 'CXR', 1, 'TB005'),
('VJ042704', 'VJ-A320', '2026-04-27 16:15:00', '2026-04-27 17:20:00', 'CXR', 'SGN', 1, 'TB006'),
('VJ042801', 'VJ-A320', '2026-04-28 07:15:00', '2026-04-28 08:50:00', 'SGN', 'DAD', 1, 'TB003'),
('VJ042802', 'VJ-A320', '2026-04-28 10:05:00', '2026-04-28 11:40:00', 'DAD', 'SGN', 1, 'TB004'),
('VJ042803', 'VJ-A320', '2026-04-28 14:00:00', '2026-04-28 15:05:00', 'SGN', 'CXR', 1, 'TB005'),
('VJ042804', 'VJ-A320', '2026-04-28 16:15:00', '2026-04-28 17:20:00', 'CXR', 'SGN', 1, 'TB006'),
('VJ042901', 'VJ-A320', '2026-04-29 07:15:00', '2026-04-29 08:50:00', 'SGN', 'DAD', 1, 'TB003'),
('VJ042902', 'VJ-A320', '2026-04-29 10:05:00', '2026-04-29 11:40:00', 'DAD', 'SGN', 1, 'TB004'),
('VJ042903', 'VJ-A320', '2026-04-29 14:00:00', '2026-04-29 15:05:00', 'SGN', 'CXR', 1, 'TB005'),
('VJ042904', 'VJ-A320', '2026-04-29 16:15:00', '2026-04-29 17:20:00', 'CXR', 'SGN', 1, 'TB006'),
('VJ043001', 'VJ-A320', '2026-04-30 07:15:00', '2026-04-30 08:50:00', 'SGN', 'DAD', 1, 'TB003'),
('VJ043002', 'VJ-A320', '2026-04-30 10:05:00', '2026-04-30 11:40:00', 'DAD', 'SGN', 1, 'TB004'),
('VJ043003', 'VJ-A320', '2026-04-30 14:00:00', '2026-04-30 15:05:00', 'SGN', 'CXR', 1, 'TB005'),
('VJ043004', 'VJ-A320', '2026-04-30 16:15:00', '2026-04-30 17:20:00', 'CXR', 'SGN', 1, 'TB006'),
('VJ40901', 'VJ-A320', '2026-04-09 05:10:00', '2026-04-09 07:10:00', 'SGN', 'HAN', 1, 'TB001'),
('VJ40902', 'VJ-A320', '2026-04-09 07:45:00', '2026-04-09 09:45:00', 'HAN', 'SGN', 1, 'TB002'),
('VJ40907', 'VJ-A320', '2026-04-09 12:20:00', '2026-04-09 13:20:00', 'SGN', 'PQC', 1, 'TB007'),
('VJ40908', 'VJ-A320', '2026-04-09 13:50:00', '2026-04-09 14:50:00', 'PQC', 'SGN', 1, 'TB008'),
('VJ40909', 'VJ-A320', '2026-04-09 15:20:00', '2026-04-09 16:45:00', 'HAN', 'DAD', 1, 'TB009'),
('VJ40910', 'VJ-A320', '2026-04-09 17:15:00', '2026-04-09 18:40:00', 'DAD', 'HAN', 1, 'TB010'),
('VJ40911', 'VJ-A320', '2026-04-09 19:10:00', '2026-04-09 20:40:00', 'SGN', 'BKK', 1, 'TB011'),
('VJ40912', 'VJ-A320', '2026-04-09 21:05:00', '2026-04-09 22:35:00', 'BKK', 'SGN', 1, 'TB012'),
('VJ40913', 'VJ-A320', '2026-04-09 23:00:00', '2026-04-10 01:00:00', 'SGN', 'SIN', 1, 'TB013'),
('VJ40914', 'VJ-A320', '2026-04-09 06:35:00', '2026-04-09 08:35:00', 'SIN', 'SGN', 1, 'TB014'),
('VJ40915', 'VJ-A320', '2026-04-09 09:05:00', '2026-04-09 14:05:00', 'SGN', 'ICN', 1, 'TB015'),
('VJ40916', 'VJ-A320', '2026-04-09 14:40:00', '2026-04-09 19:40:00', 'ICN', 'SGN', 1, 'TB016'),
('VJ40917', 'VJ-A320', '2026-04-09 20:15:00', '2026-04-10 01:45:00', 'SGN', 'NRT', 1, 'TB017'),
('VJ40918', 'VJ-A320', '2026-04-09 02:20:00', '2026-04-09 07:50:00', 'NRT', 'SGN', 1, 'TB018'),
('VJ40919', 'VJ-A320', '2026-04-09 08:25:00', '2026-04-09 20:25:00', 'SGN', 'CDG', 1, 'TB019'),
('VJ40920', 'VJ-A320', '2026-04-09 21:00:00', '2026-04-10 09:00:00', 'CDG', 'SGN', 1, 'TB020'),
('VJ41001', 'VJ-A320', '2026-04-10 05:10:00', '2026-04-10 07:10:00', 'SGN', 'HAN', 1, 'TB001'),
('VJ41002', 'VJ-A320', '2026-04-10 07:45:00', '2026-04-10 09:45:00', 'HAN', 'SGN', 1, 'TB002'),
('VJ41007', 'VJ-A320', '2026-04-10 12:20:00', '2026-04-10 13:20:00', 'SGN', 'PQC', 1, 'TB007'),
('VJ41008', 'VJ-A320', '2026-04-10 13:50:00', '2026-04-10 14:50:00', 'PQC', 'SGN', 1, 'TB008'),
('VJ41009', 'VJ-A320', '2026-04-10 15:20:00', '2026-04-10 16:45:00', 'HAN', 'DAD', 1, 'TB009'),
('VJ41010', 'VJ-A320', '2026-04-10 17:15:00', '2026-04-10 18:40:00', 'DAD', 'HAN', 1, 'TB010'),
('VJ41011', 'VJ-A320', '2026-04-10 19:10:00', '2026-04-10 20:40:00', 'SGN', 'BKK', 1, 'TB011'),
('VJ41012', 'VJ-A320', '2026-04-10 21:05:00', '2026-04-10 22:35:00', 'BKK', 'SGN', 1, 'TB012'),
('VJ41013', 'VJ-A320', '2026-04-10 23:00:00', '2026-04-11 01:00:00', 'SGN', 'SIN', 1, 'TB013'),
('VJ41014', 'VJ-A320', '2026-04-10 06:35:00', '2026-04-10 08:35:00', 'SIN', 'SGN', 1, 'TB014'),
('VJ41015', 'VJ-A320', '2026-04-10 09:05:00', '2026-04-10 14:05:00', 'SGN', 'ICN', 1, 'TB015'),
('VJ41016', 'VJ-A320', '2026-04-10 14:40:00', '2026-04-10 19:40:00', 'ICN', 'SGN', 1, 'TB016'),
('VJ41017', 'VJ-A320', '2026-04-10 20:15:00', '2026-04-11 01:45:00', 'SGN', 'NRT', 1, 'TB017'),
('VJ41018', 'VJ-A320', '2026-04-10 02:20:00', '2026-04-10 07:50:00', 'NRT', 'SGN', 1, 'TB018'),
('VJ41019', 'VJ-A320', '2026-04-10 08:25:00', '2026-04-10 20:25:00', 'SGN', 'CDG', 1, 'TB019'),
('VJ41020', 'VJ-A320', '2026-04-10 21:00:00', '2026-04-11 09:00:00', 'CDG', 'SGN', 1, 'TB020'),
('VJ41101', 'VJ-A320', '2026-04-11 05:10:00', '2026-04-11 07:10:00', 'SGN', 'HAN', 1, 'TB001'),
('VJ41102', 'VJ-A320', '2026-04-11 07:45:00', '2026-04-11 09:45:00', 'HAN', 'SGN', 1, 'TB002'),
('VJ41107', 'VJ-A320', '2026-04-11 12:20:00', '2026-04-11 13:20:00', 'SGN', 'PQC', 1, 'TB007'),
('VJ41108', 'VJ-A320', '2026-04-11 13:50:00', '2026-04-11 14:50:00', 'PQC', 'SGN', 1, 'TB008'),
('VJ41109', 'VJ-A320', '2026-04-11 15:20:00', '2026-04-11 16:45:00', 'HAN', 'DAD', 1, 'TB009'),
('VJ41110', 'VJ-A320', '2026-04-11 17:15:00', '2026-04-11 18:40:00', 'DAD', 'HAN', 1, 'TB010'),
('VJ41111', 'VJ-A320', '2026-04-11 19:10:00', '2026-04-11 20:40:00', 'SGN', 'BKK', 1, 'TB011'),
('VJ41112', 'VJ-A320', '2026-04-11 21:05:00', '2026-04-11 22:35:00', 'BKK', 'SGN', 1, 'TB012'),
('VJ41113', 'VJ-A320', '2026-04-11 23:00:00', '2026-04-12 01:00:00', 'SGN', 'SIN', 1, 'TB013'),
('VJ41114', 'VJ-A320', '2026-04-11 06:35:00', '2026-04-11 08:35:00', 'SIN', 'SGN', 1, 'TB014'),
('VJ41115', 'VJ-A320', '2026-04-11 09:05:00', '2026-04-11 14:05:00', 'SGN', 'ICN', 1, 'TB015'),
('VJ41116', 'VJ-A320', '2026-04-11 14:40:00', '2026-04-11 19:40:00', 'ICN', 'SGN', 1, 'TB016'),
('VJ41117', 'VJ-A320', '2026-04-11 20:15:00', '2026-04-12 01:45:00', 'SGN', 'NRT', 1, 'TB017'),
('VJ41118', 'VJ-A320', '2026-04-11 02:20:00', '2026-04-11 07:50:00', 'NRT', 'SGN', 1, 'TB018'),
('VJ41119', 'VJ-A320', '2026-04-11 08:25:00', '2026-04-11 20:25:00', 'SGN', 'CDG', 1, 'TB019'),
('VJ41120', 'VJ-A320', '2026-04-11 21:00:00', '2026-04-12 09:00:00', 'CDG', 'SGN', 1, 'TB020'),
('VJ41201', 'VJ-A320', '2026-04-12 05:10:00', '2026-04-12 07:10:00', 'SGN', 'HAN', 1, 'TB001'),
('VJ41202', 'VJ-A320', '2026-04-12 07:45:00', '2026-04-12 09:45:00', 'HAN', 'SGN', 1, 'TB002'),
('VJ41207', 'VJ-A320', '2026-04-12 12:20:00', '2026-04-12 13:20:00', 'SGN', 'PQC', 1, 'TB007'),
('VJ41208', 'VJ-A320', '2026-04-12 13:50:00', '2026-04-12 14:50:00', 'PQC', 'SGN', 1, 'TB008'),
('VJ41209', 'VJ-A320', '2026-04-12 15:20:00', '2026-04-12 16:45:00', 'HAN', 'DAD', 1, 'TB009'),
('VJ41210', 'VJ-A320', '2026-04-12 17:15:00', '2026-04-12 18:40:00', 'DAD', 'HAN', 1, 'TB010'),
('VJ41211', 'VJ-A320', '2026-04-12 19:10:00', '2026-04-12 20:40:00', 'SGN', 'BKK', 1, 'TB011'),
('VJ41212', 'VJ-A320', '2026-04-12 21:05:00', '2026-04-12 22:35:00', 'BKK', 'SGN', 1, 'TB012'),
('VJ41213', 'VJ-A320', '2026-04-12 23:00:00', '2026-04-13 01:00:00', 'SGN', 'SIN', 1, 'TB013'),
('VJ41214', 'VJ-A320', '2026-04-12 06:35:00', '2026-04-12 08:35:00', 'SIN', 'SGN', 1, 'TB014'),
('VJ41215', 'VJ-A320', '2026-04-12 09:05:00', '2026-04-12 14:05:00', 'SGN', 'ICN', 1, 'TB015'),
('VJ41216', 'VJ-A320', '2026-04-12 14:40:00', '2026-04-12 19:40:00', 'ICN', 'SGN', 1, 'TB016'),
('VJ41217', 'VJ-A320', '2026-04-12 20:15:00', '2026-04-13 01:45:00', 'SGN', 'NRT', 1, 'TB017'),
('VJ41218', 'VJ-A320', '2026-04-12 02:20:00', '2026-04-12 07:50:00', 'NRT', 'SGN', 1, 'TB018'),
('VJ41219', 'VJ-A320', '2026-04-12 08:25:00', '2026-04-12 20:25:00', 'SGN', 'CDG', 1, 'TB019'),
('VJ41220', 'VJ-A320', '2026-04-12 21:00:00', '2026-04-13 09:00:00', 'CDG', 'SGN', 1, 'TB020'),
('VJ41301', 'VJ-A320', '2026-04-13 05:10:00', '2026-04-13 07:10:00', 'SGN', 'HAN', 1, 'TB001'),
('VJ41302', 'VJ-A320', '2026-04-13 07:45:00', '2026-04-13 09:45:00', 'HAN', 'SGN', 1, 'TB002'),
('VJ41307', 'VJ-A320', '2026-04-13 12:20:00', '2026-04-13 13:20:00', 'SGN', 'PQC', 1, 'TB007'),
('VJ41308', 'VJ-A320', '2026-04-13 13:50:00', '2026-04-13 14:50:00', 'PQC', 'SGN', 1, 'TB008'),
('VJ41309', 'VJ-A320', '2026-04-13 15:20:00', '2026-04-13 16:45:00', 'HAN', 'DAD', 1, 'TB009'),
('VJ41310', 'VJ-A320', '2026-04-13 17:15:00', '2026-04-13 18:40:00', 'DAD', 'HAN', 1, 'TB010'),
('VJ41311', 'VJ-A320', '2026-04-13 19:10:00', '2026-04-13 20:40:00', 'SGN', 'BKK', 1, 'TB011'),
('VJ41312', 'VJ-A320', '2026-04-13 21:05:00', '2026-04-13 22:35:00', 'BKK', 'SGN', 1, 'TB012'),
('VJ41313', 'VJ-A320', '2026-04-13 23:00:00', '2026-04-14 01:00:00', 'SGN', 'SIN', 1, 'TB013'),
('VJ41314', 'VJ-A320', '2026-04-13 06:35:00', '2026-04-13 08:35:00', 'SIN', 'SGN', 1, 'TB014'),
('VJ41315', 'VJ-A320', '2026-04-13 09:05:00', '2026-04-13 14:05:00', 'SGN', 'ICN', 1, 'TB015'),
('VJ41316', 'VJ-A320', '2026-04-13 14:40:00', '2026-04-13 19:40:00', 'ICN', 'SGN', 1, 'TB016'),
('VJ41317', 'VJ-A320', '2026-04-13 20:15:00', '2026-04-14 01:45:00', 'SGN', 'NRT', 1, 'TB017'),
('VJ41318', 'VJ-A320', '2026-04-13 02:20:00', '2026-04-13 07:50:00', 'NRT', 'SGN', 1, 'TB018'),
('VJ41319', 'VJ-A320', '2026-04-13 08:25:00', '2026-04-13 20:25:00', 'SGN', 'CDG', 1, 'TB019'),
('VJ41320', 'VJ-A320', '2026-04-13 21:00:00', '2026-04-14 09:00:00', 'CDG', 'SGN', 1, 'TB020'),
('VJ41401', 'VJ-A320', '2026-04-14 05:10:00', '2026-04-14 07:10:00', 'SGN', 'HAN', 1, 'TB001'),
('VJ41402', 'VJ-A320', '2026-04-14 07:45:00', '2026-04-14 09:45:00', 'HAN', 'SGN', 1, 'TB002'),
('VJ41407', 'VJ-A320', '2026-04-14 12:20:00', '2026-04-14 13:20:00', 'SGN', 'PQC', 1, 'TB007'),
('VJ41408', 'VJ-A320', '2026-04-14 13:50:00', '2026-04-14 14:50:00', 'PQC', 'SGN', 1, 'TB008'),
('VJ41409', 'VJ-A320', '2026-04-14 15:20:00', '2026-04-14 16:45:00', 'HAN', 'DAD', 1, 'TB009'),
('VJ41410', 'VJ-A320', '2026-04-14 17:15:00', '2026-04-14 18:40:00', 'DAD', 'HAN', 1, 'TB010'),
('VJ41411', 'VJ-A320', '2026-04-14 19:10:00', '2026-04-14 20:40:00', 'SGN', 'BKK', 1, 'TB011'),
('VJ41412', 'VJ-A320', '2026-04-14 21:05:00', '2026-04-14 22:35:00', 'BKK', 'SGN', 1, 'TB012'),
('VJ41413', 'VJ-A320', '2026-04-14 23:00:00', '2026-04-15 01:00:00', 'SGN', 'SIN', 1, 'TB013'),
('VJ41414', 'VJ-A320', '2026-04-14 06:35:00', '2026-04-14 08:35:00', 'SIN', 'SGN', 1, 'TB014'),
('VJ41415', 'VJ-A320', '2026-04-14 09:05:00', '2026-04-14 14:05:00', 'SGN', 'ICN', 1, 'TB015'),
('VJ41416', 'VJ-A320', '2026-04-14 14:40:00', '2026-04-14 19:40:00', 'ICN', 'SGN', 1, 'TB016'),
('VJ41417', 'VJ-A320', '2026-04-14 20:15:00', '2026-04-15 01:45:00', 'SGN', 'NRT', 1, 'TB017'),
('VJ41418', 'VJ-A320', '2026-04-14 02:20:00', '2026-04-14 07:50:00', 'NRT', 'SGN', 1, 'TB018'),
('VJ41419', 'VJ-A320', '2026-04-14 08:25:00', '2026-04-14 20:25:00', 'SGN', 'CDG', 1, 'TB019'),
('VJ41420', 'VJ-A320', '2026-04-14 21:00:00', '2026-04-15 09:00:00', 'CDG', 'SGN', 1, 'TB020'),
('VJ41501', 'VJ-A320', '2026-04-15 05:10:00', '2026-04-15 07:10:00', 'SGN', 'HAN', 1, 'TB001'),
('VJ41502', 'VJ-A320', '2026-04-15 07:45:00', '2026-04-15 09:45:00', 'HAN', 'SGN', 1, 'TB002'),
('VJ41507', 'VJ-A320', '2026-04-15 12:20:00', '2026-04-15 13:20:00', 'SGN', 'PQC', 1, 'TB007'),
('VJ41508', 'VJ-A320', '2026-04-15 13:50:00', '2026-04-15 14:50:00', 'PQC', 'SGN', 1, 'TB008'),
('VJ41509', 'VJ-A320', '2026-04-15 15:20:00', '2026-04-15 16:45:00', 'HAN', 'DAD', 1, 'TB009'),
('VJ41510', 'VJ-A320', '2026-04-15 17:15:00', '2026-04-15 18:40:00', 'DAD', 'HAN', 1, 'TB010'),
('VJ41511', 'VJ-A320', '2026-04-15 19:10:00', '2026-04-15 20:40:00', 'SGN', 'BKK', 1, 'TB011'),
('VJ41512', 'VJ-A320', '2026-04-15 21:05:00', '2026-04-15 22:35:00', 'BKK', 'SGN', 1, 'TB012'),
('VJ41513', 'VJ-A320', '2026-04-15 23:00:00', '2026-04-16 01:00:00', 'SGN', 'SIN', 1, 'TB013'),
('VJ41514', 'VJ-A320', '2026-04-15 06:35:00', '2026-04-15 08:35:00', 'SIN', 'SGN', 1, 'TB014'),
('VJ41515', 'VJ-A320', '2026-04-15 09:05:00', '2026-04-15 14:05:00', 'SGN', 'ICN', 1, 'TB015'),
('VJ41516', 'VJ-A320', '2026-04-15 14:40:00', '2026-04-15 19:40:00', 'ICN', 'SGN', 1, 'TB016'),
('VJ41517', 'VJ-A320', '2026-04-15 20:15:00', '2026-04-16 01:45:00', 'SGN', 'NRT', 1, 'TB017'),
('VJ41518', 'VJ-A320', '2026-04-15 02:20:00', '2026-04-15 07:50:00', 'NRT', 'SGN', 1, 'TB018'),
('VJ41519', 'VJ-A320', '2026-04-15 08:25:00', '2026-04-15 20:25:00', 'SGN', 'CDG', 1, 'TB019'),
('VJ41520', 'VJ-A320', '2026-04-15 21:00:00', '2026-04-16 09:00:00', 'CDG', 'SGN', 1, 'TB020'),
('VJ41601', 'VJ-A320', '2026-04-16 05:10:00', '2026-04-16 07:10:00', 'SGN', 'HAN', 1, 'TB001'),
('VJ41602', 'VJ-A320', '2026-04-16 07:45:00', '2026-04-16 09:45:00', 'HAN', 'SGN', 1, 'TB002'),
('VJ41607', 'VJ-A320', '2026-04-16 12:20:00', '2026-04-16 13:20:00', 'SGN', 'PQC', 1, 'TB007'),
('VJ41608', 'VJ-A320', '2026-04-16 13:50:00', '2026-04-16 14:50:00', 'PQC', 'SGN', 1, 'TB008'),
('VJ41609', 'VJ-A320', '2026-04-16 15:20:00', '2026-04-16 16:45:00', 'HAN', 'DAD', 1, 'TB009'),
('VJ41610', 'VJ-A320', '2026-04-16 17:15:00', '2026-04-16 18:40:00', 'DAD', 'HAN', 1, 'TB010'),
('VJ41611', 'VJ-A320', '2026-04-16 19:10:00', '2026-04-16 20:40:00', 'SGN', 'BKK', 1, 'TB011'),
('VJ41612', 'VJ-A320', '2026-04-16 21:05:00', '2026-04-16 22:35:00', 'BKK', 'SGN', 1, 'TB012'),
('VJ41613', 'VJ-A320', '2026-04-16 23:00:00', '2026-04-17 01:00:00', 'SGN', 'SIN', 1, 'TB013'),
('VJ41614', 'VJ-A320', '2026-04-16 06:35:00', '2026-04-16 08:35:00', 'SIN', 'SGN', 1, 'TB014'),
('VJ41615', 'VJ-A320', '2026-04-16 09:05:00', '2026-04-16 14:05:00', 'SGN', 'ICN', 1, 'TB015'),
('VJ41616', 'VJ-A320', '2026-04-16 14:40:00', '2026-04-16 19:40:00', 'ICN', 'SGN', 1, 'TB016'),
('VJ41617', 'VJ-A320', '2026-04-16 20:15:00', '2026-04-17 01:45:00', 'SGN', 'NRT', 1, 'TB017'),
('VJ41618', 'VJ-A320', '2026-04-16 02:20:00', '2026-04-16 07:50:00', 'NRT', 'SGN', 1, 'TB018'),
('VJ41619', 'VJ-A320', '2026-04-16 08:25:00', '2026-04-16 20:25:00', 'SGN', 'CDG', 1, 'TB019'),
('VJ41620', 'VJ-A320', '2026-04-16 21:00:00', '2026-04-17 09:00:00', 'CDG', 'SGN', 1, 'TB020'),
('VJ41701', 'VJ-A320', '2026-04-17 05:10:00', '2026-04-17 07:10:00', 'SGN', 'HAN', 1, 'TB001'),
('VJ41702', 'VJ-A320', '2026-04-17 07:45:00', '2026-04-17 09:45:00', 'HAN', 'SGN', 1, 'TB002'),
('VJ41707', 'VJ-A320', '2026-04-17 12:20:00', '2026-04-17 13:20:00', 'SGN', 'PQC', 1, 'TB007'),
('VJ41708', 'VJ-A320', '2026-04-17 13:50:00', '2026-04-17 14:50:00', 'PQC', 'SGN', 1, 'TB008'),
('VJ41709', 'VJ-A320', '2026-04-17 15:20:00', '2026-04-17 16:45:00', 'HAN', 'DAD', 1, 'TB009'),
('VJ41710', 'VJ-A320', '2026-04-17 17:15:00', '2026-04-17 18:40:00', 'DAD', 'HAN', 1, 'TB010'),
('VJ41711', 'VJ-A320', '2026-04-17 19:10:00', '2026-04-17 20:40:00', 'SGN', 'BKK', 1, 'TB011'),
('VJ41712', 'VJ-A320', '2026-04-17 21:05:00', '2026-04-17 22:35:00', 'BKK', 'SGN', 1, 'TB012'),
('VJ41713', 'VJ-A320', '2026-04-17 23:00:00', '2026-04-18 01:00:00', 'SGN', 'SIN', 1, 'TB013'),
('VJ41714', 'VJ-A320', '2026-04-17 06:35:00', '2026-04-17 08:35:00', 'SIN', 'SGN', 1, 'TB014'),
('VJ41715', 'VJ-A320', '2026-04-17 09:05:00', '2026-04-17 14:05:00', 'SGN', 'ICN', 1, 'TB015'),
('VJ41716', 'VJ-A320', '2026-04-17 14:40:00', '2026-04-17 19:40:00', 'ICN', 'SGN', 1, 'TB016'),
('VJ41717', 'VJ-A320', '2026-04-17 20:15:00', '2026-04-18 01:45:00', 'SGN', 'NRT', 1, 'TB017'),
('VJ41718', 'VJ-A320', '2026-04-17 02:20:00', '2026-04-17 07:50:00', 'NRT', 'SGN', 1, 'TB018'),
('VJ41719', 'VJ-A320', '2026-04-17 08:25:00', '2026-04-17 20:25:00', 'SGN', 'CDG', 1, 'TB019'),
('VJ41720', 'VJ-A320', '2026-04-17 21:00:00', '2026-04-18 09:00:00', 'CDG', 'SGN', 1, 'TB020'),
('VJ41801', 'VJ-A320', '2026-04-18 05:10:00', '2026-04-18 07:10:00', 'SGN', 'HAN', 1, 'TB001'),
('VJ41802', 'VJ-A320', '2026-04-18 07:45:00', '2026-04-18 09:45:00', 'HAN', 'SGN', 1, 'TB002'),
('VJ41807', 'VJ-A320', '2026-04-18 12:20:00', '2026-04-18 13:20:00', 'SGN', 'PQC', 1, 'TB007'),
('VJ41808', 'VJ-A320', '2026-04-18 13:50:00', '2026-04-18 14:50:00', 'PQC', 'SGN', 1, 'TB008'),
('VJ41809', 'VJ-A320', '2026-04-18 15:20:00', '2026-04-18 16:45:00', 'HAN', 'DAD', 1, 'TB009'),
('VJ41810', 'VJ-A320', '2026-04-18 17:15:00', '2026-04-18 18:40:00', 'DAD', 'HAN', 1, 'TB010'),
('VJ41811', 'VJ-A320', '2026-04-18 19:10:00', '2026-04-18 20:40:00', 'SGN', 'BKK', 1, 'TB011'),
('VJ41812', 'VJ-A320', '2026-04-18 21:05:00', '2026-04-18 22:35:00', 'BKK', 'SGN', 1, 'TB012'),
('VJ41813', 'VJ-A320', '2026-04-18 23:00:00', '2026-04-19 01:00:00', 'SGN', 'SIN', 1, 'TB013'),
('VJ41814', 'VJ-A320', '2026-04-18 06:35:00', '2026-04-18 08:35:00', 'SIN', 'SGN', 1, 'TB014'),
('VJ41815', 'VJ-A320', '2026-04-18 09:05:00', '2026-04-18 14:05:00', 'SGN', 'ICN', 1, 'TB015'),
('VJ41816', 'VJ-A320', '2026-04-18 14:40:00', '2026-04-18 19:40:00', 'ICN', 'SGN', 1, 'TB016'),
('VJ41817', 'VJ-A320', '2026-04-18 20:15:00', '2026-04-19 01:45:00', 'SGN', 'NRT', 1, 'TB017'),
('VJ41818', 'VJ-A320', '2026-04-18 02:20:00', '2026-04-18 07:50:00', 'NRT', 'SGN', 1, 'TB018'),
('VJ41819', 'VJ-A320', '2026-04-18 08:25:00', '2026-04-18 20:25:00', 'SGN', 'CDG', 1, 'TB019'),
('VJ41820', 'VJ-A320', '2026-04-18 21:00:00', '2026-04-19 09:00:00', 'CDG', 'SGN', 1, 'TB020'),
('VJ41901', 'VJ-A320', '2026-04-19 05:10:00', '2026-04-19 07:10:00', 'SGN', 'HAN', 1, 'TB001'),
('VJ41902', 'VJ-A320', '2026-04-19 07:45:00', '2026-04-19 09:45:00', 'HAN', 'SGN', 1, 'TB002'),
('VJ41907', 'VJ-A320', '2026-04-19 12:20:00', '2026-04-19 13:20:00', 'SGN', 'PQC', 1, 'TB007'),
('VJ41908', 'VJ-A320', '2026-04-19 13:50:00', '2026-04-19 14:50:00', 'PQC', 'SGN', 1, 'TB008'),
('VJ41909', 'VJ-A320', '2026-04-19 15:20:00', '2026-04-19 16:45:00', 'HAN', 'DAD', 1, 'TB009'),
('VJ41910', 'VJ-A320', '2026-04-19 17:15:00', '2026-04-19 18:40:00', 'DAD', 'HAN', 1, 'TB010'),
('VJ41911', 'VJ-A320', '2026-04-19 19:10:00', '2026-04-19 20:40:00', 'SGN', 'BKK', 1, 'TB011'),
('VJ41912', 'VJ-A320', '2026-04-19 21:05:00', '2026-04-19 22:35:00', 'BKK', 'SGN', 1, 'TB012'),
('VJ41913', 'VJ-A320', '2026-04-19 23:00:00', '2026-04-20 01:00:00', 'SGN', 'SIN', 1, 'TB013'),
('VJ41914', 'VJ-A320', '2026-04-19 06:35:00', '2026-04-19 08:35:00', 'SIN', 'SGN', 1, 'TB014'),
('VJ41915', 'VJ-A320', '2026-04-19 09:05:00', '2026-04-19 14:05:00', 'SGN', 'ICN', 1, 'TB015'),
('VJ41916', 'VJ-A320', '2026-04-19 14:40:00', '2026-04-19 19:40:00', 'ICN', 'SGN', 1, 'TB016'),
('VJ41917', 'VJ-A320', '2026-04-19 20:15:00', '2026-04-20 01:45:00', 'SGN', 'NRT', 1, 'TB017'),
('VJ41918', 'VJ-A320', '2026-04-19 02:20:00', '2026-04-19 07:50:00', 'NRT', 'SGN', 1, 'TB018'),
('VJ41919', 'VJ-A320', '2026-04-19 08:25:00', '2026-04-19 20:25:00', 'SGN', 'CDG', 1, 'TB019'),
('VJ41920', 'VJ-A320', '2026-04-19 21:00:00', '2026-04-20 09:00:00', 'CDG', 'SGN', 1, 'TB020'),
('VJ42001', 'VJ-A320', '2026-04-20 05:10:00', '2026-04-20 07:10:00', 'SGN', 'HAN', 1, 'TB001'),
('VJ42002', 'VJ-A320', '2026-04-20 07:45:00', '2026-04-20 09:45:00', 'HAN', 'SGN', 1, 'TB002'),
('VJ42007', 'VJ-A320', '2026-04-20 12:20:00', '2026-04-20 13:20:00', 'SGN', 'PQC', 1, 'TB007'),
('VJ42008', 'VJ-A320', '2026-04-20 13:50:00', '2026-04-20 14:50:00', 'PQC', 'SGN', 1, 'TB008'),
('VJ42009', 'VJ-A320', '2026-04-20 15:20:00', '2026-04-20 16:45:00', 'HAN', 'DAD', 1, 'TB009'),
('VJ42010', 'VJ-A320', '2026-04-20 17:15:00', '2026-04-20 18:40:00', 'DAD', 'HAN', 1, 'TB010'),
('VJ42011', 'VJ-A320', '2026-04-20 19:10:00', '2026-04-20 20:40:00', 'SGN', 'BKK', 1, 'TB011'),
('VJ42012', 'VJ-A320', '2026-04-20 21:05:00', '2026-04-20 22:35:00', 'BKK', 'SGN', 1, 'TB012'),
('VJ42013', 'VJ-A320', '2026-04-20 23:00:00', '2026-04-21 01:00:00', 'SGN', 'SIN', 1, 'TB013'),
('VJ42014', 'VJ-A320', '2026-04-20 06:35:00', '2026-04-20 08:35:00', 'SIN', 'SGN', 1, 'TB014'),
('VJ42015', 'VJ-A320', '2026-04-20 09:05:00', '2026-04-20 14:05:00', 'SGN', 'ICN', 1, 'TB015'),
('VJ42016', 'VJ-A320', '2026-04-20 14:40:00', '2026-04-20 19:40:00', 'ICN', 'SGN', 1, 'TB016'),
('VJ42017', 'VJ-A320', '2026-04-20 20:15:00', '2026-04-21 01:45:00', 'SGN', 'NRT', 1, 'TB017'),
('VJ42018', 'VJ-A320', '2026-04-20 02:20:00', '2026-04-20 07:50:00', 'NRT', 'SGN', 1, 'TB018'),
('VJ42019', 'VJ-A320', '2026-04-20 08:25:00', '2026-04-20 20:25:00', 'SGN', 'CDG', 1, 'TB019'),
('VJ42020', 'VJ-A320', '2026-04-20 21:00:00', '2026-04-21 09:00:00', 'CDG', 'SGN', 1, 'TB020'),
('VJ42101', 'VJ-A320', '2026-04-21 05:10:00', '2026-04-21 07:10:00', 'SGN', 'HAN', 1, 'TB001'),
('VJ42102', 'VJ-A320', '2026-04-21 07:45:00', '2026-04-21 09:45:00', 'HAN', 'SGN', 1, 'TB002'),
('VJ42107', 'VJ-A320', '2026-04-21 12:20:00', '2026-04-21 13:20:00', 'SGN', 'PQC', 1, 'TB007'),
('VJ42108', 'VJ-A320', '2026-04-21 13:50:00', '2026-04-21 14:50:00', 'PQC', 'SGN', 1, 'TB008'),
('VJ42109', 'VJ-A320', '2026-04-21 15:20:00', '2026-04-21 16:45:00', 'HAN', 'DAD', 1, 'TB009'),
('VJ42110', 'VJ-A320', '2026-04-21 17:15:00', '2026-04-21 18:40:00', 'DAD', 'HAN', 1, 'TB010'),
('VJ42111', 'VJ-A320', '2026-04-21 19:10:00', '2026-04-21 20:40:00', 'SGN', 'BKK', 1, 'TB011'),
('VJ42112', 'VJ-A320', '2026-04-21 21:05:00', '2026-04-21 22:35:00', 'BKK', 'SGN', 1, 'TB012'),
('VJ42113', 'VJ-A320', '2026-04-21 23:00:00', '2026-04-22 01:00:00', 'SGN', 'SIN', 1, 'TB013'),
('VJ42114', 'VJ-A320', '2026-04-21 06:35:00', '2026-04-21 08:35:00', 'SIN', 'SGN', 1, 'TB014'),
('VJ42115', 'VJ-A320', '2026-04-21 09:05:00', '2026-04-21 14:05:00', 'SGN', 'ICN', 1, 'TB015'),
('VJ42116', 'VJ-A320', '2026-04-21 14:40:00', '2026-04-21 19:40:00', 'ICN', 'SGN', 1, 'TB016'),
('VJ42117', 'VJ-A320', '2026-04-21 20:15:00', '2026-04-22 01:45:00', 'SGN', 'NRT', 1, 'TB017'),
('VJ42118', 'VJ-A320', '2026-04-21 02:20:00', '2026-04-21 07:50:00', 'NRT', 'SGN', 1, 'TB018'),
('VJ42119', 'VJ-A320', '2026-04-21 08:25:00', '2026-04-21 20:25:00', 'SGN', 'CDG', 1, 'TB019'),
('VJ42120', 'VJ-A320', '2026-04-21 21:00:00', '2026-04-22 09:00:00', 'CDG', 'SGN', 1, 'TB020'),
('VJ42201', 'VJ-A320', '2026-04-22 05:10:00', '2026-04-22 07:10:00', 'SGN', 'HAN', 1, 'TB001'),
('VJ42202', 'VJ-A320', '2026-04-22 07:45:00', '2026-04-22 09:45:00', 'HAN', 'SGN', 1, 'TB002'),
('VJ42207', 'VJ-A320', '2026-04-22 12:20:00', '2026-04-22 13:20:00', 'SGN', 'PQC', 1, 'TB007'),
('VJ42208', 'VJ-A320', '2026-04-22 13:50:00', '2026-04-22 14:50:00', 'PQC', 'SGN', 1, 'TB008'),
('VJ42209', 'VJ-A320', '2026-04-22 15:20:00', '2026-04-22 16:45:00', 'HAN', 'DAD', 1, 'TB009'),
('VJ42210', 'VJ-A320', '2026-04-22 17:15:00', '2026-04-22 18:40:00', 'DAD', 'HAN', 1, 'TB010'),
('VJ42211', 'VJ-A320', '2026-04-22 19:10:00', '2026-04-22 20:40:00', 'SGN', 'BKK', 1, 'TB011'),
('VJ42212', 'VJ-A320', '2026-04-22 21:05:00', '2026-04-22 22:35:00', 'BKK', 'SGN', 1, 'TB012'),
('VJ42213', 'VJ-A320', '2026-04-22 23:00:00', '2026-04-23 01:00:00', 'SGN', 'SIN', 1, 'TB013'),
('VJ42214', 'VJ-A320', '2026-04-22 06:35:00', '2026-04-22 08:35:00', 'SIN', 'SGN', 1, 'TB014'),
('VJ42215', 'VJ-A320', '2026-04-22 09:05:00', '2026-04-22 14:05:00', 'SGN', 'ICN', 1, 'TB015'),
('VJ42216', 'VJ-A320', '2026-04-22 14:40:00', '2026-04-22 19:40:00', 'ICN', 'SGN', 1, 'TB016'),
('VJ42217', 'VJ-A320', '2026-04-22 20:15:00', '2026-04-23 01:45:00', 'SGN', 'NRT', 1, 'TB017'),
('VJ42218', 'VJ-A320', '2026-04-22 02:20:00', '2026-04-22 07:50:00', 'NRT', 'SGN', 1, 'TB018'),
('VJ42219', 'VJ-A320', '2026-04-22 08:25:00', '2026-04-22 20:25:00', 'SGN', 'CDG', 1, 'TB019'),
('VJ42220', 'VJ-A320', '2026-04-22 21:00:00', '2026-04-23 09:00:00', 'CDG', 'SGN', 1, 'TB020'),
('VJ42301', 'VJ-A320', '2026-04-23 05:10:00', '2026-04-23 07:10:00', 'SGN', 'HAN', 1, 'TB001'),
('VJ42302', 'VJ-A320', '2026-04-23 07:45:00', '2026-04-23 09:45:00', 'HAN', 'SGN', 1, 'TB002'),
('VJ42307', 'VJ-A320', '2026-04-23 12:20:00', '2026-04-23 13:20:00', 'SGN', 'PQC', 1, 'TB007'),
('VJ42308', 'VJ-A320', '2026-04-23 13:50:00', '2026-04-23 14:50:00', 'PQC', 'SGN', 1, 'TB008'),
('VJ42309', 'VJ-A320', '2026-04-23 15:20:00', '2026-04-23 16:45:00', 'HAN', 'DAD', 1, 'TB009'),
('VJ42310', 'VJ-A320', '2026-04-23 17:15:00', '2026-04-23 18:40:00', 'DAD', 'HAN', 1, 'TB010'),
('VJ42311', 'VJ-A320', '2026-04-23 19:10:00', '2026-04-23 20:40:00', 'SGN', 'BKK', 1, 'TB011'),
('VJ42312', 'VJ-A320', '2026-04-23 21:05:00', '2026-04-23 22:35:00', 'BKK', 'SGN', 1, 'TB012'),
('VJ42313', 'VJ-A320', '2026-04-23 23:00:00', '2026-04-24 01:00:00', 'SGN', 'SIN', 1, 'TB013'),
('VJ42314', 'VJ-A320', '2026-04-23 06:35:00', '2026-04-23 08:35:00', 'SIN', 'SGN', 1, 'TB014'),
('VJ42315', 'VJ-A320', '2026-04-23 09:05:00', '2026-04-23 14:05:00', 'SGN', 'ICN', 1, 'TB015'),
('VJ42316', 'VJ-A320', '2026-04-23 14:40:00', '2026-04-23 19:40:00', 'ICN', 'SGN', 1, 'TB016'),
('VJ42317', 'VJ-A320', '2026-04-23 20:15:00', '2026-04-24 01:45:00', 'SGN', 'NRT', 1, 'TB017'),
('VJ42318', 'VJ-A320', '2026-04-23 02:20:00', '2026-04-23 07:50:00', 'NRT', 'SGN', 1, 'TB018'),
('VJ42319', 'VJ-A320', '2026-04-23 08:25:00', '2026-04-23 20:25:00', 'SGN', 'CDG', 1, 'TB019'),
('VJ42320', 'VJ-A320', '2026-04-23 21:00:00', '2026-04-24 09:00:00', 'CDG', 'SGN', 1, 'TB020'),
('VJ42401', 'VJ-A320', '2026-04-24 05:10:00', '2026-04-24 07:10:00', 'SGN', 'HAN', 1, 'TB001'),
('VJ42402', 'VJ-A320', '2026-04-24 07:45:00', '2026-04-24 09:45:00', 'HAN', 'SGN', 1, 'TB002'),
('VJ42407', 'VJ-A320', '2026-04-24 12:20:00', '2026-04-24 13:20:00', 'SGN', 'PQC', 1, 'TB007'),
('VJ42408', 'VJ-A320', '2026-04-24 13:50:00', '2026-04-24 14:50:00', 'PQC', 'SGN', 1, 'TB008'),
('VJ42409', 'VJ-A320', '2026-04-24 15:20:00', '2026-04-24 16:45:00', 'HAN', 'DAD', 1, 'TB009'),
('VJ42410', 'VJ-A320', '2026-04-24 17:15:00', '2026-04-24 18:40:00', 'DAD', 'HAN', 1, 'TB010'),
('VJ42411', 'VJ-A320', '2026-04-24 19:10:00', '2026-04-24 20:40:00', 'SGN', 'BKK', 1, 'TB011'),
('VJ42412', 'VJ-A320', '2026-04-24 21:05:00', '2026-04-24 22:35:00', 'BKK', 'SGN', 1, 'TB012'),
('VJ42413', 'VJ-A320', '2026-04-24 23:00:00', '2026-04-25 01:00:00', 'SGN', 'SIN', 1, 'TB013'),
('VJ42414', 'VJ-A320', '2026-04-24 06:35:00', '2026-04-24 08:35:00', 'SIN', 'SGN', 1, 'TB014'),
('VJ42415', 'VJ-A320', '2026-04-24 09:05:00', '2026-04-24 14:05:00', 'SGN', 'ICN', 1, 'TB015'),
('VJ42416', 'VJ-A320', '2026-04-24 14:40:00', '2026-04-24 19:40:00', 'ICN', 'SGN', 1, 'TB016'),
('VJ42417', 'VJ-A320', '2026-04-24 20:15:00', '2026-04-25 01:45:00', 'SGN', 'NRT', 1, 'TB017'),
('VJ42418', 'VJ-A320', '2026-04-24 02:20:00', '2026-04-24 07:50:00', 'NRT', 'SGN', 1, 'TB018'),
('VJ42419', 'VJ-A320', '2026-04-24 08:25:00', '2026-04-24 20:25:00', 'SGN', 'CDG', 1, 'TB019'),
('VJ42420', 'VJ-A320', '2026-04-24 21:00:00', '2026-04-25 09:00:00', 'CDG', 'SGN', 1, 'TB020'),
('VJ42501', 'VJ-A320', '2026-04-25 05:10:00', '2026-04-25 07:10:00', 'SGN', 'HAN', 1, 'TB001'),
('VJ42502', 'VJ-A320', '2026-04-25 07:45:00', '2026-04-25 09:45:00', 'HAN', 'SGN', 1, 'TB002'),
('VJ42507', 'VJ-A320', '2026-04-25 12:20:00', '2026-04-25 13:20:00', 'SGN', 'PQC', 1, 'TB007'),
('VJ42508', 'VJ-A320', '2026-04-25 13:50:00', '2026-04-25 14:50:00', 'PQC', 'SGN', 1, 'TB008'),
('VJ42509', 'VJ-A320', '2026-04-25 15:20:00', '2026-04-25 16:45:00', 'HAN', 'DAD', 1, 'TB009'),
('VJ42510', 'VJ-A320', '2026-04-25 17:15:00', '2026-04-25 18:40:00', 'DAD', 'HAN', 1, 'TB010'),
('VJ42511', 'VJ-A320', '2026-04-25 19:10:00', '2026-04-25 20:40:00', 'SGN', 'BKK', 1, 'TB011'),
('VJ42512', 'VJ-A320', '2026-04-25 21:05:00', '2026-04-25 22:35:00', 'BKK', 'SGN', 1, 'TB012'),
('VJ42513', 'VJ-A320', '2026-04-25 23:00:00', '2026-04-26 01:00:00', 'SGN', 'SIN', 1, 'TB013'),
('VJ42514', 'VJ-A320', '2026-04-25 06:35:00', '2026-04-25 08:35:00', 'SIN', 'SGN', 1, 'TB014'),
('VJ42515', 'VJ-A320', '2026-04-25 09:05:00', '2026-04-25 14:05:00', 'SGN', 'ICN', 1, 'TB015'),
('VJ42516', 'VJ-A320', '2026-04-25 14:40:00', '2026-04-25 19:40:00', 'ICN', 'SGN', 1, 'TB016'),
('VJ42517', 'VJ-A320', '2026-04-25 20:15:00', '2026-04-26 01:45:00', 'SGN', 'NRT', 1, 'TB017'),
('VJ42518', 'VJ-A320', '2026-04-25 02:20:00', '2026-04-25 07:50:00', 'NRT', 'SGN', 1, 'TB018'),
('VJ42519', 'VJ-A320', '2026-04-25 08:25:00', '2026-04-25 20:25:00', 'SGN', 'CDG', 1, 'TB019'),
('VJ42520', 'VJ-A320', '2026-04-25 21:00:00', '2026-04-26 09:00:00', 'CDG', 'SGN', 1, 'TB020'),
('VJ42801', 'VJ-A320', '2026-04-28 05:10:00', '2026-04-28 07:10:00', 'SGN', 'HAN', 1, 'TB001'),
('VJ42802', 'VJ-A320', '2026-04-28 07:45:00', '2026-04-28 09:45:00', 'HAN', 'SGN', 1, 'TB002'),
('VJ42803', 'VJ-A320', '2026-04-28 10:20:00', '2026-04-28 11:55:00', 'SGN', 'DAD', 1, 'TB003'),
('VJ42804', 'VJ-A320', '2026-04-28 12:25:00', '2026-04-28 14:00:00', 'DAD', 'SGN', 1, 'TB004'),
('VJ42805', 'VJ-A320', '2026-04-28 14:30:00', '2026-04-28 15:35:00', 'SGN', 'CXR', 1, 'TB005'),
('VJ42806', 'VJ-A320', '2026-04-28 16:05:00', '2026-04-28 17:10:00', 'CXR', 'SGN', 1, 'TB006'),
('VJ42807', 'VJ-A320', '2026-04-28 17:40:00', '2026-04-28 18:40:00', 'SGN', 'PQC', 1, 'TB007'),
('VJ42808', 'VJ-A320', '2026-04-28 19:10:00', '2026-04-28 20:10:00', 'PQC', 'SGN', 1, 'TB008'),
('VJ42809', 'VJ-A320', '2026-04-28 20:40:00', '2026-04-28 22:05:00', 'HAN', 'DAD', 1, 'TB009'),
('VJ42810', 'VJ-A320', '2026-04-28 22:35:00', '2026-04-29 00:00:00', 'DAD', 'HAN', 1, 'TB010'),
('VJ42811', 'VJ-A320', '2026-04-28 06:00:00', '2026-04-28 07:30:00', 'SGN', 'BKK', 1, 'TB011'),
('VJ42812', 'VJ-A320', '2026-04-28 08:00:00', '2026-04-28 09:30:00', 'BKK', 'SGN', 1, 'TB012'),
('VJ42813', 'VJ-A320', '2026-04-28 10:00:00', '2026-04-28 12:00:00', 'SGN', 'SIN', 1, 'TB013'),
('VJ42814', 'VJ-A320', '2026-04-28 12:30:00', '2026-04-28 14:30:00', 'SIN', 'SGN', 1, 'TB014'),
('VJ42815', 'VJ-A320', '2026-04-28 15:00:00', '2026-04-28 20:00:00', 'SGN', 'ICN', 1, 'TB015'),
('VJ42816', 'VJ-A320', '2026-04-28 20:30:00', '2026-04-29 01:30:00', 'ICN', 'SGN', 1, 'TB016'),
('VJ42817', 'VJ-A320', '2026-04-28 21:00:00', '2026-04-29 02:30:00', 'SGN', 'NRT', 1, 'TB017'),
('VJ42818', 'VJ-A320', '2026-04-28 02:30:00', '2026-04-28 08:00:00', 'NRT', 'SGN', 1, 'TB018'),
('VJ42819', 'VJ-A320', '2026-04-28 08:30:00', '2026-04-28 20:30:00', 'SGN', 'CDG', 1, 'TB019'),
('VJ42820', 'VJ-A320', '2026-04-28 21:00:00', '2026-04-29 09:00:00', 'CDG', 'SGN', 1, 'TB020'),
('VJ42901', 'VJ-A320', '2026-04-29 05:05:00', '2026-04-29 07:05:00', 'SGN', 'HAN', 1, 'TB001'),
('VJ42903', 'VJ-A320', '2026-04-29 08:50:00', '2026-04-29 10:25:00', 'SGN', 'DAD', 1, 'TB003'),
('VJ42905', 'VJ-A320', '2026-04-29 12:20:00', '2026-04-29 13:30:00', 'SGN', 'CXR', 1, 'TB005'),
('VJ42907', 'VJ-A320', '2026-04-29 15:20:00', '2026-04-29 16:20:00', 'SGN', 'PQC', 1, 'TB007'),
('VJ42909', 'VJ-A320', '2026-04-29 18:20:00', '2026-04-29 19:40:00', 'HAN', 'DAD', 1, 'TB009'),
('VJ42911', 'VJ-A320', '2026-04-29 07:30:00', '2026-04-29 09:00:00', 'SGN', 'BKK', 1, 'TB011'),
('VJ42913', 'VJ-A320', '2026-04-29 11:00:00', '2026-04-29 13:00:00', 'SGN', 'SIN', 1, 'TB013'),
('VJ42915', 'VJ-A320', '2026-04-29 16:30:00', '2026-04-29 21:30:00', 'SGN', 'ICN', 1, 'TB015'),
('VJ42917', 'VJ-A320', '2026-04-29 22:20:00', '2026-04-30 04:20:00', 'SGN', 'NRT', 1, 'TB017'),
('VJ42919', 'VJ-A320', '2026-04-29 23:40:00', '2026-04-30 11:40:00', 'SGN', 'CDG', 1, 'TB019'),
('VJ43001', 'VJ-A320', '2026-04-30 05:10:00', '2026-04-30 07:10:00', 'SGN', 'HAN', 1, 'TB001'),
('VJ43002', 'VJ-A320', '2026-04-30 07:45:00', '2026-04-30 09:45:00', 'HAN', 'SGN', 1, 'TB002'),
('VJ43003', 'VJ-A320', '2026-04-30 10:20:00', '2026-04-30 11:55:00', 'SGN', 'DAD', 1, 'TB003'),
('VJ43004', 'VJ-A320', '2026-04-30 12:25:00', '2026-04-30 14:00:00', 'DAD', 'SGN', 1, 'TB004'),
('VJ43005', 'VJ-A320', '2026-04-30 14:30:00', '2026-04-30 15:35:00', 'SGN', 'CXR', 1, 'TB005'),
('VJ43006', 'VJ-A320', '2026-04-30 16:05:00', '2026-04-30 17:10:00', 'CXR', 'SGN', 1, 'TB006'),
('VJ43007', 'VJ-A320', '2026-04-30 17:40:00', '2026-04-30 18:40:00', 'SGN', 'PQC', 1, 'TB007'),
('VJ43008', 'VJ-A320', '2026-04-30 19:10:00', '2026-04-30 20:10:00', 'PQC', 'SGN', 1, 'TB008'),
('VJ43009', 'VJ-A320', '2026-04-30 20:40:00', '2026-04-30 22:05:00', 'HAN', 'DAD', 1, 'TB009'),
('VJ43010', 'VJ-A320', '2026-04-30 22:35:00', '2026-05-01 00:00:00', 'DAD', 'HAN', 1, 'TB010'),
('VJ50201', 'VJ-A320', '2026-05-02 05:10:00', '2026-05-02 07:10:00', 'SGN', 'HAN', 1, 'TB001'),
('VJ50202', 'VJ-A320', '2026-05-02 07:45:00', '2026-05-02 09:45:00', 'HAN', 'SGN', 1, 'TB002'),
('VJ50203', 'VJ-A320', '2026-05-02 10:20:00', '2026-05-02 11:55:00', 'SGN', 'DAD', 1, 'TB003'),
('VJ50204', 'VJ-A320', '2026-05-02 12:25:00', '2026-05-02 14:00:00', 'DAD', 'SGN', 1, 'TB004'),
('VJ50205', 'VJ-A320', '2026-05-02 14:30:00', '2026-05-02 15:35:00', 'SGN', 'CXR', 1, 'TB005'),
('VJ50206', 'VJ-A320', '2026-05-02 16:05:00', '2026-05-02 17:10:00', 'CXR', 'SGN', 1, 'TB006'),
('VJ50207', 'VJ-A320', '2026-05-02 17:40:00', '2026-05-02 18:40:00', 'SGN', 'PQC', 1, 'TB007'),
('VJ50208', 'VJ-A320', '2026-05-02 19:10:00', '2026-05-02 20:10:00', 'PQC', 'SGN', 1, 'TB008'),
('VJ50209', 'VJ-A320', '2026-05-02 20:40:00', '2026-05-02 22:05:00', 'HAN', 'DAD', 1, 'TB009'),
('VJ50210', 'VJ-A320', '2026-05-02 22:35:00', '2026-05-03 00:00:00', 'DAD', 'HAN', 1, 'TB010'),
('VJ50211', 'VJ-A320', '2026-05-02 06:00:00', '2026-05-02 07:30:00', 'SGN', 'BKK', 1, 'TB011'),
('VJ50212', 'VJ-A320', '2026-05-02 08:00:00', '2026-05-02 09:30:00', 'BKK', 'SGN', 1, 'TB012'),
('VJ50213', 'VJ-A320', '2026-05-02 10:00:00', '2026-05-02 12:00:00', 'SGN', 'SIN', 1, 'TB013'),
('VJ50214', 'VJ-A320', '2026-05-02 12:30:00', '2026-05-02 14:30:00', 'SIN', 'SGN', 1, 'TB014'),
('VJ50215', 'VJ-A320', '2026-05-02 15:00:00', '2026-05-02 20:00:00', 'SGN', 'ICN', 1, 'TB015'),
('VJ50216', 'VJ-A320', '2026-05-02 20:30:00', '2026-05-03 01:30:00', 'ICN', 'SGN', 1, 'TB016'),
('VJ50217', 'VJ-A320', '2026-05-02 21:00:00', '2026-05-03 02:30:00', 'SGN', 'NRT', 1, 'TB017'),
('VJ50218', 'VJ-A320', '2026-05-02 02:30:00', '2026-05-02 08:00:00', 'NRT', 'SGN', 1, 'TB018'),
('VJ50219', 'VJ-A320', '2026-05-02 08:30:00', '2026-05-02 20:30:00', 'SGN', 'CDG', 1, 'TB019'),
('VJ50220', 'VJ-A320', '2026-05-02 21:00:00', '2026-05-03 09:00:00', 'CDG', 'SGN', 1, 'TB020'),
('VJ50301', 'VJ-A320', '2026-05-03 05:10:00', '2026-05-03 07:10:00', 'SGN', 'HAN', 1, 'TB001'),
('VJ50302', 'VJ-A320', '2026-05-03 07:45:00', '2026-05-03 09:45:00', 'HAN', 'SGN', 1, 'TB002'),
('VJ50303', 'VJ-A320', '2026-05-03 10:20:00', '2026-05-03 11:55:00', 'SGN', 'DAD', 1, 'TB003'),
('VJ50304', 'VJ-A320', '2026-05-03 12:25:00', '2026-05-03 14:00:00', 'DAD', 'SGN', 1, 'TB004'),
('VJ50305', 'VJ-A320', '2026-05-03 14:30:00', '2026-05-03 15:35:00', 'SGN', 'CXR', 1, 'TB005'),
('VJ50306', 'VJ-A320', '2026-05-03 16:05:00', '2026-05-03 17:10:00', 'CXR', 'SGN', 1, 'TB006'),
('VJ50307', 'VJ-A320', '2026-05-03 17:40:00', '2026-05-03 18:40:00', 'SGN', 'PQC', 1, 'TB007'),
('VJ50308', 'VJ-A320', '2026-05-03 19:10:00', '2026-05-03 20:10:00', 'PQC', 'SGN', 1, 'TB008'),
('VJ50309', 'VJ-A320', '2026-05-03 20:40:00', '2026-05-03 22:05:00', 'HAN', 'DAD', 1, 'TB009'),
('VJ50310', 'VJ-A320', '2026-05-03 22:35:00', '2026-05-04 00:00:00', 'DAD', 'HAN', 1, 'TB010'),
('VJ50311', 'VJ-A320', '2026-05-03 06:00:00', '2026-05-03 07:30:00', 'SGN', 'BKK', 1, 'TB011'),
('VJ50312', 'VJ-A320', '2026-05-03 08:00:00', '2026-05-03 09:30:00', 'BKK', 'SGN', 1, 'TB012'),
('VJ50313', 'VJ-A320', '2026-05-03 10:00:00', '2026-05-03 12:00:00', 'SGN', 'SIN', 1, 'TB013'),
('VJ50314', 'VJ-A320', '2026-05-03 12:30:00', '2026-05-03 14:30:00', 'SIN', 'SGN', 1, 'TB014'),
('VJ50315', 'VJ-A320', '2026-05-03 15:00:00', '2026-05-03 20:00:00', 'SGN', 'ICN', 1, 'TB015'),
('VJ50316', 'VJ-A320', '2026-05-03 20:30:00', '2026-05-04 01:30:00', 'ICN', 'SGN', 1, 'TB016'),
('VJ50317', 'VJ-A320', '2026-05-03 21:00:00', '2026-05-04 02:30:00', 'SGN', 'NRT', 1, 'TB017'),
('VJ50318', 'VJ-A320', '2026-05-03 02:30:00', '2026-05-03 08:00:00', 'NRT', 'SGN', 1, 'TB018'),
('VJ50319', 'VJ-A320', '2026-05-03 08:30:00', '2026-05-03 20:30:00', 'SGN', 'CDG', 1, 'TB019'),
('VJ50320', 'VJ-A320', '2026-05-03 21:00:00', '2026-05-04 09:00:00', 'CDG', 'SGN', 1, 'TB020'),
('VJ50401', 'VJ-A320', '2026-05-04 05:10:00', '2026-05-04 07:10:00', 'SGN', 'HAN', 1, 'TB001'),
('VJ50402', 'VJ-A320', '2026-05-04 07:45:00', '2026-05-04 09:45:00', 'HAN', 'SGN', 1, 'TB002'),
('VJ50403', 'VJ-A320', '2026-05-04 10:20:00', '2026-05-04 11:55:00', 'SGN', 'DAD', 1, 'TB003'),
('VJ50404', 'VJ-A320', '2026-05-04 12:25:00', '2026-05-04 14:00:00', 'DAD', 'SGN', 1, 'TB004'),
('VJ50405', 'VJ-A320', '2026-05-04 14:30:00', '2026-05-04 15:35:00', 'SGN', 'CXR', 1, 'TB005'),
('VJ50406', 'VJ-A320', '2026-05-04 16:05:00', '2026-05-04 17:10:00', 'CXR', 'SGN', 1, 'TB006'),
('VJ50407', 'VJ-A320', '2026-05-04 17:40:00', '2026-05-04 18:40:00', 'SGN', 'PQC', 1, 'TB007'),
('VJ50408', 'VJ-A320', '2026-05-04 19:10:00', '2026-05-04 20:10:00', 'PQC', 'SGN', 1, 'TB008'),
('VJ50409', 'VJ-A320', '2026-05-04 20:40:00', '2026-05-04 22:05:00', 'HAN', 'DAD', 1, 'TB009'),
('VJ50410', 'VJ-A320', '2026-05-04 22:35:00', '2026-05-05 00:00:00', 'DAD', 'HAN', 1, 'TB010'),
('VJ50411', 'VJ-A320', '2026-05-04 06:00:00', '2026-05-04 07:30:00', 'SGN', 'BKK', 1, 'TB011'),
('VJ50412', 'VJ-A320', '2026-05-04 08:00:00', '2026-05-04 09:30:00', 'BKK', 'SGN', 1, 'TB012'),
('VJ50413', 'VJ-A320', '2026-05-04 10:00:00', '2026-05-04 12:00:00', 'SGN', 'SIN', 1, 'TB013'),
('VJ50414', 'VJ-A320', '2026-05-04 12:30:00', '2026-05-04 14:30:00', 'SIN', 'SGN', 1, 'TB014'),
('VJ50415', 'VJ-A320', '2026-05-04 15:00:00', '2026-05-04 20:00:00', 'SGN', 'ICN', 1, 'TB015'),
('VJ50416', 'VJ-A320', '2026-05-04 20:30:00', '2026-05-05 01:30:00', 'ICN', 'SGN', 1, 'TB016'),
('VJ50417', 'VJ-A320', '2026-05-04 21:00:00', '2026-05-05 02:30:00', 'SGN', 'NRT', 1, 'TB017'),
('VJ50418', 'VJ-A320', '2026-05-04 02:30:00', '2026-05-04 08:00:00', 'NRT', 'SGN', 1, 'TB018'),
('VJ50419', 'VJ-A320', '2026-05-04 08:30:00', '2026-05-04 20:30:00', 'SGN', 'CDG', 1, 'TB019'),
('VJ50420', 'VJ-A320', '2026-05-04 21:00:00', '2026-05-05 09:00:00', 'CDG', 'SGN', 1, 'TB020'),
('VJ50501', 'VJ-A320', '2026-05-05 05:10:00', '2026-05-05 07:10:00', 'SGN', 'HAN', 1, 'TB001'),
('VJ50502', 'VJ-A320', '2026-05-05 07:45:00', '2026-05-05 09:45:00', 'HAN', 'SGN', 1, 'TB002'),
('VJ50503', 'VJ-A320', '2026-05-05 10:20:00', '2026-05-05 11:55:00', 'SGN', 'DAD', 1, 'TB003'),
('VJ50504', 'VJ-A320', '2026-05-05 12:25:00', '2026-05-05 14:00:00', 'DAD', 'SGN', 1, 'TB004'),
('VJ50505', 'VJ-A320', '2026-05-05 14:30:00', '2026-05-05 15:35:00', 'SGN', 'CXR', 1, 'TB005'),
('VJ50506', 'VJ-A320', '2026-05-05 16:05:00', '2026-05-05 17:10:00', 'CXR', 'SGN', 1, 'TB006'),
('VJ50507', 'VJ-A320', '2026-05-05 17:40:00', '2026-05-05 18:40:00', 'SGN', 'PQC', 1, 'TB007'),
('VJ50508', 'VJ-A320', '2026-05-05 19:10:00', '2026-05-05 20:10:00', 'PQC', 'SGN', 1, 'TB008'),
('VJ50509', 'VJ-A320', '2026-05-05 20:40:00', '2026-05-05 22:05:00', 'HAN', 'DAD', 1, 'TB009'),
('VJ50510', 'VJ-A320', '2026-05-05 22:35:00', '2026-05-06 00:00:00', 'DAD', 'HAN', 1, 'TB010'),
('VJ50511', 'VJ-A320', '2026-05-05 06:00:00', '2026-05-05 07:30:00', 'SGN', 'BKK', 1, 'TB011'),
('VJ50512', 'VJ-A320', '2026-05-05 08:00:00', '2026-05-05 09:30:00', 'BKK', 'SGN', 1, 'TB012'),
('VJ50513', 'VJ-A320', '2026-05-05 10:00:00', '2026-05-05 12:00:00', 'SGN', 'SIN', 1, 'TB013'),
('VJ50514', 'VJ-A320', '2026-05-05 12:30:00', '2026-05-05 14:30:00', 'SIN', 'SGN', 1, 'TB014'),
('VJ50515', 'VJ-A320', '2026-05-05 15:00:00', '2026-05-05 20:00:00', 'SGN', 'ICN', 1, 'TB015'),
('VJ50516', 'VJ-A320', '2026-05-05 20:30:00', '2026-05-06 01:30:00', 'ICN', 'SGN', 1, 'TB016'),
('VJ50517', 'VJ-A320', '2026-05-05 21:00:00', '2026-05-06 02:30:00', 'SGN', 'NRT', 1, 'TB017'),
('VJ50518', 'VJ-A320', '2026-05-05 02:30:00', '2026-05-05 08:00:00', 'NRT', 'SGN', 1, 'TB018'),
('VJ50519', 'VJ-A320', '2026-05-05 08:30:00', '2026-05-05 20:30:00', 'SGN', 'CDG', 1, 'TB019'),
('VJ50520', 'VJ-A320', '2026-05-05 21:00:00', '2026-05-06 09:00:00', 'CDG', 'SGN', 1, 'TB020'),
('VN040151', 'VN-A350', '2026-04-01 15:00:00', '2026-04-01 20:00:00', 'SGN', 'ICN', 4, 'TB015');
INSERT INTO `chuyenbay` (`MACHUYENBAY`, `MAMAYBAY`, `THOIGIANDI`, `THOIGIANDEN`, `MASANBAYDI`, `MASANBAYDEN`, `TRANGTHAI_CB`, `MATUYEN`) VALUES
('VN040252', 'VN-A350', '2026-04-02 09:00:00', '2026-04-02 14:00:00', 'ICN', 'SGN', 4, 'TB016'),
('VN040353', 'VN-A350', '2026-04-03 14:30:00', '2026-04-03 20:00:00', 'SGN', 'NRT', 4, 'TB017'),
('VN040454', 'VN-A350', '2026-04-04 09:30:00', '2026-04-04 15:00:00', 'NRT', 'SGN', 4, 'TB018'),
('VN040555', 'VN-A350', '2026-04-05 13:00:00', '2026-04-06 01:00:00', 'SGN', 'CDG', 4, 'TB019'),
('VN040656', 'VN-A350', '2026-04-06 10:00:00', '2026-04-06 22:00:00', 'CDG', 'SGN', 4, 'TB020'),
('VN040751', 'VN-A350', '2026-04-07 15:00:00', '2026-04-07 20:00:00', 'SGN', 'ICN', 4, 'TB015'),
('VN040852', 'VN-A350', '2026-04-08 09:00:00', '2026-04-08 14:00:00', 'ICN', 'SGN', 2, 'TB016'),
('VN040953', 'VN-A350', '2026-04-09 14:30:00', '2026-04-09 20:00:00', 'SGN', 'NRT', 1, 'TB017'),
('VN041054', 'VN-A350', '2026-04-10 09:30:00', '2026-04-10 15:00:00', 'NRT', 'SGN', 1, 'TB018'),
('VN041155', 'VN-A350', '2026-04-11 13:00:00', '2026-04-12 01:00:00', 'SGN', 'CDG', 1, 'TB019'),
('VN041256', 'VN-A350', '2026-04-12 10:00:00', '2026-04-12 22:00:00', 'CDG', 'SGN', 1, 'TB020'),
('VN041351', 'VN-A350', '2026-04-13 15:00:00', '2026-04-13 20:00:00', 'SGN', 'ICN', 1, 'TB015'),
('VN041452', 'VN-A350', '2026-04-14 09:00:00', '2026-04-14 14:00:00', 'ICN', 'SGN', 1, 'TB016'),
('VN041553', 'VN-A350', '2026-04-15 14:30:00', '2026-04-15 20:00:00', 'SGN', 'NRT', 1, 'TB017'),
('VN041654', 'VN-A350', '2026-04-16 09:30:00', '2026-04-16 15:00:00', 'NRT', 'SGN', 1, 'TB018'),
('VN041755', 'VN-A350', '2026-04-17 13:00:00', '2026-04-18 01:00:00', 'SGN', 'CDG', 1, 'TB019'),
('VN041856', 'VN-A350', '2026-04-18 10:00:00', '2026-04-18 22:00:00', 'CDG', 'SGN', 1, 'TB020'),
('VN041951', 'VN-A350', '2026-04-19 15:00:00', '2026-04-19 20:00:00', 'SGN', 'ICN', 1, 'TB015'),
('VN042052', 'VN-A350', '2026-04-20 09:00:00', '2026-04-20 14:00:00', 'ICN', 'SGN', 1, 'TB016'),
('VN042153', 'VN-A350', '2026-04-21 14:30:00', '2026-04-21 20:00:00', 'SGN', 'NRT', 1, 'TB017'),
('VN042254', 'VN-A350', '2026-04-22 09:30:00', '2026-04-22 15:00:00', 'NRT', 'SGN', 1, 'TB018'),
('VN042355', 'VN-A350', '2026-04-23 13:00:00', '2026-04-24 01:00:00', 'SGN', 'CDG', 1, 'TB019'),
('VN042456', 'VN-A350', '2026-04-24 10:00:00', '2026-04-24 22:00:00', 'CDG', 'SGN', 1, 'TB020'),
('VN042551', 'VN-A350', '2026-04-25 15:00:00', '2026-04-25 20:00:00', 'SGN', 'ICN', 1, 'TB015'),
('VN042652', 'VN-A350', '2026-04-26 09:00:00', '2026-04-26 14:00:00', 'ICN', 'SGN', 1, 'TB016'),
('VN042753', 'VN-A350', '2026-04-27 14:30:00', '2026-04-27 20:00:00', 'SGN', 'NRT', 1, 'TB017'),
('VN042854', 'VN-A350', '2026-04-28 09:30:00', '2026-04-28 15:00:00', 'NRT', 'SGN', 1, 'TB018'),
('VN042955', 'VN-A350', '2026-04-29 13:00:00', '2026-04-30 01:00:00', 'SGN', 'CDG', 1, 'TB019'),
('VN043056', 'VN-A350', '2026-04-30 10:00:00', '2026-04-30 22:00:00', 'CDG', 'SGN', 1, 'TB020'),
('VN123', 'VN-A321', '2026-03-25 08:00:00', '2026-03-25 10:10:00', 'HAN', 'SGN', 4, 'TB002'),
('VN2601', 'VN-A350', '2026-03-26 06:00:00', '2026-03-26 07:30:00', 'SGN', 'DAD', 4, 'TB003'),
('VN2602', 'VN-A350', '2026-03-26 12:00:00', '2026-03-26 13:30:00', 'SGN', 'DAD', 4, 'TB003'),
('VN2603', 'VN-A350', '2026-03-26 18:00:00', '2026-03-26 19:30:00', 'SGN', 'DAD', 4, 'TB003'),
('VN2604', 'VN-A350', '2026-03-26 08:30:00', '2026-03-26 10:00:00', 'DAD', 'SGN', 4, 'TB004'),
('VN2605', 'VN-A350', '2026-03-26 14:30:00', '2026-03-26 16:00:00', 'DAD', 'SGN', 4, 'TB004'),
('VN2606', 'VN-A350', '2026-03-26 20:30:00', '2026-03-26 22:00:00', 'DAD', 'SGN', 4, 'TB004'),
('VN2701', 'VN-A350', '2026-03-27 06:00:00', '2026-03-27 07:30:00', 'SGN', 'DAD', 4, 'TB003'),
('VN2702', 'VN-A350', '2026-03-27 12:00:00', '2026-03-27 13:30:00', 'SGN', 'DAD', 4, 'TB003'),
('VN2703', 'VN-A350', '2026-03-27 18:00:00', '2026-03-27 19:30:00', 'SGN', 'DAD', 4, 'TB003'),
('VN2704', 'VN-A350', '2026-03-27 08:30:00', '2026-03-27 10:00:00', 'DAD', 'SGN', 4, 'TB004'),
('VN2705', 'VN-A350', '2026-03-27 14:30:00', '2026-03-27 16:00:00', 'DAD', 'SGN', 4, 'TB004'),
('VN2706', 'VN-A350', '2026-03-27 20:30:00', '2026-03-27 22:00:00', 'DAD', 'SGN', 4, 'TB004'),
('VN2801', 'VN-A350', '2026-03-28 06:00:00', '2026-03-28 07:30:00', 'SGN', 'DAD', 4, 'TB003'),
('VN2802', 'VN-A350', '2026-03-28 12:00:00', '2026-03-28 13:30:00', 'SGN', 'DAD', 4, 'TB003'),
('VN2803', 'VN-A350', '2026-03-28 18:00:00', '2026-03-28 19:30:00', 'SGN', 'DAD', 4, 'TB003'),
('VN2804', 'VN-A350', '2026-03-28 08:30:00', '2026-03-28 10:00:00', 'DAD', 'SGN', 4, 'TB004'),
('VN2805', 'VN-A350', '2026-03-28 14:30:00', '2026-03-28 16:00:00', 'DAD', 'SGN', 4, 'TB004'),
('VN2806', 'VN-A350', '2026-03-28 20:30:00', '2026-03-28 22:00:00', 'DAD', 'SGN', 4, 'TB004'),
('VN2901', 'VN-A350', '2026-03-29 06:00:00', '2026-03-29 07:30:00', 'SGN', 'DAD', 4, 'TB003'),
('VN2902', 'VN-A350', '2026-03-29 12:00:00', '2026-03-29 13:30:00', 'SGN', 'DAD', 4, 'TB003'),
('VN2903', 'VN-A350', '2026-03-29 18:00:00', '2026-03-29 19:30:00', 'SGN', 'DAD', 4, 'TB003'),
('VN2904', 'VN-A350', '2026-03-29 08:30:00', '2026-03-29 10:00:00', 'DAD', 'SGN', 4, 'TB004'),
('VN2905', 'VN-A350', '2026-03-29 14:30:00', '2026-03-29 16:00:00', 'DAD', 'SGN', 4, 'TB004'),
('VN2906', 'VN-A350', '2026-03-29 20:30:00', '2026-03-29 22:00:00', 'DAD', 'SGN', 4, 'TB004'),
('VN3001', 'VN-A350', '2026-03-30 06:00:00', '2026-03-30 07:30:00', 'SGN', 'DAD', 4, 'TB003'),
('VN3002', 'VN-A350', '2026-03-30 12:00:00', '2026-03-30 13:30:00', 'SGN', 'DAD', 4, 'TB003'),
('VN3003', 'VN-A350', '2026-03-30 18:00:00', '2026-03-30 19:30:00', 'SGN', 'DAD', 4, 'TB003'),
('VN3004', 'VN-A350', '2026-03-30 08:30:00', '2026-03-30 10:00:00', 'DAD', 'SGN', 4, 'TB004'),
('VN3005', 'VN-A350', '2026-03-30 14:30:00', '2026-03-30 16:00:00', 'DAD', 'SGN', 4, 'TB004'),
('VN3006', 'VN-A350', '2026-03-30 20:30:00', '2026-03-30 22:00:00', 'DAD', 'SGN', 4, 'TB004'),
('VN3501', 'VN-A350', '2026-04-10 08:00:00', '2026-04-10 09:30:00', 'SGN', 'DAD', 1, 'TB003'),
('VN3502', 'VN-A350', '2026-04-10 14:00:00', '2026-04-10 15:30:00', 'DAD', 'SGN', 1, 'TB004'),
('VN40901', 'VN-A350', '2026-04-09 05:30:00', '2026-04-09 07:30:00', 'SGN', 'HAN', 1, 'TB001'),
('VN40902', 'VN-A350', '2026-04-09 08:00:00', '2026-04-09 10:00:00', 'HAN', 'SGN', 1, 'TB002'),
('VN40903', 'VN-A350', '2026-04-09 10:30:00', '2026-04-09 12:05:00', 'SGN', 'DAD', 1, 'TB003'),
('VN40904', 'VN-A350', '2026-04-09 12:35:00', '2026-04-09 14:10:00', 'DAD', 'SGN', 1, 'TB004'),
('VN40905', 'VN-A350', '2026-04-09 14:40:00', '2026-04-09 15:45:00', 'SGN', 'CXR', 1, 'TB005'),
('VN40906', 'VN-A350', '2026-04-09 16:15:00', '2026-04-09 17:20:00', 'CXR', 'SGN', 1, 'TB006'),
('VN40907', 'VN-A350', '2026-04-09 17:50:00', '2026-04-09 18:50:00', 'SGN', 'PQC', 1, 'TB007'),
('VN40908', 'VN-A350', '2026-04-09 19:20:00', '2026-04-09 20:20:00', 'PQC', 'SGN', 1, 'TB008'),
('VN40909', 'VN-A350', '2026-04-09 20:50:00', '2026-04-09 22:15:00', 'HAN', 'DAD', 1, 'TB009'),
('VN40910', 'VN-A350', '2026-04-09 22:45:00', '2026-04-10 00:10:00', 'DAD', 'HAN', 1, 'TB010'),
('VN40911', 'VN-A350', '2026-04-09 06:00:00', '2026-04-09 07:30:00', 'SGN', 'BKK', 1, 'TB011'),
('VN40912', 'VN-A350', '2026-04-09 08:00:00', '2026-04-09 09:30:00', 'BKK', 'SGN', 1, 'TB012'),
('VN40913', 'VN-A350', '2026-04-09 10:00:00', '2026-04-09 12:00:00', 'SGN', 'SIN', 1, 'TB013'),
('VN40914', 'VN-A350', '2026-04-09 12:30:00', '2026-04-09 14:30:00', 'SIN', 'SGN', 1, 'TB014'),
('VN40915', 'VN-A350', '2026-04-09 15:00:00', '2026-04-09 20:00:00', 'SGN', 'ICN', 1, 'TB015'),
('VN40916', 'VN-A350', '2026-04-09 20:30:00', '2026-04-10 01:30:00', 'ICN', 'SGN', 1, 'TB016'),
('VN40918', 'VN-A350', '2026-04-09 02:30:00', '2026-04-09 08:00:00', 'NRT', 'SGN', 1, 'TB018'),
('VN40919', 'VN-A350', '2026-04-09 08:30:00', '2026-04-09 20:30:00', 'SGN', 'CDG', 1, 'TB019'),
('VN40920', 'VN-A350', '2026-04-09 21:00:00', '2026-04-10 09:00:00', 'CDG', 'SGN', 1, 'TB020'),
('VN41001', 'VN-A350', '2026-04-10 05:30:00', '2026-04-10 07:30:00', 'SGN', 'HAN', 1, 'TB001'),
('VN41002', 'VN-A350', '2026-04-10 08:00:00', '2026-04-10 10:00:00', 'HAN', 'SGN', 1, 'TB002'),
('VN41003', 'VN-A350', '2026-04-10 10:30:00', '2026-04-10 12:05:00', 'SGN', 'DAD', 1, 'TB003'),
('VN41004', 'VN-A350', '2026-04-10 12:35:00', '2026-04-10 14:10:00', 'DAD', 'SGN', 1, 'TB004'),
('VN41005', 'VN-A350', '2026-04-10 14:40:00', '2026-04-10 15:45:00', 'SGN', 'CXR', 1, 'TB005'),
('VN41006', 'VN-A350', '2026-04-10 16:15:00', '2026-04-10 17:20:00', 'CXR', 'SGN', 1, 'TB006'),
('VN41007', 'VN-A350', '2026-04-10 17:50:00', '2026-04-10 18:50:00', 'SGN', 'PQC', 1, 'TB007'),
('VN41008', 'VN-A350', '2026-04-10 19:20:00', '2026-04-10 20:20:00', 'PQC', 'SGN', 1, 'TB008'),
('VN41009', 'VN-A350', '2026-04-10 20:50:00', '2026-04-10 22:15:00', 'HAN', 'DAD', 1, 'TB009'),
('VN41010', 'VN-A350', '2026-04-10 22:45:00', '2026-04-11 00:10:00', 'DAD', 'HAN', 1, 'TB010'),
('VN41011', 'VN-A350', '2026-04-10 06:00:00', '2026-04-10 07:30:00', 'SGN', 'BKK', 1, 'TB011'),
('VN41012', 'VN-A350', '2026-04-10 08:00:00', '2026-04-10 09:30:00', 'BKK', 'SGN', 0, 'TB012'),
('VN41013', 'VN-A350', '2026-04-10 10:00:00', '2026-04-10 12:00:00', 'SGN', 'SIN', 1, 'TB013'),
('VN41014', 'VN-A350', '2026-04-10 12:30:00', '2026-04-10 14:30:00', 'SIN', 'SGN', 1, 'TB014'),
('VN41015', 'VN-A350', '2026-04-10 15:00:00', '2026-04-10 20:00:00', 'SGN', 'ICN', 1, 'TB015'),
('VN41016', 'VN-A350', '2026-04-10 20:30:00', '2026-04-11 01:30:00', 'ICN', 'SGN', 1, 'TB016'),
('VN41017', 'VN-A350', '2026-04-10 20:30:00', '2026-04-11 02:00:00', 'SGN', 'NRT', 1, 'TB017'),
('VN41019', 'VN-A350', '2026-04-10 08:30:00', '2026-04-10 20:30:00', 'SGN', 'CDG', 1, 'TB019'),
('VN41020', 'VN-A350', '2026-04-10 21:00:00', '2026-04-11 09:00:00', 'CDG', 'SGN', 1, 'TB020'),
('VN41101', 'VN-A350', '2026-04-11 05:30:00', '2026-04-11 07:30:00', 'SGN', 'HAN', 1, 'TB001'),
('VN41102', 'VN-A350', '2026-04-11 08:00:00', '2026-04-11 10:00:00', 'HAN', 'SGN', 1, 'TB002'),
('VN41103', 'VN-A350', '2026-04-11 10:30:00', '2026-04-11 12:05:00', 'SGN', 'DAD', 1, 'TB003'),
('VN41104', 'VN-A350', '2026-04-11 12:35:00', '2026-04-11 14:10:00', 'DAD', 'SGN', 1, 'TB004'),
('VN41105', 'VN-A350', '2026-04-11 14:40:00', '2026-04-11 15:45:00', 'SGN', 'CXR', 1, 'TB005'),
('VN41106', 'VN-A350', '2026-04-11 16:15:00', '2026-04-11 17:20:00', 'CXR', 'SGN', 1, 'TB006'),
('VN41107', 'VN-A350', '2026-04-11 17:50:00', '2026-04-11 18:50:00', 'SGN', 'PQC', 1, 'TB007'),
('VN41108', 'VN-A350', '2026-04-11 19:20:00', '2026-04-11 20:20:00', 'PQC', 'SGN', 1, 'TB008'),
('VN41109', 'VN-A350', '2026-04-11 20:50:00', '2026-04-11 22:15:00', 'HAN', 'DAD', 1, 'TB009'),
('VN41110', 'VN-A350', '2026-04-11 22:45:00', '2026-04-12 00:10:00', 'DAD', 'HAN', 1, 'TB010'),
('VN41111', 'VN-A350', '2026-04-11 06:00:00', '2026-04-11 07:30:00', 'SGN', 'BKK', 1, 'TB011'),
('VN41112', 'VN-A350', '2026-04-11 08:00:00', '2026-04-11 09:30:00', 'BKK', 'SGN', 1, 'TB012'),
('VN41113', 'VN-A350', '2026-04-11 10:00:00', '2026-04-11 12:00:00', 'SGN', 'SIN', 1, 'TB013'),
('VN41114', 'VN-A350', '2026-04-11 12:30:00', '2026-04-11 14:30:00', 'SIN', 'SGN', 1, 'TB014'),
('VN41116', 'VN-A350', '2026-04-11 20:30:00', '2026-04-12 01:30:00', 'ICN', 'SGN', 1, 'TB016'),
('VN41117', 'VN-A350', '2026-04-11 20:30:00', '2026-04-12 02:00:00', 'SGN', 'NRT', 1, 'TB017'),
('VN41119', 'VN-A350', '2026-04-11 08:30:00', '2026-04-11 20:30:00', 'SGN', 'CDG', 1, 'TB019'),
('VN41120', 'VN-A350', '2026-04-11 21:00:00', '2026-04-12 09:00:00', 'CDG', 'SGN', 1, 'TB020'),
('VN41201', 'VN-A350', '2026-04-12 05:30:00', '2026-04-12 07:30:00', 'SGN', 'HAN', 1, 'TB001'),
('VN41202', 'VN-A350', '2026-04-12 08:00:00', '2026-04-12 10:00:00', 'HAN', 'SGN', 1, 'TB002'),
('VN41203', 'VN-A350', '2026-04-12 10:30:00', '2026-04-12 12:05:00', 'SGN', 'DAD', 1, 'TB003'),
('VN41204', 'VN-A350', '2026-04-12 12:35:00', '2026-04-12 14:10:00', 'DAD', 'SGN', 1, 'TB004'),
('VN41205', 'VN-A350', '2026-04-12 14:40:00', '2026-04-12 15:45:00', 'SGN', 'CXR', 1, 'TB005'),
('VN41206', 'VN-A350', '2026-04-12 16:15:00', '2026-04-12 17:20:00', 'CXR', 'SGN', 1, 'TB006'),
('VN41207', 'VN-A350', '2026-04-12 17:50:00', '2026-04-12 18:50:00', 'SGN', 'PQC', 1, 'TB007'),
('VN41208', 'VN-A350', '2026-04-12 19:20:00', '2026-04-12 20:20:00', 'PQC', 'SGN', 1, 'TB008'),
('VN41209', 'VN-A350', '2026-04-12 20:50:00', '2026-04-12 22:15:00', 'HAN', 'DAD', 1, 'TB009'),
('VN41210', 'VN-A350', '2026-04-12 22:45:00', '2026-04-13 00:10:00', 'DAD', 'HAN', 1, 'TB010'),
('VN41211', 'VN-A350', '2026-04-12 06:00:00', '2026-04-12 07:30:00', 'SGN', 'BKK', 1, 'TB011'),
('VN41212', 'VN-A350', '2026-04-12 08:00:00', '2026-04-12 09:30:00', 'BKK', 'SGN', 1, 'TB012'),
('VN41213', 'VN-A350', '2026-04-12 10:00:00', '2026-04-12 12:00:00', 'SGN', 'SIN', 1, 'TB013'),
('VN41214', 'VN-A350', '2026-04-12 12:30:00', '2026-04-12 14:30:00', 'SIN', 'SGN', 1, 'TB014'),
('VN41215', 'VN-A350', '2026-04-12 15:00:00', '2026-04-12 20:00:00', 'SGN', 'ICN', 1, 'TB015'),
('VN41217', 'VN-A350', '2026-04-12 20:30:00', '2026-04-13 02:00:00', 'SGN', 'NRT', 1, 'TB017'),
('VN41218', 'VN-A350', '2026-04-12 02:30:00', '2026-04-12 08:00:00', 'NRT', 'SGN', 1, 'TB018'),
('VN41219', 'VN-A350', '2026-04-12 08:30:00', '2026-04-12 20:30:00', 'SGN', 'CDG', 1, 'TB019'),
('VN41220', 'VN-A350', '2026-04-12 21:00:00', '2026-04-13 09:00:00', 'CDG', 'SGN', 1, 'TB020'),
('VN41301', 'VN-A350', '2026-04-13 05:30:00', '2026-04-13 07:30:00', 'SGN', 'HAN', 1, 'TB001'),
('VN41302', 'VN-A350', '2026-04-13 08:00:00', '2026-04-13 10:00:00', 'HAN', 'SGN', 1, 'TB002'),
('VN41303', 'VN-A350', '2026-04-13 10:30:00', '2026-04-13 12:05:00', 'SGN', 'DAD', 1, 'TB003'),
('VN41304', 'VN-A350', '2026-04-13 12:35:00', '2026-04-13 14:10:00', 'DAD', 'SGN', 1, 'TB004'),
('VN41305', 'VN-A350', '2026-04-13 14:40:00', '2026-04-13 15:45:00', 'SGN', 'CXR', 1, 'TB005'),
('VN41306', 'VN-A350', '2026-04-13 16:15:00', '2026-04-13 17:20:00', 'CXR', 'SGN', 1, 'TB006'),
('VN41307', 'VN-A350', '2026-04-13 17:50:00', '2026-04-13 18:50:00', 'SGN', 'PQC', 1, 'TB007'),
('VN41308', 'VN-A350', '2026-04-13 19:20:00', '2026-04-13 20:20:00', 'PQC', 'SGN', 1, 'TB008'),
('VN41309', 'VN-A350', '2026-04-13 20:50:00', '2026-04-13 22:15:00', 'HAN', 'DAD', 1, 'TB009'),
('VN41310', 'VN-A350', '2026-04-13 22:45:00', '2026-04-14 00:10:00', 'DAD', 'HAN', 1, 'TB010'),
('VN41311', 'VN-A350', '2026-04-13 06:00:00', '2026-04-13 07:30:00', 'SGN', 'BKK', 1, 'TB011'),
('VN41312', 'VN-A350', '2026-04-13 08:00:00', '2026-04-13 09:30:00', 'BKK', 'SGN', 1, 'TB012'),
('VN41313', 'VN-A350', '2026-04-13 10:00:00', '2026-04-13 12:00:00', 'SGN', 'SIN', 1, 'TB013'),
('VN41314', 'VN-A350', '2026-04-13 12:30:00', '2026-04-13 14:30:00', 'SIN', 'SGN', 1, 'TB014'),
('VN41316', 'VN-A350', '2026-04-13 20:30:00', '2026-04-14 01:30:00', 'ICN', 'SGN', 1, 'TB016'),
('VN41318', 'VN-A350', '2026-04-13 02:30:00', '2026-04-13 08:00:00', 'NRT', 'SGN', 1, 'TB018'),
('VN41319', 'VN-A350', '2026-04-13 08:30:00', '2026-04-13 20:30:00', 'SGN', 'CDG', 1, 'TB019'),
('VN41320', 'VN-A350', '2026-04-13 21:00:00', '2026-04-14 09:00:00', 'CDG', 'SGN', 1, 'TB020'),
('VN41401', 'VN-A350', '2026-04-14 05:30:00', '2026-04-14 07:30:00', 'SGN', 'HAN', 1, 'TB001'),
('VN41402', 'VN-A350', '2026-04-14 08:00:00', '2026-04-14 10:00:00', 'HAN', 'SGN', 1, 'TB002'),
('VN41403', 'VN-A350', '2026-04-14 10:30:00', '2026-04-14 12:05:00', 'SGN', 'DAD', 1, 'TB003'),
('VN41404', 'VN-A350', '2026-04-14 12:35:00', '2026-04-14 14:10:00', 'DAD', 'SGN', 1, 'TB004'),
('VN41405', 'VN-A350', '2026-04-14 14:40:00', '2026-04-14 15:45:00', 'SGN', 'CXR', 1, 'TB005'),
('VN41406', 'VN-A350', '2026-04-14 16:15:00', '2026-04-14 17:20:00', 'CXR', 'SGN', 1, 'TB006'),
('VN41407', 'VN-A350', '2026-04-14 17:50:00', '2026-04-14 18:50:00', 'SGN', 'PQC', 1, 'TB007'),
('VN41408', 'VN-A350', '2026-04-14 19:20:00', '2026-04-14 20:20:00', 'PQC', 'SGN', 1, 'TB008'),
('VN41409', 'VN-A350', '2026-04-14 20:50:00', '2026-04-14 22:15:00', 'HAN', 'DAD', 1, 'TB009'),
('VN41410', 'VN-A350', '2026-04-14 22:45:00', '2026-04-15 00:10:00', 'DAD', 'HAN', 1, 'TB010'),
('VN41411', 'VN-A350', '2026-04-14 06:00:00', '2026-04-14 07:30:00', 'SGN', 'BKK', 1, 'TB011'),
('VN41412', 'VN-A350', '2026-04-14 08:00:00', '2026-04-14 09:30:00', 'BKK', 'SGN', 1, 'TB012'),
('VN41413', 'VN-A350', '2026-04-14 10:00:00', '2026-04-14 12:00:00', 'SGN', 'SIN', 1, 'TB013'),
('VN41414', 'VN-A350', '2026-04-14 12:30:00', '2026-04-14 14:30:00', 'SIN', 'SGN', 1, 'TB014'),
('VN41415', 'VN-A350', '2026-04-14 15:00:00', '2026-04-14 20:00:00', 'SGN', 'ICN', 1, 'TB015'),
('VN41416', 'VN-A350', '2026-04-14 20:30:00', '2026-04-15 01:30:00', 'ICN', 'SGN', 1, 'TB016'),
('VN41417', 'VN-A350', '2026-04-14 20:30:00', '2026-04-15 02:00:00', 'SGN', 'NRT', 1, 'TB017'),
('VN41419', 'VN-A350', '2026-04-14 08:30:00', '2026-04-14 20:30:00', 'SGN', 'CDG', 1, 'TB019'),
('VN41420', 'VN-A350', '2026-04-14 21:00:00', '2026-04-15 09:00:00', 'CDG', 'SGN', 1, 'TB020'),
('VN41501', 'VN-A350', '2026-04-15 05:30:00', '2026-04-15 07:30:00', 'SGN', 'HAN', 1, 'TB001'),
('VN41502', 'VN-A350', '2026-04-15 08:00:00', '2026-04-15 10:00:00', 'HAN', 'SGN', 1, 'TB002'),
('VN41503', 'VN-A350', '2026-04-15 10:30:00', '2026-04-15 12:05:00', 'SGN', 'DAD', 1, 'TB003'),
('VN41504', 'VN-A350', '2026-04-15 12:35:00', '2026-04-15 14:10:00', 'DAD', 'SGN', 1, 'TB004'),
('VN41505', 'VN-A350', '2026-04-15 14:40:00', '2026-04-15 15:45:00', 'SGN', 'CXR', 1, 'TB005'),
('VN41506', 'VN-A350', '2026-04-15 16:15:00', '2026-04-15 17:20:00', 'CXR', 'SGN', 1, 'TB006'),
('VN41507', 'VN-A350', '2026-04-15 17:50:00', '2026-04-15 18:50:00', 'SGN', 'PQC', 1, 'TB007'),
('VN41508', 'VN-A350', '2026-04-15 19:20:00', '2026-04-15 20:20:00', 'PQC', 'SGN', 1, 'TB008'),
('VN41509', 'VN-A350', '2026-04-15 20:50:00', '2026-04-15 22:15:00', 'HAN', 'DAD', 1, 'TB009'),
('VN41510', 'VN-A350', '2026-04-15 22:45:00', '2026-04-16 00:10:00', 'DAD', 'HAN', 1, 'TB010'),
('VN41511', 'VN-A350', '2026-04-15 06:00:00', '2026-04-15 07:30:00', 'SGN', 'BKK', 1, 'TB011'),
('VN41512', 'VN-A350', '2026-04-15 08:00:00', '2026-04-15 09:30:00', 'BKK', 'SGN', 1, 'TB012'),
('VN41513', 'VN-A350', '2026-04-15 10:00:00', '2026-04-15 12:00:00', 'SGN', 'SIN', 1, 'TB013'),
('VN41514', 'VN-A350', '2026-04-15 12:30:00', '2026-04-15 14:30:00', 'SIN', 'SGN', 1, 'TB014'),
('VN41516', 'VN-A350', '2026-04-15 20:30:00', '2026-04-16 01:30:00', 'ICN', 'SGN', 1, 'TB016'),
('VN41518', 'VN-A350', '2026-04-15 02:30:00', '2026-04-15 08:00:00', 'NRT', 'SGN', 1, 'TB018'),
('VN41519', 'VN-A350', '2026-04-15 08:30:00', '2026-04-15 20:30:00', 'SGN', 'CDG', 1, 'TB019'),
('VN41520', 'VN-A350', '2026-04-15 21:00:00', '2026-04-16 09:00:00', 'CDG', 'SGN', 1, 'TB020'),
('VN41601', 'VN-A350', '2026-04-16 05:30:00', '2026-04-16 07:30:00', 'SGN', 'HAN', 1, 'TB001'),
('VN41602', 'VN-A350', '2026-04-16 08:00:00', '2026-04-16 10:00:00', 'HAN', 'SGN', 1, 'TB002'),
('VN41603', 'VN-A350', '2026-04-16 10:30:00', '2026-04-16 12:05:00', 'SGN', 'DAD', 1, 'TB003'),
('VN41604', 'VN-A350', '2026-04-16 12:35:00', '2026-04-16 14:10:00', 'DAD', 'SGN', 1, 'TB004'),
('VN41605', 'VN-A350', '2026-04-16 14:40:00', '2026-04-16 15:45:00', 'SGN', 'CXR', 1, 'TB005'),
('VN41606', 'VN-A350', '2026-04-16 16:15:00', '2026-04-16 17:20:00', 'CXR', 'SGN', 1, 'TB006'),
('VN41607', 'VN-A350', '2026-04-16 17:50:00', '2026-04-16 18:50:00', 'SGN', 'PQC', 1, 'TB007'),
('VN41608', 'VN-A350', '2026-04-16 19:20:00', '2026-04-16 20:20:00', 'PQC', 'SGN', 1, 'TB008'),
('VN41609', 'VN-A350', '2026-04-16 20:50:00', '2026-04-16 22:15:00', 'HAN', 'DAD', 1, 'TB009'),
('VN41610', 'VN-A350', '2026-04-16 22:45:00', '2026-04-17 00:10:00', 'DAD', 'HAN', 1, 'TB010'),
('VN41611', 'VN-A350', '2026-04-16 06:00:00', '2026-04-16 07:30:00', 'SGN', 'BKK', 1, 'TB011'),
('VN41612', 'VN-A350', '2026-04-16 08:00:00', '2026-04-16 09:30:00', 'BKK', 'SGN', 1, 'TB012'),
('VN41613', 'VN-A350', '2026-04-16 10:00:00', '2026-04-16 12:00:00', 'SGN', 'SIN', 1, 'TB013'),
('VN41614', 'VN-A350', '2026-04-16 12:30:00', '2026-04-16 14:30:00', 'SIN', 'SGN', 1, 'TB014'),
('VN41615', 'VN-A350', '2026-04-16 15:00:00', '2026-04-16 20:00:00', 'SGN', 'ICN', 1, 'TB015'),
('VN41617', 'VN-A350', '2026-04-16 20:30:00', '2026-04-17 02:00:00', 'SGN', 'NRT', 1, 'TB017'),
('VN41618', 'VN-A350', '2026-04-16 02:30:00', '2026-04-16 08:00:00', 'NRT', 'SGN', 1, 'TB018'),
('VN41619', 'VN-A350', '2026-04-16 08:30:00', '2026-04-16 20:30:00', 'SGN', 'CDG', 1, 'TB019'),
('VN41620', 'VN-A350', '2026-04-16 21:00:00', '2026-04-17 09:00:00', 'CDG', 'SGN', 1, 'TB020'),
('VN41701', 'VN-A350', '2026-04-17 05:30:00', '2026-04-17 07:30:00', 'SGN', 'HAN', 1, 'TB001'),
('VN41702', 'VN-A350', '2026-04-17 08:00:00', '2026-04-17 10:00:00', 'HAN', 'SGN', 1, 'TB002'),
('VN41703', 'VN-A350', '2026-04-17 10:30:00', '2026-04-17 12:05:00', 'SGN', 'DAD', 1, 'TB003'),
('VN41704', 'VN-A350', '2026-04-17 12:35:00', '2026-04-17 14:10:00', 'DAD', 'SGN', 1, 'TB004'),
('VN41705', 'VN-A350', '2026-04-17 14:40:00', '2026-04-17 15:45:00', 'SGN', 'CXR', 1, 'TB005'),
('VN41706', 'VN-A350', '2026-04-17 16:15:00', '2026-04-17 17:20:00', 'CXR', 'SGN', 1, 'TB006'),
('VN41707', 'VN-A350', '2026-04-17 17:50:00', '2026-04-17 18:50:00', 'SGN', 'PQC', 1, 'TB007'),
('VN41708', 'VN-A350', '2026-04-17 19:20:00', '2026-04-17 20:20:00', 'PQC', 'SGN', 1, 'TB008'),
('VN41709', 'VN-A350', '2026-04-17 20:50:00', '2026-04-17 22:15:00', 'HAN', 'DAD', 1, 'TB009'),
('VN41710', 'VN-A350', '2026-04-17 22:45:00', '2026-04-18 00:10:00', 'DAD', 'HAN', 1, 'TB010'),
('VN41711', 'VN-A350', '2026-04-17 06:00:00', '2026-04-17 07:30:00', 'SGN', 'BKK', 1, 'TB011'),
('VN41712', 'VN-A350', '2026-04-17 08:00:00', '2026-04-17 09:30:00', 'BKK', 'SGN', 1, 'TB012'),
('VN41713', 'VN-A350', '2026-04-17 10:00:00', '2026-04-17 12:00:00', 'SGN', 'SIN', 1, 'TB013'),
('VN41714', 'VN-A350', '2026-04-17 12:30:00', '2026-04-17 14:30:00', 'SIN', 'SGN', 1, 'TB014'),
('VN41716', 'VN-A350', '2026-04-17 20:30:00', '2026-04-18 01:30:00', 'ICN', 'SGN', 1, 'TB016'),
('VN41718', 'VN-A350', '2026-04-17 02:30:00', '2026-04-17 08:00:00', 'NRT', 'SGN', 1, 'TB018'),
('VN41719', 'VN-A350', '2026-04-17 08:30:00', '2026-04-17 20:30:00', 'SGN', 'CDG', 1, 'TB019'),
('VN41720', 'VN-A350', '2026-04-17 21:00:00', '2026-04-18 09:00:00', 'CDG', 'SGN', 1, 'TB020'),
('VN41801', 'VN-A350', '2026-04-18 05:30:00', '2026-04-18 07:30:00', 'SGN', 'HAN', 1, 'TB001'),
('VN41802', 'VN-A350', '2026-04-18 08:00:00', '2026-04-18 10:00:00', 'HAN', 'SGN', 1, 'TB002'),
('VN41803', 'VN-A350', '2026-04-18 10:30:00', '2026-04-18 12:05:00', 'SGN', 'DAD', 1, 'TB003'),
('VN41804', 'VN-A350', '2026-04-18 12:35:00', '2026-04-18 14:10:00', 'DAD', 'SGN', 1, 'TB004'),
('VN41805', 'VN-A350', '2026-04-18 14:40:00', '2026-04-18 15:45:00', 'SGN', 'CXR', 1, 'TB005'),
('VN41806', 'VN-A350', '2026-04-18 16:15:00', '2026-04-18 17:20:00', 'CXR', 'SGN', 1, 'TB006'),
('VN41807', 'VN-A350', '2026-04-18 17:50:00', '2026-04-18 18:50:00', 'SGN', 'PQC', 1, 'TB007'),
('VN41808', 'VN-A350', '2026-04-18 19:20:00', '2026-04-18 20:20:00', 'PQC', 'SGN', 1, 'TB008'),
('VN41809', 'VN-A350', '2026-04-18 20:50:00', '2026-04-18 22:15:00', 'HAN', 'DAD', 1, 'TB009'),
('VN41810', 'VN-A350', '2026-04-18 22:45:00', '2026-04-19 00:10:00', 'DAD', 'HAN', 1, 'TB010'),
('VN41811', 'VN-A350', '2026-04-18 06:00:00', '2026-04-18 07:30:00', 'SGN', 'BKK', 1, 'TB011'),
('VN41812', 'VN-A350', '2026-04-18 08:00:00', '2026-04-18 09:30:00', 'BKK', 'SGN', 1, 'TB012'),
('VN41813', 'VN-A350', '2026-04-18 10:00:00', '2026-04-18 12:00:00', 'SGN', 'SIN', 1, 'TB013'),
('VN41814', 'VN-A350', '2026-04-18 12:30:00', '2026-04-18 14:30:00', 'SIN', 'SGN', 1, 'TB014'),
('VN41816', 'VN-A350', '2026-04-18 20:30:00', '2026-04-19 01:30:00', 'ICN', 'SGN', 1, 'TB016'),
('VN41817', 'VN-A350', '2026-04-18 20:30:00', '2026-04-19 02:00:00', 'SGN', 'NRT', 1, 'TB017'),
('VN41819', 'VN-A350', '2026-04-18 08:30:00', '2026-04-18 20:30:00', 'SGN', 'CDG', 1, 'TB019'),
('VN41820', 'VN-A350', '2026-04-18 21:00:00', '2026-04-19 09:00:00', 'CDG', 'SGN', 1, 'TB020'),
('VN41901', 'VN-A350', '2026-04-19 05:30:00', '2026-04-19 07:30:00', 'SGN', 'HAN', 1, 'TB001'),
('VN41902', 'VN-A350', '2026-04-19 08:00:00', '2026-04-19 10:00:00', 'HAN', 'SGN', 1, 'TB002'),
('VN41903', 'VN-A350', '2026-04-19 10:30:00', '2026-04-19 12:05:00', 'SGN', 'DAD', 1, 'TB003'),
('VN41904', 'VN-A350', '2026-04-19 12:35:00', '2026-04-19 14:10:00', 'DAD', 'SGN', 1, 'TB004'),
('VN41905', 'VN-A350', '2026-04-19 14:40:00', '2026-04-19 15:45:00', 'SGN', 'CXR', 1, 'TB005'),
('VN41906', 'VN-A350', '2026-04-19 16:15:00', '2026-04-19 17:20:00', 'CXR', 'SGN', 1, 'TB006'),
('VN41907', 'VN-A350', '2026-04-19 17:50:00', '2026-04-19 18:50:00', 'SGN', 'PQC', 1, 'TB007'),
('VN41908', 'VN-A350', '2026-04-19 19:20:00', '2026-04-19 20:20:00', 'PQC', 'SGN', 1, 'TB008'),
('VN41909', 'VN-A350', '2026-04-19 20:50:00', '2026-04-19 22:15:00', 'HAN', 'DAD', 1, 'TB009'),
('VN41910', 'VN-A350', '2026-04-19 22:45:00', '2026-04-20 00:10:00', 'DAD', 'HAN', 1, 'TB010'),
('VN41911', 'VN-A350', '2026-04-19 06:00:00', '2026-04-19 07:30:00', 'SGN', 'BKK', 1, 'TB011'),
('VN41912', 'VN-A350', '2026-04-19 08:00:00', '2026-04-19 09:30:00', 'BKK', 'SGN', 1, 'TB012'),
('VN41913', 'VN-A350', '2026-04-19 10:00:00', '2026-04-19 12:00:00', 'SGN', 'SIN', 1, 'TB013'),
('VN41914', 'VN-A350', '2026-04-19 12:30:00', '2026-04-19 14:30:00', 'SIN', 'SGN', 1, 'TB014'),
('VN41916', 'VN-A350', '2026-04-19 20:30:00', '2026-04-20 01:30:00', 'ICN', 'SGN', 1, 'TB016'),
('VN41918', 'VN-A350', '2026-04-19 02:30:00', '2026-04-19 08:00:00', 'NRT', 'SGN', 1, 'TB018'),
('VN41919', 'VN-A350', '2026-04-19 08:30:00', '2026-04-19 20:30:00', 'SGN', 'CDG', 1, 'TB019'),
('VN41920', 'VN-A350', '2026-04-19 21:00:00', '2026-04-20 09:00:00', 'CDG', 'SGN', 1, 'TB020'),
('VN42001', 'VN-A350', '2026-04-20 05:30:00', '2026-04-20 07:30:00', 'SGN', 'HAN', 1, 'TB001'),
('VN42002', 'VN-A350', '2026-04-20 08:00:00', '2026-04-20 10:00:00', 'HAN', 'SGN', 1, 'TB002'),
('VN42003', 'VN-A350', '2026-04-20 10:30:00', '2026-04-20 12:05:00', 'SGN', 'DAD', 1, 'TB003'),
('VN42004', 'VN-A350', '2026-04-20 12:35:00', '2026-04-20 14:10:00', 'DAD', 'SGN', 1, 'TB004'),
('VN42005', 'VN-A350', '2026-04-20 14:40:00', '2026-04-20 15:45:00', 'SGN', 'CXR', 1, 'TB005'),
('VN42006', 'VN-A350', '2026-04-20 16:15:00', '2026-04-20 17:20:00', 'CXR', 'SGN', 1, 'TB006'),
('VN42007', 'VN-A350', '2026-04-20 17:50:00', '2026-04-20 18:50:00', 'SGN', 'PQC', 1, 'TB007'),
('VN42008', 'VN-A350', '2026-04-20 19:20:00', '2026-04-20 20:20:00', 'PQC', 'SGN', 1, 'TB008'),
('VN42009', 'VN-A350', '2026-04-20 20:50:00', '2026-04-20 22:15:00', 'HAN', 'DAD', 1, 'TB009'),
('VN42010', 'VN-A350', '2026-04-20 22:45:00', '2026-04-21 00:10:00', 'DAD', 'HAN', 1, 'TB010'),
('VN42011', 'VN-A350', '2026-04-20 06:00:00', '2026-04-20 07:30:00', 'SGN', 'BKK', 1, 'TB011'),
('VN42012', 'VN-A350', '2026-04-20 08:00:00', '2026-04-20 09:30:00', 'BKK', 'SGN', 1, 'TB012'),
('VN42013', 'VN-A350', '2026-04-20 10:00:00', '2026-04-20 12:00:00', 'SGN', 'SIN', 1, 'TB013'),
('VN42014', 'VN-A350', '2026-04-20 12:30:00', '2026-04-20 14:30:00', 'SIN', 'SGN', 1, 'TB014'),
('VN42015', 'VN-A350', '2026-04-20 15:00:00', '2026-04-20 20:00:00', 'SGN', 'ICN', 1, 'TB015'),
('VN42016', 'VN-A350', '2026-04-20 20:30:00', '2026-04-21 01:30:00', 'ICN', 'SGN', 1, 'TB016'),
('VN42017', 'VN-A350', '2026-04-20 20:30:00', '2026-04-21 02:00:00', 'SGN', 'NRT', 1, 'TB017'),
('VN42019', 'VN-A350', '2026-04-20 08:30:00', '2026-04-20 20:30:00', 'SGN', 'CDG', 1, 'TB019'),
('VN42020', 'VN-A350', '2026-04-20 21:00:00', '2026-04-21 09:00:00', 'CDG', 'SGN', 1, 'TB020'),
('VN42101', 'VN-A350', '2026-04-21 05:30:00', '2026-04-21 07:30:00', 'SGN', 'HAN', 1, 'TB001'),
('VN42102', 'VN-A350', '2026-04-21 08:00:00', '2026-04-21 10:00:00', 'HAN', 'SGN', 1, 'TB002'),
('VN42103', 'VN-A350', '2026-04-21 10:30:00', '2026-04-21 12:05:00', 'SGN', 'DAD', 1, 'TB003'),
('VN42104', 'VN-A350', '2026-04-21 12:35:00', '2026-04-21 14:10:00', 'DAD', 'SGN', 1, 'TB004'),
('VN42105', 'VN-A350', '2026-04-21 14:40:00', '2026-04-21 15:45:00', 'SGN', 'CXR', 1, 'TB005'),
('VN42106', 'VN-A350', '2026-04-21 16:15:00', '2026-04-21 17:20:00', 'CXR', 'SGN', 1, 'TB006'),
('VN42107', 'VN-A350', '2026-04-21 17:50:00', '2026-04-21 18:50:00', 'SGN', 'PQC', 1, 'TB007'),
('VN42108', 'VN-A350', '2026-04-21 19:20:00', '2026-04-21 20:20:00', 'PQC', 'SGN', 1, 'TB008'),
('VN42109', 'VN-A350', '2026-04-21 20:50:00', '2026-04-21 22:15:00', 'HAN', 'DAD', 1, 'TB009'),
('VN42110', 'VN-A350', '2026-04-21 22:45:00', '2026-04-22 00:10:00', 'DAD', 'HAN', 1, 'TB010'),
('VN42111', 'VN-A350', '2026-04-21 06:00:00', '2026-04-21 07:30:00', 'SGN', 'BKK', 1, 'TB011'),
('VN42112', 'VN-A350', '2026-04-21 08:00:00', '2026-04-21 09:30:00', 'BKK', 'SGN', 1, 'TB012'),
('VN42113', 'VN-A350', '2026-04-21 10:00:00', '2026-04-21 12:00:00', 'SGN', 'SIN', 1, 'TB013'),
('VN42114', 'VN-A350', '2026-04-21 12:30:00', '2026-04-21 14:30:00', 'SIN', 'SGN', 1, 'TB014'),
('VN42116', 'VN-A350', '2026-04-21 20:30:00', '2026-04-22 01:30:00', 'ICN', 'SGN', 1, 'TB016'),
('VN42118', 'VN-A350', '2026-04-21 02:30:00', '2026-04-21 08:00:00', 'NRT', 'SGN', 1, 'TB018'),
('VN42119', 'VN-A350', '2026-04-21 08:30:00', '2026-04-21 20:30:00', 'SGN', 'CDG', 1, 'TB019'),
('VN42120', 'VN-A350', '2026-04-21 21:00:00', '2026-04-22 09:00:00', 'CDG', 'SGN', 1, 'TB020'),
('VN42201', 'VN-A350', '2026-04-22 05:30:00', '2026-04-22 07:30:00', 'SGN', 'HAN', 1, 'TB001'),
('VN42202', 'VN-A350', '2026-04-22 08:00:00', '2026-04-22 10:00:00', 'HAN', 'SGN', 1, 'TB002'),
('VN42203', 'VN-A350', '2026-04-22 10:30:00', '2026-04-22 12:05:00', 'SGN', 'DAD', 1, 'TB003'),
('VN42204', 'VN-A350', '2026-04-22 12:35:00', '2026-04-22 14:10:00', 'DAD', 'SGN', 1, 'TB004'),
('VN42205', 'VN-A350', '2026-04-22 14:40:00', '2026-04-22 15:45:00', 'SGN', 'CXR', 1, 'TB005'),
('VN42206', 'VN-A350', '2026-04-22 16:15:00', '2026-04-22 17:20:00', 'CXR', 'SGN', 1, 'TB006'),
('VN42207', 'VN-A350', '2026-04-22 17:50:00', '2026-04-22 18:50:00', 'SGN', 'PQC', 1, 'TB007'),
('VN42208', 'VN-A350', '2026-04-22 19:20:00', '2026-04-22 20:20:00', 'PQC', 'SGN', 1, 'TB008'),
('VN42209', 'VN-A350', '2026-04-22 20:50:00', '2026-04-22 22:15:00', 'HAN', 'DAD', 1, 'TB009'),
('VN42210', 'VN-A350', '2026-04-22 22:45:00', '2026-04-23 00:10:00', 'DAD', 'HAN', 1, 'TB010'),
('VN42211', 'VN-A350', '2026-04-22 06:00:00', '2026-04-22 07:30:00', 'SGN', 'BKK', 1, 'TB011'),
('VN42212', 'VN-A350', '2026-04-22 08:00:00', '2026-04-22 09:30:00', 'BKK', 'SGN', 1, 'TB012'),
('VN42213', 'VN-A350', '2026-04-22 10:00:00', '2026-04-22 12:00:00', 'SGN', 'SIN', 1, 'TB013'),
('VN42214', 'VN-A350', '2026-04-22 12:30:00', '2026-04-22 14:30:00', 'SIN', 'SGN', 1, 'TB014'),
('VN42216', 'VN-A350', '2026-04-22 20:30:00', '2026-04-23 01:30:00', 'ICN', 'SGN', 1, 'TB016'),
('VN42217', 'VN-A350', '2026-04-22 20:30:00', '2026-04-23 02:00:00', 'SGN', 'NRT', 1, 'TB017'),
('VN42219', 'VN-A350', '2026-04-22 08:30:00', '2026-04-22 20:30:00', 'SGN', 'CDG', 1, 'TB019'),
('VN42220', 'VN-A350', '2026-04-22 21:00:00', '2026-04-23 09:00:00', 'CDG', 'SGN', 1, 'TB020'),
('VN42301', 'VN-A350', '2026-04-23 05:30:00', '2026-04-23 07:30:00', 'SGN', 'HAN', 1, 'TB001'),
('VN42302', 'VN-A350', '2026-04-23 08:00:00', '2026-04-23 10:00:00', 'HAN', 'SGN', 1, 'TB002'),
('VN42303', 'VN-A350', '2026-04-23 10:30:00', '2026-04-23 12:05:00', 'SGN', 'DAD', 1, 'TB003'),
('VN42304', 'VN-A350', '2026-04-23 12:35:00', '2026-04-23 14:10:00', 'DAD', 'SGN', 1, 'TB004'),
('VN42305', 'VN-A350', '2026-04-23 14:40:00', '2026-04-23 15:45:00', 'SGN', 'CXR', 1, 'TB005'),
('VN42306', 'VN-A350', '2026-04-23 16:15:00', '2026-04-23 17:20:00', 'CXR', 'SGN', 1, 'TB006'),
('VN42307', 'VN-A350', '2026-04-23 17:50:00', '2026-04-23 18:50:00', 'SGN', 'PQC', 1, 'TB007'),
('VN42308', 'VN-A350', '2026-04-23 19:20:00', '2026-04-23 20:20:00', 'PQC', 'SGN', 1, 'TB008'),
('VN42309', 'VN-A350', '2026-04-23 20:50:00', '2026-04-23 22:15:00', 'HAN', 'DAD', 1, 'TB009'),
('VN42310', 'VN-A350', '2026-04-23 22:45:00', '2026-04-24 00:10:00', 'DAD', 'HAN', 1, 'TB010'),
('VN42311', 'VN-A350', '2026-04-23 06:00:00', '2026-04-23 07:30:00', 'SGN', 'BKK', 1, 'TB011'),
('VN42312', 'VN-A350', '2026-04-23 08:00:00', '2026-04-23 09:30:00', 'BKK', 'SGN', 1, 'TB012'),
('VN42313', 'VN-A350', '2026-04-23 10:00:00', '2026-04-23 12:00:00', 'SGN', 'SIN', 1, 'TB013'),
('VN42314', 'VN-A350', '2026-04-23 12:30:00', '2026-04-23 14:30:00', 'SIN', 'SGN', 1, 'TB014'),
('VN42316', 'VN-A350', '2026-04-23 20:30:00', '2026-04-24 01:30:00', 'ICN', 'SGN', 1, 'TB016'),
('VN42318', 'VN-A350', '2026-04-23 02:30:00', '2026-04-23 08:00:00', 'NRT', 'SGN', 1, 'TB018'),
('VN42319', 'VN-A350', '2026-04-23 08:30:00', '2026-04-23 20:30:00', 'SGN', 'CDG', 1, 'TB019'),
('VN42320', 'VN-A350', '2026-04-23 21:00:00', '2026-04-24 09:00:00', 'CDG', 'SGN', 1, 'TB020'),
('VN42401', 'VN-A350', '2026-04-24 05:30:00', '2026-04-24 07:30:00', 'SGN', 'HAN', 1, 'TB001'),
('VN42402', 'VN-A350', '2026-04-24 08:00:00', '2026-04-24 10:00:00', 'HAN', 'SGN', 1, 'TB002'),
('VN42403', 'VN-A350', '2026-04-24 10:30:00', '2026-04-24 12:05:00', 'SGN', 'DAD', 1, 'TB003'),
('VN42404', 'VN-A350', '2026-04-24 12:35:00', '2026-04-24 14:10:00', 'DAD', 'SGN', 1, 'TB004'),
('VN42405', 'VN-A350', '2026-04-24 14:40:00', '2026-04-24 15:45:00', 'SGN', 'CXR', 1, 'TB005'),
('VN42406', 'VN-A350', '2026-04-24 16:15:00', '2026-04-24 17:20:00', 'CXR', 'SGN', 1, 'TB006'),
('VN42407', 'VN-A350', '2026-04-24 17:50:00', '2026-04-24 18:50:00', 'SGN', 'PQC', 1, 'TB007'),
('VN42408', 'VN-A350', '2026-04-24 19:20:00', '2026-04-24 20:20:00', 'PQC', 'SGN', 1, 'TB008'),
('VN42409', 'VN-A350', '2026-04-24 20:50:00', '2026-04-24 22:15:00', 'HAN', 'DAD', 1, 'TB009'),
('VN42410', 'VN-A350', '2026-04-24 22:45:00', '2026-04-25 00:10:00', 'DAD', 'HAN', 1, 'TB010'),
('VN42411', 'VN-A350', '2026-04-24 06:00:00', '2026-04-24 07:30:00', 'SGN', 'BKK', 1, 'TB011'),
('VN42412', 'VN-A350', '2026-04-24 08:00:00', '2026-04-24 09:30:00', 'BKK', 'SGN', 1, 'TB012'),
('VN42413', 'VN-A350', '2026-04-24 10:00:00', '2026-04-24 12:00:00', 'SGN', 'SIN', 1, 'TB013'),
('VN42414', 'VN-A350', '2026-04-24 12:30:00', '2026-04-24 14:30:00', 'SIN', 'SGN', 1, 'TB014'),
('VN42416', 'VN-A350', '2026-04-24 20:30:00', '2026-04-25 01:30:00', 'ICN', 'SGN', 1, 'TB016'),
('VN42417', 'VN-A350', '2026-04-24 20:30:00', '2026-04-25 02:00:00', 'SGN', 'NRT', 1, 'TB017'),
('VN42419', 'VN-A350', '2026-04-24 08:30:00', '2026-04-24 20:30:00', 'SGN', 'CDG', 1, 'TB019'),
('VN42420', 'VN-A350', '2026-04-24 21:00:00', '2026-04-25 09:00:00', 'CDG', 'SGN', 1, 'TB020'),
('VN42501', 'VN-A350', '2026-04-25 05:30:00', '2026-04-25 07:30:00', 'SGN', 'HAN', 1, 'TB001'),
('VN42502', 'VN-A350', '2026-04-25 08:00:00', '2026-04-25 10:00:00', 'HAN', 'SGN', 1, 'TB002'),
('VN42503', 'VN-A350', '2026-04-25 10:30:00', '2026-04-25 12:05:00', 'SGN', 'DAD', 1, 'TB003'),
('VN42504', 'VN-A350', '2026-04-25 12:35:00', '2026-04-25 14:10:00', 'DAD', 'SGN', 1, 'TB004'),
('VN42505', 'VN-A350', '2026-04-25 14:40:00', '2026-04-25 15:45:00', 'SGN', 'CXR', 1, 'TB005'),
('VN42506', 'VN-A350', '2026-04-25 16:15:00', '2026-04-25 17:20:00', 'CXR', 'SGN', 1, 'TB006'),
('VN42507', 'VN-A350', '2026-04-25 17:50:00', '2026-04-25 18:50:00', 'SGN', 'PQC', 1, 'TB007'),
('VN42508', 'VN-A350', '2026-04-25 19:20:00', '2026-04-25 20:20:00', 'PQC', 'SGN', 1, 'TB008'),
('VN42509', 'VN-A350', '2026-04-25 20:50:00', '2026-04-25 22:15:00', 'HAN', 'DAD', 1, 'TB009'),
('VN42510', 'VN-A350', '2026-04-25 22:45:00', '2026-04-26 00:10:00', 'DAD', 'HAN', 1, 'TB010'),
('VN42511', 'VN-A350', '2026-04-25 06:00:00', '2026-04-25 07:30:00', 'SGN', 'BKK', 1, 'TB011'),
('VN42512', 'VN-A350', '2026-04-25 08:00:00', '2026-04-25 09:30:00', 'BKK', 'SGN', 1, 'TB012'),
('VN42513', 'VN-A350', '2026-04-25 10:00:00', '2026-04-25 12:00:00', 'SGN', 'SIN', 1, 'TB013'),
('VN42514', 'VN-A350', '2026-04-25 12:30:00', '2026-04-25 14:30:00', 'SIN', 'SGN', 1, 'TB014'),
('VN42516', 'VN-A350', '2026-04-25 20:30:00', '2026-04-26 01:30:00', 'ICN', 'SGN', 1, 'TB016'),
('VN42518', 'VN-A350', '2026-04-25 02:30:00', '2026-04-25 08:00:00', 'NRT', 'SGN', 1, 'TB018'),
('VN42519', 'VN-A350', '2026-04-25 08:30:00', '2026-04-25 20:30:00', 'SGN', 'CDG', 1, 'TB019'),
('VN42520', 'VN-A350', '2026-04-25 21:00:00', '2026-04-26 09:00:00', 'CDG', 'SGN', 1, 'TB020'),
('VN42801', 'VN-A350', '2026-04-28 05:30:00', '2026-04-28 07:30:00', 'SGN', 'HAN', 1, 'TB001'),
('VN42802', 'VN-A350', '2026-04-28 08:00:00', '2026-04-28 10:00:00', 'HAN', 'SGN', 1, 'TB002'),
('VN42803', 'VN-A350', '2026-04-28 10:30:00', '2026-04-28 12:05:00', 'SGN', 'DAD', 1, 'TB003'),
('VN42804', 'VN-A350', '2026-04-28 12:35:00', '2026-04-28 14:10:00', 'DAD', 'SGN', 1, 'TB004'),
('VN42805', 'VN-A350', '2026-04-28 14:40:00', '2026-04-28 15:45:00', 'SGN', 'CXR', 1, 'TB005'),
('VN42806', 'VN-A350', '2026-04-28 16:15:00', '2026-04-28 17:20:00', 'CXR', 'SGN', 1, 'TB006'),
('VN42807', 'VN-A350', '2026-04-28 17:50:00', '2026-04-28 18:50:00', 'SGN', 'PQC', 1, 'TB007'),
('VN42808', 'VN-A350', '2026-04-28 19:20:00', '2026-04-28 20:20:00', 'PQC', 'SGN', 1, 'TB008'),
('VN42809', 'VN-A350', '2026-04-28 20:50:00', '2026-04-28 22:15:00', 'HAN', 'DAD', 1, 'TB009'),
('VN42810', 'VN-A350', '2026-04-28 22:45:00', '2026-04-29 00:10:00', 'DAD', 'HAN', 1, 'TB010'),
('VN42811', 'VN-A350', '2026-04-28 06:00:00', '2026-04-28 07:30:00', 'SGN', 'BKK', 1, 'TB011'),
('VN42812', 'VN-A350', '2026-04-28 08:00:00', '2026-04-28 09:30:00', 'BKK', 'SGN', 1, 'TB012'),
('VN42813', 'VN-A350', '2026-04-28 10:00:00', '2026-04-28 12:00:00', 'SGN', 'SIN', 1, 'TB013'),
('VN42814', 'VN-A350', '2026-04-28 12:30:00', '2026-04-28 14:30:00', 'SIN', 'SGN', 1, 'TB014'),
('VN42815', 'VN-A350', '2026-04-28 15:00:00', '2026-04-28 20:00:00', 'SGN', 'ICN', 1, 'TB015'),
('VN42816', 'VN-A350', '2026-04-28 20:30:00', '2026-04-29 01:30:00', 'ICN', 'SGN', 1, 'TB016'),
('VN42817', 'VN-A350', '2026-04-28 20:30:00', '2026-04-29 02:00:00', 'SGN', 'NRT', 1, 'TB017'),
('VN42818', 'VN-A350', '2026-04-28 02:30:00', '2026-04-28 08:00:00', 'NRT', 'SGN', 1, 'TB018'),
('VN42819', 'VN-A350', '2026-04-28 08:30:00', '2026-04-28 20:30:00', 'SGN', 'CDG', 1, 'TB019'),
('VN42820', 'VN-A350', '2026-04-28 21:00:00', '2026-04-29 09:00:00', 'CDG', 'SGN', 1, 'TB020'),
('VN42901', 'VN-A350', '2026-04-29 06:05:00', '2026-04-29 08:05:00', 'SGN', 'HAN', 1, 'TB001'),
('VN42903', 'VN-A350', '2026-04-29 09:55:00', '2026-04-29 11:30:00', 'SGN', 'DAD', 1, 'TB003'),
('VN42905', 'VN-A350', '2026-04-29 13:25:00', '2026-04-29 14:35:00', 'SGN', 'CXR', 1, 'TB005'),
('VN42907', 'VN-A350', '2026-04-29 16:25:00', '2026-04-29 17:25:00', 'SGN', 'PQC', 1, 'TB007'),
('VN42909', 'VN-A350', '2026-04-29 19:25:00', '2026-04-29 20:45:00', 'HAN', 'DAD', 1, 'TB009'),
('VN42911', 'VN-A350', '2026-04-29 08:35:00', '2026-04-29 10:05:00', 'SGN', 'BKK', 1, 'TB011'),
('VN42913', 'VN-A350', '2026-04-29 12:05:00', '2026-04-29 14:05:00', 'SGN', 'SIN', 1, 'TB013'),
('VN42915', 'VN-A350', '2026-04-29 17:55:00', '2026-04-29 22:55:00', 'SGN', 'ICN', 1, 'TB015'),
('VN42917', 'VN-A350', '2026-04-29 22:50:00', '2026-04-30 04:50:00', 'SGN', 'NRT', 1, 'TB017'),
('VN42919', 'VN-A350', '2026-04-29 23:20:00', '2026-04-30 11:20:00', 'SGN', 'CDG', 1, 'TB019'),
('VN43001', 'VN-A350', '2026-04-30 05:30:00', '2026-04-30 07:30:00', 'SGN', 'HAN', 1, 'TB001'),
('VN43002', 'VN-A350', '2026-04-30 08:00:00', '2026-04-30 10:00:00', 'HAN', 'SGN', 1, 'TB002'),
('VN43003', 'VN-A350', '2026-04-30 10:30:00', '2026-04-30 12:05:00', 'SGN', 'DAD', 1, 'TB003'),
('VN43004', 'VN-A350', '2026-04-30 12:35:00', '2026-04-30 14:10:00', 'DAD', 'SGN', 1, 'TB004'),
('VN43005', 'VN-A350', '2026-04-30 14:40:00', '2026-04-30 15:45:00', 'SGN', 'CXR', 1, 'TB005'),
('VN43006', 'VN-A350', '2026-04-30 16:15:00', '2026-04-30 17:20:00', 'CXR', 'SGN', 1, 'TB006'),
('VN43007', 'VN-A350', '2026-04-30 17:50:00', '2026-04-30 18:50:00', 'SGN', 'PQC', 1, 'TB007'),
('VN43008', 'VN-A350', '2026-04-30 19:20:00', '2026-04-30 20:20:00', 'PQC', 'SGN', 1, 'TB008'),
('VN43009', 'VN-A350', '2026-04-30 20:50:00', '2026-04-30 22:15:00', 'HAN', 'DAD', 1, 'TB009'),
('VN43010', 'VN-A350', '2026-04-30 22:45:00', '2026-05-01 00:10:00', 'DAD', 'HAN', 1, 'TB010'),
('VN456', 'VN-A350', '2026-03-25 12:00:00', '2026-03-25 13:20:00', 'SGN', 'DAD', 4, 'TB003'),
('VN457', 'VN-A350', '2026-03-25 15:00:00', '2026-03-25 16:20:00', 'DAD', 'SGN', 4, 'TB004'),
('VN459', 'VN-A350', '2026-03-25 06:00:00', '2026-03-25 07:20:00', 'SGN', 'DAD', 4, 'TB003'),
('VN460', 'VN-A350', '2026-03-25 18:00:00', '2026-03-25 19:20:00', 'SGN', 'DAD', 4, 'TB003'),
('VN461', 'VN-A350', '2026-03-25 09:00:00', '2026-03-25 10:20:00', 'DAD', 'SGN', 4, 'TB004'),
('VN462', 'VN-A350', '2026-03-25 21:00:00', '2026-03-25 22:20:00', 'DAD', 'SGN', 4, 'TB004'),
('VN50201', 'VN-A350', '2026-05-02 05:30:00', '2026-05-02 07:30:00', 'SGN', 'HAN', 1, 'TB001'),
('VN50202', 'VN-A350', '2026-05-02 08:00:00', '2026-05-02 10:00:00', 'HAN', 'SGN', 1, 'TB002'),
('VN50203', 'VN-A350', '2026-05-02 10:30:00', '2026-05-02 12:05:00', 'SGN', 'DAD', 1, 'TB003'),
('VN50204', 'VN-A350', '2026-05-02 12:35:00', '2026-05-02 14:10:00', 'DAD', 'SGN', 1, 'TB004'),
('VN50205', 'VN-A350', '2026-05-02 14:40:00', '2026-05-02 15:45:00', 'SGN', 'CXR', 1, 'TB005'),
('VN50206', 'VN-A350', '2026-05-02 16:15:00', '2026-05-02 17:20:00', 'CXR', 'SGN', 1, 'TB006'),
('VN50207', 'VN-A350', '2026-05-02 17:50:00', '2026-05-02 18:50:00', 'SGN', 'PQC', 1, 'TB007'),
('VN50208', 'VN-A350', '2026-05-02 19:20:00', '2026-05-02 20:20:00', 'PQC', 'SGN', 1, 'TB008'),
('VN50209', 'VN-A350', '2026-05-02 20:50:00', '2026-05-02 22:15:00', 'HAN', 'DAD', 1, 'TB009'),
('VN50210', 'VN-A350', '2026-05-02 22:45:00', '2026-05-03 00:10:00', 'DAD', 'HAN', 1, 'TB010'),
('VN50211', 'VN-A350', '2026-05-02 06:00:00', '2026-05-02 07:30:00', 'SGN', 'BKK', 1, 'TB011'),
('VN50212', 'VN-A350', '2026-05-02 08:00:00', '2026-05-02 09:30:00', 'BKK', 'SGN', 1, 'TB012'),
('VN50213', 'VN-A350', '2026-05-02 10:00:00', '2026-05-02 12:00:00', 'SGN', 'SIN', 1, 'TB013'),
('VN50214', 'VN-A350', '2026-05-02 12:30:00', '2026-05-02 14:30:00', 'SIN', 'SGN', 1, 'TB014'),
('VN50215', 'VN-A350', '2026-05-02 15:00:00', '2026-05-02 20:00:00', 'SGN', 'ICN', 1, 'TB015'),
('VN50216', 'VN-A350', '2026-05-02 20:30:00', '2026-05-03 01:30:00', 'ICN', 'SGN', 1, 'TB016'),
('VN50217', 'VN-A350', '2026-05-02 20:30:00', '2026-05-03 02:00:00', 'SGN', 'NRT', 1, 'TB017'),
('VN50218', 'VN-A350', '2026-05-02 02:30:00', '2026-05-02 08:00:00', 'NRT', 'SGN', 1, 'TB018'),
('VN50219', 'VN-A350', '2026-05-02 08:30:00', '2026-05-02 20:30:00', 'SGN', 'CDG', 1, 'TB019'),
('VN50220', 'VN-A350', '2026-05-02 21:00:00', '2026-05-03 09:00:00', 'CDG', 'SGN', 1, 'TB020'),
('VN50301', 'VN-A350', '2026-05-03 05:30:00', '2026-05-03 07:30:00', 'SGN', 'HAN', 1, 'TB001'),
('VN50302', 'VN-A350', '2026-05-03 08:00:00', '2026-05-03 10:00:00', 'HAN', 'SGN', 1, 'TB002'),
('VN50303', 'VN-A350', '2026-05-03 10:30:00', '2026-05-03 12:05:00', 'SGN', 'DAD', 1, 'TB003'),
('VN50304', 'VN-A350', '2026-05-03 12:35:00', '2026-05-03 14:10:00', 'DAD', 'SGN', 1, 'TB004'),
('VN50305', 'VN-A350', '2026-05-03 14:40:00', '2026-05-03 15:45:00', 'SGN', 'CXR', 1, 'TB005'),
('VN50306', 'VN-A350', '2026-05-03 16:15:00', '2026-05-03 17:20:00', 'CXR', 'SGN', 1, 'TB006'),
('VN50307', 'VN-A350', '2026-05-03 17:50:00', '2026-05-03 18:50:00', 'SGN', 'PQC', 1, 'TB007'),
('VN50308', 'VN-A350', '2026-05-03 19:20:00', '2026-05-03 20:20:00', 'PQC', 'SGN', 1, 'TB008'),
('VN50309', 'VN-A350', '2026-05-03 20:50:00', '2026-05-03 22:15:00', 'HAN', 'DAD', 1, 'TB009'),
('VN50310', 'VN-A350', '2026-05-03 22:45:00', '2026-05-04 00:10:00', 'DAD', 'HAN', 1, 'TB010'),
('VN50311', 'VN-A350', '2026-05-03 06:00:00', '2026-05-03 07:30:00', 'SGN', 'BKK', 1, 'TB011'),
('VN50312', 'VN-A350', '2026-05-03 08:00:00', '2026-05-03 09:30:00', 'BKK', 'SGN', 1, 'TB012'),
('VN50313', 'VN-A350', '2026-05-03 10:00:00', '2026-05-03 12:00:00', 'SGN', 'SIN', 1, 'TB013'),
('VN50314', 'VN-A350', '2026-05-03 12:30:00', '2026-05-03 14:30:00', 'SIN', 'SGN', 1, 'TB014'),
('VN50315', 'VN-A350', '2026-05-03 15:00:00', '2026-05-03 20:00:00', 'SGN', 'ICN', 1, 'TB015'),
('VN50316', 'VN-A350', '2026-05-03 20:30:00', '2026-05-04 01:30:00', 'ICN', 'SGN', 1, 'TB016'),
('VN50317', 'VN-A350', '2026-05-03 20:30:00', '2026-05-04 02:00:00', 'SGN', 'NRT', 1, 'TB017'),
('VN50318', 'VN-A350', '2026-05-03 02:30:00', '2026-05-03 08:00:00', 'NRT', 'SGN', 1, 'TB018'),
('VN50319', 'VN-A350', '2026-05-03 08:30:00', '2026-05-03 20:30:00', 'SGN', 'CDG', 1, 'TB019'),
('VN50320', 'VN-A350', '2026-05-03 21:00:00', '2026-05-04 09:00:00', 'CDG', 'SGN', 1, 'TB020'),
('VN50401', 'VN-A350', '2026-05-04 05:30:00', '2026-05-04 07:30:00', 'SGN', 'HAN', 1, 'TB001'),
('VN50402', 'VN-A350', '2026-05-04 08:00:00', '2026-05-04 10:00:00', 'HAN', 'SGN', 1, 'TB002'),
('VN50403', 'VN-A350', '2026-05-04 10:30:00', '2026-05-04 12:05:00', 'SGN', 'DAD', 1, 'TB003'),
('VN50404', 'VN-A350', '2026-05-04 12:35:00', '2026-05-04 14:10:00', 'DAD', 'SGN', 1, 'TB004'),
('VN50405', 'VN-A350', '2026-05-04 14:40:00', '2026-05-04 15:45:00', 'SGN', 'CXR', 1, 'TB005'),
('VN50406', 'VN-A350', '2026-05-04 16:15:00', '2026-05-04 17:20:00', 'CXR', 'SGN', 1, 'TB006'),
('VN50407', 'VN-A350', '2026-05-04 17:50:00', '2026-05-04 18:50:00', 'SGN', 'PQC', 1, 'TB007'),
('VN50408', 'VN-A350', '2026-05-04 19:20:00', '2026-05-04 20:20:00', 'PQC', 'SGN', 1, 'TB008'),
('VN50409', 'VN-A350', '2026-05-04 20:50:00', '2026-05-04 22:15:00', 'HAN', 'DAD', 1, 'TB009'),
('VN50410', 'VN-A350', '2026-05-04 22:45:00', '2026-05-05 00:10:00', 'DAD', 'HAN', 1, 'TB010'),
('VN50411', 'VN-A350', '2026-05-04 06:00:00', '2026-05-04 07:30:00', 'SGN', 'BKK', 1, 'TB011'),
('VN50412', 'VN-A350', '2026-05-04 08:00:00', '2026-05-04 09:30:00', 'BKK', 'SGN', 1, 'TB012'),
('VN50413', 'VN-A350', '2026-05-04 10:00:00', '2026-05-04 12:00:00', 'SGN', 'SIN', 1, 'TB013'),
('VN50414', 'VN-A350', '2026-05-04 12:30:00', '2026-05-04 14:30:00', 'SIN', 'SGN', 1, 'TB014'),
('VN50415', 'VN-A350', '2026-05-04 15:00:00', '2026-05-04 20:00:00', 'SGN', 'ICN', 1, 'TB015'),
('VN50416', 'VN-A350', '2026-05-04 20:30:00', '2026-05-05 01:30:00', 'ICN', 'SGN', 1, 'TB016'),
('VN50417', 'VN-A350', '2026-05-04 20:30:00', '2026-05-05 02:00:00', 'SGN', 'NRT', 1, 'TB017'),
('VN50418', 'VN-A350', '2026-05-04 02:30:00', '2026-05-04 08:00:00', 'NRT', 'SGN', 1, 'TB018'),
('VN50419', 'VN-A350', '2026-05-04 08:30:00', '2026-05-04 20:30:00', 'SGN', 'CDG', 1, 'TB019'),
('VN50420', 'VN-A350', '2026-05-04 21:00:00', '2026-05-05 09:00:00', 'CDG', 'SGN', 1, 'TB020'),
('VN50501', 'VN-A350', '2026-05-05 05:30:00', '2026-05-05 07:30:00', 'SGN', 'HAN', 1, 'TB001'),
('VN50502', 'VN-A350', '2026-05-05 08:00:00', '2026-05-05 10:00:00', 'HAN', 'SGN', 1, 'TB002'),
('VN50503', 'VN-A350', '2026-05-05 10:30:00', '2026-05-05 12:05:00', 'SGN', 'DAD', 1, 'TB003'),
('VN50504', 'VN-A350', '2026-05-05 12:35:00', '2026-05-05 14:10:00', 'DAD', 'SGN', 1, 'TB004'),
('VN50505', 'VN-A350', '2026-05-05 14:40:00', '2026-05-05 15:45:00', 'SGN', 'CXR', 1, 'TB005'),
('VN50506', 'VN-A350', '2026-05-05 16:15:00', '2026-05-05 17:20:00', 'CXR', 'SGN', 1, 'TB006'),
('VN50507', 'VN-A350', '2026-05-05 17:50:00', '2026-05-05 18:50:00', 'SGN', 'PQC', 1, 'TB007'),
('VN50508', 'VN-A350', '2026-05-05 19:20:00', '2026-05-05 20:20:00', 'PQC', 'SGN', 1, 'TB008'),
('VN50509', 'VN-A350', '2026-05-05 20:50:00', '2026-05-05 22:15:00', 'HAN', 'DAD', 1, 'TB009'),
('VN50510', 'VN-A350', '2026-05-05 22:45:00', '2026-05-06 00:10:00', 'DAD', 'HAN', 1, 'TB010'),
('VN50511', 'VN-A350', '2026-05-05 06:00:00', '2026-05-05 07:30:00', 'SGN', 'BKK', 1, 'TB011'),
('VN50512', 'VN-A350', '2026-05-05 08:00:00', '2026-05-05 09:30:00', 'BKK', 'SGN', 1, 'TB012'),
('VN50513', 'VN-A350', '2026-05-05 10:00:00', '2026-05-05 12:00:00', 'SGN', 'SIN', 1, 'TB013'),
('VN50514', 'VN-A350', '2026-05-05 12:30:00', '2026-05-05 14:30:00', 'SIN', 'SGN', 1, 'TB014'),
('VN50515', 'VN-A350', '2026-05-05 15:00:00', '2026-05-05 20:00:00', 'SGN', 'ICN', 1, 'TB015'),
('VN50516', 'VN-A350', '2026-05-05 20:30:00', '2026-05-06 01:30:00', 'ICN', 'SGN', 1, 'TB016'),
('VN50517', 'VN-A350', '2026-05-05 20:30:00', '2026-05-06 02:00:00', 'SGN', 'NRT', 1, 'TB017'),
('VN50518', 'VN-A350', '2026-05-05 02:30:00', '2026-05-05 08:00:00', 'NRT', 'SGN', 1, 'TB018'),
('VN50519', 'VN-A350', '2026-05-05 08:30:00', '2026-05-05 20:30:00', 'SGN', 'CDG', 1, 'TB019'),
('VN50520', 'VN-A350', '2026-05-05 21:00:00', '2026-05-06 09:00:00', 'CDG', 'SGN', 1, 'TB020'),
('VU040101', 'VN-A321', '2026-04-01 08:00:00', '2026-04-01 10:00:00', 'SGN', 'SIN', 4, 'TB013'),
('VU040102', 'VN-A321', '2026-04-01 11:30:00', '2026-04-01 13:30:00', 'SIN', 'SGN', 4, 'TB014'),
('VU040103', 'VN-A321', '2026-04-01 15:30:00', '2026-04-01 17:30:00', 'SGN', 'HAN', 4, 'TB001'),
('VU040104', 'VN-A321', '2026-04-01 19:00:00', '2026-04-01 21:00:00', 'HAN', 'SGN', 4, 'TB002'),
('VU040201', 'VN-A321', '2026-04-02 08:00:00', '2026-04-02 10:00:00', 'SGN', 'SIN', 4, 'TB013'),
('VU040202', 'VN-A321', '2026-04-02 11:30:00', '2026-04-02 13:30:00', 'SIN', 'SGN', 4, 'TB014'),
('VU040205', 'VN-A321', '2026-04-02 15:30:00', '2026-04-02 16:30:00', 'SGN', 'PQC', 4, 'TB007'),
('VU040206', 'VN-A321', '2026-04-02 17:45:00', '2026-04-02 18:45:00', 'PQC', 'SGN', 4, 'TB008'),
('VU040301', 'VN-A321', '2026-04-03 08:00:00', '2026-04-03 10:00:00', 'SGN', 'SIN', 4, 'TB013'),
('VU040302', 'VN-A321', '2026-04-03 11:30:00', '2026-04-03 13:30:00', 'SIN', 'SGN', 4, 'TB014'),
('VU040303', 'VN-A321', '2026-04-03 15:30:00', '2026-04-03 17:30:00', 'SGN', 'HAN', 4, 'TB001'),
('VU040304', 'VN-A321', '2026-04-03 19:00:00', '2026-04-03 21:00:00', 'HAN', 'SGN', 4, 'TB002'),
('VU040401', 'VN-A321', '2026-04-04 08:00:00', '2026-04-04 10:00:00', 'SGN', 'SIN', 4, 'TB013'),
('VU040402', 'VN-A321', '2026-04-04 11:30:00', '2026-04-04 13:30:00', 'SIN', 'SGN', 4, 'TB014'),
('VU040405', 'VN-A321', '2026-04-04 15:30:00', '2026-04-04 16:30:00', 'SGN', 'PQC', 4, 'TB007'),
('VU040406', 'VN-A321', '2026-04-04 17:45:00', '2026-04-04 18:45:00', 'PQC', 'SGN', 4, 'TB008'),
('VU040501', 'VN-A321', '2026-04-05 08:00:00', '2026-04-05 10:00:00', 'SGN', 'SIN', 4, 'TB013'),
('VU040502', 'VN-A321', '2026-04-05 11:30:00', '2026-04-05 13:30:00', 'SIN', 'SGN', 4, 'TB014'),
('VU040503', 'VN-A321', '2026-04-05 15:30:00', '2026-04-05 17:30:00', 'SGN', 'HAN', 4, 'TB001'),
('VU040504', 'VN-A321', '2026-04-05 19:00:00', '2026-04-05 21:00:00', 'HAN', 'SGN', 4, 'TB002'),
('VU040601', 'VN-A321', '2026-04-06 08:00:00', '2026-04-06 10:00:00', 'SGN', 'SIN', 4, 'TB013'),
('VU040602', 'VN-A321', '2026-04-06 11:30:00', '2026-04-06 13:30:00', 'SIN', 'SGN', 4, 'TB014'),
('VU040605', 'VN-A321', '2026-04-06 15:30:00', '2026-04-06 16:30:00', 'SGN', 'PQC', 4, 'TB007'),
('VU040606', 'VN-A321', '2026-04-06 17:45:00', '2026-04-06 18:45:00', 'PQC', 'SGN', 4, 'TB008'),
('VU040701', 'VN-A321', '2026-04-07 08:00:00', '2026-04-07 10:00:00', 'SGN', 'SIN', 4, 'TB013'),
('VU040702', 'VN-A321', '2026-04-07 11:30:00', '2026-04-07 13:30:00', 'SIN', 'SGN', 4, 'TB014'),
('VU040703', 'VN-A321', '2026-04-07 15:30:00', '2026-04-07 17:30:00', 'SGN', 'HAN', 4, 'TB001'),
('VU040704', 'VN-A321', '2026-04-07 19:00:00', '2026-04-07 21:00:00', 'HAN', 'SGN', 4, 'TB002'),
('VU040801', 'VN-A321', '2026-04-08 08:00:00', '2026-04-08 10:00:00', 'SGN', 'SIN', 3, 'TB013'),
('VU040802', 'VN-A321', '2026-04-08 11:30:00', '2026-04-08 13:30:00', 'SIN', 'SGN', 1, 'TB014');
INSERT INTO `chuyenbay` (`MACHUYENBAY`, `MAMAYBAY`, `THOIGIANDI`, `THOIGIANDEN`, `MASANBAYDI`, `MASANBAYDEN`, `TRANGTHAI_CB`, `MATUYEN`) VALUES
('VU040805', 'VN-A321', '2026-04-08 15:30:00', '2026-04-08 16:30:00', 'SGN', 'PQC', 1, 'TB007'),
('VU040806', 'VN-A321', '2026-04-08 17:45:00', '2026-04-08 18:45:00', 'PQC', 'SGN', 1, 'TB008'),
('VU040901', 'VN-A321', '2026-04-09 08:00:00', '2026-04-09 10:00:00', 'SGN', 'SIN', 1, 'TB013'),
('VU040902', 'VN-A321', '2026-04-09 11:30:00', '2026-04-09 13:30:00', 'SIN', 'SGN', 1, 'TB014'),
('VU040903', 'VN-A321', '2026-04-09 15:30:00', '2026-04-09 17:30:00', 'SGN', 'HAN', 1, 'TB001'),
('VU040904', 'VN-A321', '2026-04-09 19:00:00', '2026-04-09 21:00:00', 'HAN', 'SGN', 1, 'TB002'),
('VU041001', 'VN-A321', '2026-04-10 08:00:00', '2026-04-10 10:00:00', 'SGN', 'SIN', 1, 'TB013'),
('VU041002', 'VN-A321', '2026-04-10 11:30:00', '2026-04-10 13:30:00', 'SIN', 'SGN', 1, 'TB014'),
('VU041005', 'VN-A321', '2026-04-10 15:30:00', '2026-04-10 16:30:00', 'SGN', 'PQC', 1, 'TB007'),
('VU041006', 'VN-A321', '2026-04-10 17:45:00', '2026-04-10 18:45:00', 'PQC', 'SGN', 1, 'TB008'),
('VU041101', 'VN-A321', '2026-04-11 08:00:00', '2026-04-11 10:00:00', 'SGN', 'SIN', 1, 'TB013'),
('VU041102', 'VN-A321', '2026-04-11 11:30:00', '2026-04-11 13:30:00', 'SIN', 'SGN', 1, 'TB014'),
('VU041103', 'VN-A321', '2026-04-11 15:30:00', '2026-04-11 17:30:00', 'SGN', 'HAN', 1, 'TB001'),
('VU041104', 'VN-A321', '2026-04-11 19:00:00', '2026-04-11 21:00:00', 'HAN', 'SGN', 1, 'TB002'),
('VU041201', 'VN-A321', '2026-04-12 08:00:00', '2026-04-12 10:00:00', 'SGN', 'SIN', 1, 'TB013'),
('VU041202', 'VN-A321', '2026-04-12 11:30:00', '2026-04-12 13:30:00', 'SIN', 'SGN', 1, 'TB014'),
('VU041205', 'VN-A321', '2026-04-12 15:30:00', '2026-04-12 16:30:00', 'SGN', 'PQC', 1, 'TB007'),
('VU041206', 'VN-A321', '2026-04-12 17:45:00', '2026-04-12 18:45:00', 'PQC', 'SGN', 1, 'TB008'),
('VU041301', 'VN-A321', '2026-04-13 08:00:00', '2026-04-13 10:00:00', 'SGN', 'SIN', 1, 'TB013'),
('VU041302', 'VN-A321', '2026-04-13 11:30:00', '2026-04-13 13:30:00', 'SIN', 'SGN', 1, 'TB014'),
('VU041303', 'VN-A321', '2026-04-13 15:30:00', '2026-04-13 17:30:00', 'SGN', 'HAN', 1, 'TB001'),
('VU041304', 'VN-A321', '2026-04-13 19:00:00', '2026-04-13 21:00:00', 'HAN', 'SGN', 1, 'TB002'),
('VU041401', 'VN-A321', '2026-04-14 08:00:00', '2026-04-14 10:00:00', 'SGN', 'SIN', 1, 'TB013'),
('VU041402', 'VN-A321', '2026-04-14 11:30:00', '2026-04-14 13:30:00', 'SIN', 'SGN', 1, 'TB014'),
('VU041405', 'VN-A321', '2026-04-14 15:30:00', '2026-04-14 16:30:00', 'SGN', 'PQC', 1, 'TB007'),
('VU041406', 'VN-A321', '2026-04-14 17:45:00', '2026-04-14 18:45:00', 'PQC', 'SGN', 1, 'TB008'),
('VU041501', 'VN-A321', '2026-04-15 08:00:00', '2026-04-15 10:00:00', 'SGN', 'SIN', 1, 'TB013'),
('VU041502', 'VN-A321', '2026-04-15 11:30:00', '2026-04-15 13:30:00', 'SIN', 'SGN', 1, 'TB014'),
('VU041503', 'VN-A321', '2026-04-15 15:30:00', '2026-04-15 17:30:00', 'SGN', 'HAN', 1, 'TB001'),
('VU041504', 'VN-A321', '2026-04-15 19:00:00', '2026-04-15 21:00:00', 'HAN', 'SGN', 1, 'TB002'),
('VU041601', 'VN-A321', '2026-04-16 08:00:00', '2026-04-16 10:00:00', 'SGN', 'SIN', 1, 'TB013'),
('VU041602', 'VN-A321', '2026-04-16 11:30:00', '2026-04-16 13:30:00', 'SIN', 'SGN', 1, 'TB014'),
('VU041605', 'VN-A321', '2026-04-16 15:30:00', '2026-04-16 16:30:00', 'SGN', 'PQC', 1, 'TB007'),
('VU041606', 'VN-A321', '2026-04-16 17:45:00', '2026-04-16 18:45:00', 'PQC', 'SGN', 1, 'TB008'),
('VU041701', 'VN-A321', '2026-04-17 08:00:00', '2026-04-17 10:00:00', 'SGN', 'SIN', 1, 'TB013'),
('VU041702', 'VN-A321', '2026-04-17 11:30:00', '2026-04-17 13:30:00', 'SIN', 'SGN', 1, 'TB014'),
('VU041703', 'VN-A321', '2026-04-17 15:30:00', '2026-04-17 17:30:00', 'SGN', 'HAN', 1, 'TB001'),
('VU041704', 'VN-A321', '2026-04-17 19:00:00', '2026-04-17 21:00:00', 'HAN', 'SGN', 1, 'TB002'),
('VU041801', 'VN-A321', '2026-04-18 08:00:00', '2026-04-18 10:00:00', 'SGN', 'SIN', 1, 'TB013'),
('VU041802', 'VN-A321', '2026-04-18 11:30:00', '2026-04-18 13:30:00', 'SIN', 'SGN', 1, 'TB014'),
('VU041805', 'VN-A321', '2026-04-18 15:30:00', '2026-04-18 16:30:00', 'SGN', 'PQC', 1, 'TB007'),
('VU041806', 'VN-A321', '2026-04-18 17:45:00', '2026-04-18 18:45:00', 'PQC', 'SGN', 1, 'TB008'),
('VU041901', 'VN-A321', '2026-04-19 08:00:00', '2026-04-19 10:00:00', 'SGN', 'SIN', 1, 'TB013'),
('VU041902', 'VN-A321', '2026-04-19 11:30:00', '2026-04-19 13:30:00', 'SIN', 'SGN', 1, 'TB014'),
('VU041903', 'VN-A321', '2026-04-19 15:30:00', '2026-04-19 17:30:00', 'SGN', 'HAN', 1, 'TB001'),
('VU041904', 'VN-A321', '2026-04-19 19:00:00', '2026-04-19 21:00:00', 'HAN', 'SGN', 1, 'TB002'),
('VU042001', 'VN-A321', '2026-04-20 08:00:00', '2026-04-20 10:00:00', 'SGN', 'SIN', 1, 'TB013'),
('VU042002', 'VN-A321', '2026-04-20 11:30:00', '2026-04-20 13:30:00', 'SIN', 'SGN', 1, 'TB014'),
('VU042005', 'VN-A321', '2026-04-20 15:30:00', '2026-04-20 16:30:00', 'SGN', 'PQC', 1, 'TB007'),
('VU042006', 'VN-A321', '2026-04-20 17:45:00', '2026-04-20 18:45:00', 'PQC', 'SGN', 1, 'TB008'),
('VU042101', 'VN-A321', '2026-04-21 08:00:00', '2026-04-21 10:00:00', 'SGN', 'SIN', 1, 'TB013'),
('VU042102', 'VN-A321', '2026-04-21 11:30:00', '2026-04-21 13:30:00', 'SIN', 'SGN', 1, 'TB014'),
('VU042103', 'VN-A321', '2026-04-21 15:30:00', '2026-04-21 17:30:00', 'SGN', 'HAN', 1, 'TB001'),
('VU042104', 'VN-A321', '2026-04-21 19:00:00', '2026-04-21 21:00:00', 'HAN', 'SGN', 1, 'TB002'),
('VU042201', 'VN-A321', '2026-04-22 08:00:00', '2026-04-22 10:00:00', 'SGN', 'SIN', 1, 'TB013'),
('VU042202', 'VN-A321', '2026-04-22 11:30:00', '2026-04-22 13:30:00', 'SIN', 'SGN', 1, 'TB014'),
('VU042205', 'VN-A321', '2026-04-22 15:30:00', '2026-04-22 16:30:00', 'SGN', 'PQC', 1, 'TB007'),
('VU042206', 'VN-A321', '2026-04-22 17:45:00', '2026-04-22 18:45:00', 'PQC', 'SGN', 1, 'TB008'),
('VU042301', 'VN-A321', '2026-04-23 08:00:00', '2026-04-23 10:00:00', 'SGN', 'SIN', 1, 'TB013'),
('VU042302', 'VN-A321', '2026-04-23 11:30:00', '2026-04-23 13:30:00', 'SIN', 'SGN', 1, 'TB014'),
('VU042303', 'VN-A321', '2026-04-23 15:30:00', '2026-04-23 17:30:00', 'SGN', 'HAN', 1, 'TB001'),
('VU042304', 'VN-A321', '2026-04-23 19:00:00', '2026-04-23 21:00:00', 'HAN', 'SGN', 1, 'TB002'),
('VU042401', 'VN-A321', '2026-04-24 08:00:00', '2026-04-24 10:00:00', 'SGN', 'SIN', 1, 'TB013'),
('VU042402', 'VN-A321', '2026-04-24 11:30:00', '2026-04-24 13:30:00', 'SIN', 'SGN', 1, 'TB014'),
('VU042405', 'VN-A321', '2026-04-24 15:30:00', '2026-04-24 16:30:00', 'SGN', 'PQC', 1, 'TB007'),
('VU042406', 'VN-A321', '2026-04-24 17:45:00', '2026-04-24 18:45:00', 'PQC', 'SGN', 1, 'TB008'),
('VU042501', 'VN-A321', '2026-04-25 08:00:00', '2026-04-25 10:00:00', 'SGN', 'SIN', 1, 'TB013'),
('VU042502', 'VN-A321', '2026-04-25 11:30:00', '2026-04-25 13:30:00', 'SIN', 'SGN', 1, 'TB014'),
('VU042503', 'VN-A321', '2026-04-25 15:30:00', '2026-04-25 17:30:00', 'SGN', 'HAN', 1, 'TB001'),
('VU042504', 'VN-A321', '2026-04-25 19:00:00', '2026-04-25 21:00:00', 'HAN', 'SGN', 1, 'TB002'),
('VU042601', 'VN-A321', '2026-04-26 08:00:00', '2026-04-26 10:00:00', 'SGN', 'SIN', 1, 'TB013'),
('VU042602', 'VN-A321', '2026-04-26 11:30:00', '2026-04-26 13:30:00', 'SIN', 'SGN', 1, 'TB014'),
('VU042605', 'VN-A321', '2026-04-26 15:30:00', '2026-04-26 16:30:00', 'SGN', 'PQC', 1, 'TB007'),
('VU042606', 'VN-A321', '2026-04-26 17:45:00', '2026-04-26 18:45:00', 'PQC', 'SGN', 1, 'TB008'),
('VU042701', 'VN-A321', '2026-04-27 08:00:00', '2026-04-27 10:00:00', 'SGN', 'SIN', 1, 'TB013'),
('VU042702', 'VN-A321', '2026-04-27 11:30:00', '2026-04-27 13:30:00', 'SIN', 'SGN', 1, 'TB014'),
('VU042703', 'VN-A321', '2026-04-27 15:30:00', '2026-04-27 17:30:00', 'SGN', 'HAN', 1, 'TB001'),
('VU042704', 'VN-A321', '2026-04-27 19:00:00', '2026-04-27 21:00:00', 'HAN', 'SGN', 1, 'TB002'),
('VU042801', 'VN-A321', '2026-04-28 08:00:00', '2026-04-28 10:00:00', 'SGN', 'SIN', 1, 'TB013'),
('VU042802', 'VN-A321', '2026-04-28 11:30:00', '2026-04-28 13:30:00', 'SIN', 'SGN', 1, 'TB014'),
('VU042805', 'VN-A321', '2026-04-28 15:30:00', '2026-04-28 16:30:00', 'SGN', 'PQC', 1, 'TB007'),
('VU042806', 'VN-A321', '2026-04-28 17:45:00', '2026-04-28 18:45:00', 'PQC', 'SGN', 1, 'TB008'),
('VU042901', 'VN-A321', '2026-04-29 08:00:00', '2026-04-29 10:00:00', 'SGN', 'SIN', 1, 'TB013'),
('VU042902', 'VN-A321', '2026-04-29 11:30:00', '2026-04-29 13:30:00', 'SIN', 'SGN', 1, 'TB014'),
('VU042903', 'VN-A321', '2026-04-29 15:30:00', '2026-04-29 17:30:00', 'SGN', 'HAN', 1, 'TB001'),
('VU042904', 'VN-A321', '2026-04-29 19:00:00', '2026-04-29 21:00:00', 'HAN', 'SGN', 1, 'TB002'),
('VU043001', 'VN-A321', '2026-04-30 08:00:00', '2026-04-30 10:00:00', 'SGN', 'SIN', 1, 'TB013'),
('VU043002', 'VN-A321', '2026-04-30 11:30:00', '2026-04-30 13:30:00', 'SIN', 'SGN', 1, 'TB014'),
('VU043005', 'VN-A321', '2026-04-30 15:30:00', '2026-04-30 16:30:00', 'SGN', 'PQC', 1, 'TB007'),
('VU043006', 'VN-A321', '2026-04-30 17:45:00', '2026-04-30 18:45:00', 'PQC', 'SGN', 1, 'TB008');

-- --------------------------------------------------------

--
-- Table structure for table `chuyenbay_backup`
--

CREATE TABLE `chuyenbay_backup` (
  `MACHUYENBAY` varchar(20) CHARACTER SET utf8 COLLATE utf8_vietnamese_ci NOT NULL,
  `MAMAYBAY` varchar(20) CHARACTER SET utf8 COLLATE utf8_vietnamese_ci NOT NULL,
  `MASANBAY` varchar(20) CHARACTER SET utf8 COLLATE utf8_vietnamese_ci DEFAULT NULL,
  `THOIGIANDI` datetime DEFAULT NULL,
  `THOIGIANDEN` datetime DEFAULT NULL,
  `MASANBAYDI` varchar(20) CHARACTER SET utf8 COLLATE utf8_vietnamese_ci DEFAULT NULL,
  `MASANBAYDEN` varchar(20) CHARACTER SET utf8 COLLATE utf8_vietnamese_ci DEFAULT NULL,
  `TRANGTHAI_CB` int(100) NOT NULL,
  `MATUYEN` varchar(20) CHARACTER SET utf8 COLLATE utf8_vietnamese_ci DEFAULT NULL
) ENGINE=InnoDB DEFAULT CHARSET=utf8mb4 COLLATE=utf8mb4_general_ci;

--
-- Dumping data for table `chuyenbay_backup`
--

INSERT INTO `chuyenbay_backup` (`MACHUYENBAY`, `MAMAYBAY`, `MASANBAY`, `THOIGIANDI`, `THOIGIANDEN`, `MASANBAYDI`, `MASANBAYDEN`, `TRANGTHAI_CB`, `MATUYEN`) VALUES
('BL302', 'BL-A320', 'SGN', '2026-03-27 08:00:00', '2026-03-27 09:20:00', 'SGN', 'DAD', 0, 'TB003'),
('QH202', 'QH-B787', 'HAN', '2026-03-26 14:00:00', '2026-03-26 16:10:00', 'HAN', 'SGN', 0, 'TB002'),
('VN123', 'VN-A321', 'HAN', '2026-03-25 08:00:00', '2026-03-25 10:10:00', 'HAN', 'SGN', 0, 'TB002'),
('VN2601', 'VN-A350', NULL, '2026-03-26 06:00:00', '2026-03-26 07:30:00', 'SGN', 'DAD', 0, 'TB003'),
('VN2602', 'VN-A350', NULL, '2026-03-26 12:00:00', '2026-03-26 13:30:00', 'SGN', 'DAD', 0, 'TB003'),
('VN2603', 'VN-A350', NULL, '2026-03-26 18:00:00', '2026-03-26 19:30:00', 'SGN', 'DAD', 0, 'TB003'),
('VN2604', 'VN-A350', NULL, '2026-03-26 08:30:00', '2026-03-26 10:00:00', 'DAD', 'SGN', 0, 'TB004'),
('VN2605', 'VN-A350', NULL, '2026-03-26 14:30:00', '2026-03-26 16:00:00', 'DAD', 'SGN', 0, 'TB004'),
('VN2606', 'VN-A350', NULL, '2026-03-26 20:30:00', '2026-03-26 22:00:00', 'DAD', 'SGN', 0, 'TB004'),
('VN2701', 'VN-A350', NULL, '2026-03-27 06:00:00', '2026-03-27 07:30:00', 'SGN', 'DAD', 0, 'TB003'),
('VN2702', 'VN-A350', NULL, '2026-03-27 12:00:00', '2026-03-27 13:30:00', 'SGN', 'DAD', 0, 'TB003'),
('VN2703', 'VN-A350', NULL, '2026-03-27 18:00:00', '2026-03-27 19:30:00', 'SGN', 'DAD', 0, 'TB003'),
('VN2704', 'VN-A350', NULL, '2026-03-27 08:30:00', '2026-03-27 10:00:00', 'DAD', 'SGN', 0, 'TB004'),
('VN2705', 'VN-A350', NULL, '2026-03-27 14:30:00', '2026-03-27 16:00:00', 'DAD', 'SGN', 0, 'TB004'),
('VN2706', 'VN-A350', NULL, '2026-03-27 20:30:00', '2026-03-27 22:00:00', 'DAD', 'SGN', 0, 'TB004'),
('VN2801', 'VN-A350', NULL, '2026-03-28 06:00:00', '2026-03-28 07:30:00', 'SGN', 'DAD', 0, 'TB003'),
('VN2802', 'VN-A350', NULL, '2026-03-28 12:00:00', '2026-03-28 13:30:00', 'SGN', 'DAD', 0, 'TB003'),
('VN2803', 'VN-A350', NULL, '2026-03-28 18:00:00', '2026-03-28 19:30:00', 'SGN', 'DAD', 0, 'TB003'),
('VN2804', 'VN-A350', NULL, '2026-03-28 08:30:00', '2026-03-28 10:00:00', 'DAD', 'SGN', 0, 'TB004'),
('VN2805', 'VN-A350', NULL, '2026-03-28 14:30:00', '2026-03-28 16:00:00', 'DAD', 'SGN', 0, 'TB004'),
('VN2806', 'VN-A350', NULL, '2026-03-28 20:30:00', '2026-03-28 22:00:00', 'DAD', 'SGN', 0, 'TB004'),
('VN2901', 'VN-A350', NULL, '2026-03-29 06:00:00', '2026-03-29 07:30:00', 'SGN', 'DAD', 0, 'TB003'),
('VN2902', 'VN-A350', NULL, '2026-03-29 12:00:00', '2026-03-29 13:30:00', 'SGN', 'DAD', 0, 'TB003'),
('VN2903', 'VN-A350', NULL, '2026-03-29 18:00:00', '2026-03-29 19:30:00', 'SGN', 'DAD', 0, 'TB003'),
('VN2904', 'VN-A350', NULL, '2026-03-29 08:30:00', '2026-03-29 10:00:00', 'DAD', 'SGN', 0, 'TB004'),
('VN2905', 'VN-A350', NULL, '2026-03-29 14:30:00', '2026-03-29 16:00:00', 'DAD', 'SGN', 0, 'TB004'),
('VN2906', 'VN-A350', NULL, '2026-03-29 20:30:00', '2026-03-29 22:00:00', 'DAD', 'SGN', 0, 'TB004'),
('VN3001', 'VN-A350', NULL, '2026-03-30 06:00:00', '2026-03-30 07:30:00', 'SGN', 'DAD', 0, 'TB003'),
('VN3002', 'VN-A350', NULL, '2026-03-30 12:00:00', '2026-03-30 13:30:00', 'SGN', 'DAD', 0, 'TB003'),
('VN3003', 'VN-A350', NULL, '2026-03-30 18:00:00', '2026-03-30 19:30:00', 'SGN', 'DAD', 0, 'TB003'),
('VN3004', 'VN-A350', NULL, '2026-03-30 08:30:00', '2026-03-30 10:00:00', 'DAD', 'SGN', 0, 'TB004'),
('VN3005', 'VN-A350', NULL, '2026-03-30 14:30:00', '2026-03-30 16:00:00', 'DAD', 'SGN', 0, 'TB004'),
('VN3006', 'VN-A350', NULL, '2026-03-30 20:30:00', '2026-03-30 22:00:00', 'DAD', 'SGN', 0, 'TB004'),
('VN3501', 'VN-A350', 'SGN', '2026-04-10 08:00:00', '2026-04-10 09:30:00', 'SGN', 'DAD', 0, 'TB003'),
('VN3502', 'VN-A350', 'DAD', '2026-04-10 14:00:00', '2026-04-10 15:30:00', 'DAD', 'SGN', 0, 'TB004'),
('VN456', 'VN-A350', 'SGN', '2026-03-25 12:00:00', '2026-03-25 13:20:00', 'SGN', 'DAD', 0, 'TB003'),
('VN457', 'VN-A350', 'DAD', '2026-03-25 15:00:00', '2026-03-25 16:20:00', 'DAD', 'SGN', 0, 'TB004'),
('VN459', 'VN-A350', 'SGN', '2026-03-25 06:00:00', '2026-03-25 07:20:00', 'SGN', 'DAD', 0, 'TB003'),
('VN460', 'VN-A350', 'SGN', '2026-03-25 18:00:00', '2026-03-25 19:20:00', 'SGN', 'DAD', 0, 'TB003'),
('VN461', 'VN-A350', 'DAD', '2026-03-25 09:00:00', '2026-03-25 10:20:00', 'DAD', 'SGN', 0, 'TB004'),
('VN462', 'VN-A350', 'DAD', '2026-03-25 21:00:00', '2026-03-25 22:20:00', 'DAD', 'SGN', 0, 'TB004');

-- --------------------------------------------------------

--
-- Table structure for table `diadiem`
--

CREATE TABLE `diadiem` (
  `MADIADIEM` varchar(20) NOT NULL,
  `TENDIADIEM` varchar(100) DEFAULT NULL,
  `QUOC_GIA` varchar(150) NOT NULL
) ENGINE=InnoDB DEFAULT CHARSET=utf8 COLLATE=utf8_vietnamese_ci;

--
-- Dumping data for table `diadiem`
--

INSERT INTO `diadiem` (`MADIADIEM`, `TENDIADIEM`, `QUOC_GIA`) VALUES
('BKK', 'Bangkok', 'Thái Lan'),
('CDG', 'Paris', 'Pháp'),
('CXR', 'Nha Trang', 'Việt Nam'),
('DAD', 'Đà Nẵng', 'Việt Nam'),
('HAN', 'Hà Nội', 'Việt Nam'),
('ICN', 'Seoul', 'Hàn Quốc'),
('LAX', 'Los Angeles', 'Mỹ'),
('NRT', 'Tokyo', 'Nhật Bản'),
('PQC', 'Phú Quốc', 'Việt Nam'),
('PXU', 'Pleiku', 'Việt Nam'),
('SGN', 'TP Hồ Chí Minh', 'Việt Nam'),
('SIN', 'Singapore', 'Singapore'),
('SYD', 'Sydney', 'Úc'),
('VDH', 'TP. Đồng Hới', 'Việt Nam'),
('VII', 'Vinh', 'Việt Nam');

-- --------------------------------------------------------

--
-- Table structure for table `diemdulich`
--

CREATE TABLE `diemdulich` (
  `MADIEMDULICH` varchar(8) NOT NULL,
  `MADIADIEM` varchar(20) NOT NULL,
  `TENDIEMDULICH` varchar(100) NOT NULL,
  `MOTA1` text NOT NULL,
  `MOTA2` text NOT NULL,
  `HINHANH` varchar(255) NOT NULL,
  `DULICHTRONGNUOC` tinyint(1) NOT NULL DEFAULT 1,
  `DANSO` float NOT NULL,
  `DIENTICH` float NOT NULL,
  `MUIGIO` varchar(50) NOT NULL DEFAULT 'GMT +7',
  `NGONNGU` varchar(100) NOT NULL DEFAULT 'Tiếng Việt',
  `QUOCGIA` varchar(100) NOT NULL DEFAULT 'Việt Nam',
  `SANBAY` int(11) NOT NULL DEFAULT 1,
  `TIENTE` varchar(20) NOT NULL DEFAULT 'VND'
) ENGINE=InnoDB DEFAULT CHARSET=utf8mb4 COLLATE=utf8mb4_general_ci;

--
-- Dumping data for table `diemdulich`
--

INSERT INTO `diemdulich` (`MADIEMDULICH`, `MADIADIEM`, `TENDIEMDULICH`, `MOTA1`, `MOTA2`, `HINHANH`, `DULICHTRONGNUOC`, `DANSO`, `DIENTICH`, `MUIGIO`, `NGONNGU`, `QUOCGIA`, `SANBAY`, `TIENTE`) VALUES
('DL001', 'VDH', 'Quảng Bình', 'Quảng Bình là tỉnh miền Trung nổi bật với những thắng cảnh thiên nhiên tuyệt đẹp như động Phong Nha, vườn quốc gia Phong Nha - Kẻ Bàng và các bãi biển nổi tiếng. Đây là điểm đến lý tưởng cho những ai yêu thích khám phá động, hang, rừng và các khu di tích lịch sử.', 'Quảng Bình nổi bật với động Phong Nha, Thiên Đường, các khu di tích lịch sử và các bãi biển tuyệt đẹp. Các hoạt động du lịch khám phá hệ thống hang động, trekking trong vườn quốc gia Phong Nha – Kẻ Bàng luôn hấp dẫn du khách yêu thích thiên nhiên.', 'https://vja-travel.useleadr.com/uploads/qbbbbb.jpg', 1, 0.91, 8.065, 'GMT +7', 'Tiếng Việt', 'Việt Nam', 1, 'VND'),
('DL002', 'PXU', 'Gia Lai', 'Gia Lai là tỉnh nằm ở khu vực Tây Nguyên của Việt Nam, nổi bật với cao nguyên rộng lớn, núi non hùng vĩ và khí hậu trong lành. Tỉnh này thu hút du khách bởi thiên nhiên còn nguyên sơ, những thác nước đẹp, hồ T’Nung yên bình và bản sắc văn hóa đặc trưng của các cộng đồng dân tộc địa phương. Gia Lai là điểm đến lý tưởng cho những ai yêu thích du lịch thiên nhiên và tìm hiểu văn hóa.', 'Gia Lai có các điểm tham quan nổi bật như biển Hồ Chè, hồ T\'nưng, các làng dân tộc thiểu số và khu du lịch sinh thái. Du khách có thể tham gia các chuyến đi bộ đường dài, tìm hiểu về các di tích văn hóa và tham gia các hoạt động khám phá thiên nhiên.', 'https://vja-travel.useleadr.com/uploads/glllll.png', 1, 1.63, 15.51, 'GMT +7', 'Tiếng Việt', 'Việt Nam', 1, 'VND'),
('DL003', 'VII', 'Nghệ An', 'Nghệ An là tỉnh miền Trung nổi bật với những cánh đồng lúa bạt ngàn, những bãi biển đẹp và các di tích lịch sử quan trọng. Thành phố Vinh là trung tâm của tỉnh, không chỉ là nơi có nền kinh tế phát triển mà còn là nơi lưu giữ nhiều di tích lịch sử và văn hóa của miền Bắc.', 'Nghệ An là tỉnh miền Trung nổi bật với những cánh đồng lúa bạt ngàn, những bãi biển đẹp và các di tích lịch sử quan trọng. Thành phố Vinh là trung tâm của tỉnh, không chỉ là nơi có nền kinh tế phát triển mà còn là nơi lưu giữ nhiều di tích lịch sử và văn hóa của miền Bắc.', 'https://vja-travel.useleadr.com/uploads/naa.jpeg', 1, 3.2, 16.49, 'GMT +7', 'Tiếng Việt', 'Việt Nam', 1, 'VND'),
('DL004', 'HAN', 'Hà Nội', 'Hà Nội là thủ đô của Việt Nam, nổi bật với vẻ đẹp cổ kính pha lẫn hiện đại. Thành phố này lưu giữ nhiều di sản văn hóa lâu đời, với những con phố cổ, hồ Hoàn Kiếm và các đền, chùa lịch sử. Hà Nội không chỉ là trung tâm chính trị, mà còn là nơi hội tụ các giá trị văn hóa truyền thống và sự phát triển của xã hội hiện đại.', 'Tham quan ở Hà Nội mang đến nhiều cơ hội khám phá văn hóa và lịch sử, với các địa danh nổi tiếng như Lăng Chủ tịch Hồ Chí Minh, khu phố cổ, và các di tích lịch sử quan trọng. Ngoài ra, thành phố còn có các công viên, bảo tàng và những khu vực du lịch sinh thái để du khách thư giãn và tìm hiểu về văn hóa Việt Nam.\r\n', 'https://vja-travel.useleadr.com/uploads/DemHaNoi.jpg', 1, 8.71, 3.359, 'GMT +7', 'Tiếng Việt', 'Việt Nam', 1, 'VN'),
('DL005', 'SGN', 'Thành phố Hồ Chí Minh', 'TP.HCM, hay còn gọi là Sài Gòn, là thành phố năng động và phát triển bậc nhất Việt Nam. Nơi đây nổi bật với sự kết hợp giữa kiến trúc hiện đại và những di sản lịch sử, tạo nên một không gian đầy ấn tượng. TP.HCM là trung tâm kinh tế, văn hóa và du lịch, thu hút hàng triệu du khách mỗi năm bởi nhịp sống sôi động, ẩm thực phong phú và con người thân thiện.', 'TP.HCM, hay còn gọi là Sài Gòn, là một điểm đến du lịch tuyệt vời với sự pha trộn giữa nét hiện đại và truyền thống. Du khách có thể khám phá các công trình lịch sử như Dinh Độc Lập, Nhà thờ Đức Bà và Chợ Bến Thành. Thành phố cũng nổi bật với các khu mua sắm sầm uất, những món ăn đường phố đặc trưng và nền văn hóa đa dạng. Với những trải nghiệm thú vị này, TP.HCM chắc chắn là địa điểm không thể bỏ qua.', 'https://vja-travel.useleadr.com/uploads/shutterstock1965804106-1640951934873.png', 1, 9.46, 2.095, 'GMT +7', 'Tiếng Việt', 'Việt Nam', 1, ''),
('DL006', 'PQC', 'Phú Quốc', 'Phú Quốc, hay còn được mệnh danh là “đảo ngọc”, là một trong những điểm du lịch nổi tiếng nhất Việt Nam. Nơi đây nổi bật với những bãi biển trong xanh, bờ cát trắng mịn cùng hệ sinh thái rừng và biển phong phú, tạo nên khung cảnh thiên nhiên tuyệt đẹp. Phú Quốc không chỉ thu hút du khách bởi vẻ đẹp hoang sơ mà còn bởi các khu nghỉ dưỡng hiện đại, khu vui chơi giải trí và nền ẩm thực hải sản đa dạng.', 'Phú Quốc là một điểm đến du lịch nổi tiếng với vẻ đẹp tự nhiên hoang sơ và biển xanh trong vắt. Du khách có thể tham quan các bãi biển tuyệt đẹp như Bãi Sao, Bãi Dài, khám phá những khu chợ địa phương nhộn nhịp như Chợ Dương Đông, hoặc ghé thăm các điểm tham quan nổi bật như VinWonders Phú Quốc, Vườn Quốc gia Phú Quốc và các làng chài truyền thống. Hòn đảo cũng nổi bật với các món hải sản tươi ngon, trải nghiệm lặn biển ngắm san hô và không gian thư giãn yên bình. Với những trải nghiệm độc đáo này, Phú Quốc chắc chắn là điểm đến không thể bỏ qua.', 'https://vja-travel.useleadr.com/uploads/depositphotos45998325xl-1724809601556.jpg', 1, 0.1576, 575, 'GMT +7', 'Tiếng Việt', 'Việt Nam', 1, 'VND'),
('DL007', 'NRT', 'Nhật Bản', 'Nhật Bản là một quốc gia phát triển nổi tiếng với sự kết hợp hài hòa giữa truyền thống và hiện đại. Nơi đây có những ngôi đền cổ kính, hoa anh đào tuyệt đẹp cùng các thành phố hiện đại bậc nhất thế giới. Nhật Bản còn thu hút du khách bởi văn hóa đặc sắc, ẩm thực tinh tế và con người lịch sự, thân thiện.', '', 'https://encrypted-tbn0.gstatic.com/licensed-image?q=tbn:ANd9GcS1Se-_5NSMgmwF_KpETRWQg6Pta2M5JtTAiGaBLw65TUyDLmgJRP0PKk6mbCiT2DoqH-Ew0LFMSHLCA2RTVOLKdgE&s=19', 0, 125, 377, 'GMT +9', 'Tiếng Nhật', 'Nhật Bản', 200, 'Yên Nhật'),
('DL008', 'ICN', 'Hàn Quốc', 'Hàn Quốc là quốc gia năng động và hiện đại tại châu Á. Đất nước này nổi bật với nền công nghệ tiên tiến, văn hóa K-pop, phim ảnh và ẩm thực đặc trưng. Hàn Quốc thu hút du khách bởi các thành phố sôi động, cung điện cổ kính và cảnh đẹp thiên nhiên theo bốn mùa rõ rệt.', '', 'https://lh3.googleusercontent.com/gps-cs-s/AHVAwep5vGgJrBbi7ZmKa8EpPvtY9zGgCPZeXOULDi9Bs7-WPiiEc3YORCslYFnRg6UNXKchovxSIoS9U57fuap03R5SAClPgniFFgrZYkbQAZ-jjdvleNSPL3NZwx-j8thw20z55A5eDA=w675-h390-n-k-no', 0, 0, 100, 'GMT +9', 'Tiếng Hàn', 'Hàn Quốc', 100, 'Won Hàn Quốc'),
('DL009', 'BKK', 'Thái Lan', 'Thái Lan là điểm du lịch nổi tiếng với những bãi biển đẹp, chùa chiền lộng lẫy và nền văn hóa đặc sắc. Thái Lan còn được biết đến với ẩm thực đường phố phong phú, các khu chợ đêm nhộn nhịp và con người thân thiện, hiếu khách.', '', 'https://lh3.googleusercontent.com/gps-cs-s/AHVAwer1bFWl2AYEAHDSHCmRd36NPbDeTIiGkdapkbWiGuip6fiT2ObSDWDCR4ea3T-uCss7MCOQ0W9JVXAD-ZsSb3FpmouORQCm_sCViLsme25HBxpv9K72ZfMKir18k5QXGHZrb_pM=w675-h390-n-k-no', 0, 67, 513, 'GMT +7', 'Tiếng Thái', 'Vương quốc Thái Lan', 50, 'Baht Thái'),
('DL010', 'CDG', 'Pháp', 'Pháp là một trong những quốc gia nổi tiếng nhất châu Âu với kiến trúc cổ kính, nghệ thuật và thời trang. Nơi đây thu hút du khách bởi những công trình lịch sử nổi tiếng, nền ẩm thực tinh tế và không gian lãng mạn, đặc biệt là tại thủ đô Paris.', '', 'https://encrypted-tbn0.gstatic.com/licensed-image?q=tbn:ANd9GcS-oup94Pnik51hWCcFhPJ3lSGnHN2G453bLyxI2hUa995zWELSmzgvEiWB1ggcXChdFRcNCQkX9i1l1svK6HqR_dg&s=19', 0, 66.5, 643801, 'GMT +1', 'Tiếng Pháp', 'Cộng hòa Pháp (France)', 100, 'Euro'),
('DL011', 'LAX', 'Mỹ', 'Mỹ là quốc gia phát triển hàng đầu thế giới với nền kinh tế, khoa học và công nghệ hiện đại. Mỹ nổi bật với các thành phố lớn, các công trình biểu tượng, nền văn hóa đa dạng và nhiều địa điểm du lịch nổi tiếng thu hút hàng triệu du khách mỗi năm.', '', 'https://duhocinec.com/wp-content/uploads/2024/09/dat-nuoc-my-01.jpg', 0, 333, 9834000, 'GMT -5 đến -10', 'Tiếng Anh', 'Hoa Kỳ', 200, 'Đô la Mỹ'),
('DL012', 'SYD', 'Úc', 'Úc là quốc gia nổi tiếng với thiên nhiên hoang sơ, bãi biển đẹp và các thành phố đáng sống. Úc thu hút du khách bởi hệ động vật đặc trưng, các công trình kiến trúc nổi tiếng và môi trường sống trong lành, hiện đại.', '', 'https://vj-prod-website-cms.s3.ap-southeast-1.amazonaws.com/1178445745-copy-1674668916271.jpg', 0, 26.5, 7.69, 'GMT +8 đến +10', 'Tiếng Anh', 'Commonwealth of Australia', 100, 'Đô la Úc');

-- --------------------------------------------------------

--
-- Table structure for table `diemthamquan`
--

CREATE TABLE `diemthamquan` (
  `MADIEMTHAMQUAN` varchar(8) NOT NULL,
  `MADIEMDULICH` varchar(8) NOT NULL,
  `TENDIEMTHAMQUAN` varchar(100) NOT NULL,
  `HINHANH` varchar(255) NOT NULL
) ENGINE=InnoDB DEFAULT CHARSET=utf8mb4 COLLATE=utf8mb4_general_ci;

--
-- Dumping data for table `diemthamquan`
--

INSERT INTO `diemthamquan` (`MADIEMTHAMQUAN`, `MADIEMDULICH`, `TENDIEMTHAMQUAN`, `HINHANH`) VALUES
('TQ001', 'DL001', 'Động Thiên Đường Paradise Cave', 'https://upload.wikimedia.org/wikipedia/commons/8/88/Grotte_Thien_Duong.jpg'),
('TQ0010', 'DL002', 'Hồ thủy điện Ia Ly', 'https://cdn.xanhsm.com/2025/03/2c924d67-dap-thuy-dien-ialy-thumb.jpg'),
('TQ0011', 'DL002', 'Quảng trường Đại Đoàn Kết', 'https://images.vietnamtourism.gov.vn/vn//images/2025/thang_2/qt-ddk-1-img_5562.jpg'),
('TQ002', 'DL001', 'Hang Sơn Đoòng', 'https://thanhnien.mediacdn.vn/Uploaded/phucndh/2022_04_14/a4-5211.jpg'),
('TQ003', 'DL001', 'Suối Nước Mooc', 'https://statics.vinpearl.com/suoi-nuoc-mooc--_1629695174.jpg'),
('TQ004', 'DL001', 'Vườn quốc gia Phong Nha – Kẻ Bàng', 'https://api.sovaba.travel/uploads/duoc_cong_nhan_la_di_san_thien_nhien_the_gioi_07d303cce9.jpg'),
('TQ005', 'DL001', 'Chùa Hoằng Phúc', 'https://dulichnewtour.vn/ckfinder/images/Tours/chuahoangphucquangbinh/chua-hoang-phuc-quang-binh%20(8).jpg'),
('TQ006', 'DL002', 'Biển Hồ hè', 'https://images.vietnamtourism.gov.vn/vn/images/2021/Thang_6/bien_ho_che__gia_lai_1221370027_resize.jpeg'),
('TQ007', 'DL002', 'Chùa Bửu Minh Cổ Tự', 'https://mia.vn/media/uploads/blog-du-lich/chua-buu-minh-va-net-dep-co-kinh-ton-tai-cung-thang-nam-01-1660238403.jpeg'),
('TQ008', 'DL002', 'Biển Hồ Pleiku', 'https://vja-travel.useleadr.com/uploads/shutterstock1089464021huge-1679553135450.jpg'),
('TQ009', 'DL002', 'Đường hàng thông cổ thụ', 'https://thanhnien.mediacdn.vn/Uploaded/trantam/2022_11_15/img-20221115-101509-1832.jpg'),
('TQ012', 'DL003', 'Quê Bác Hồ - Làng Sen', 'https://images.baodantoc.vn/uploads/2021/Th%C3%A1ng%205/Ng%C3%A0y_19/lang-sen-nghe-an-vitravel-2.jpg'),
('TQ013', 'DL003', 'Biển Cửa Lò', 'https://bizweb.dktcdn.net/100/006/093/files/kinh-nghiem-du-lich-cua-lo-11.jpg?v=1579138150073'),
('TQ014', 'DL003', 'Khu Di tích Kim Liên - Quê Nội Bác Hồ ', 'https://baotanghochiminh.vn/pic/News/images/Que%20noi.jpg'),
('TQ015', 'DL003', 'Vườn quốc gia Pù Mát', 'https://vcdn1-dulich.vnecdn.net/2025/03/09/thackem2-1741497134-1741497212-1855-1741498170.jpg?w=1200&h=0&q=100&dpr=1&fit=crop&s=GizmZemJ0294BILblf6FKg'),
('TQ016', 'DL003', 'Thác Khe Kèm', 'https://zoomtravel.vn/upload/images/thac-khe-kem-1-min.jpg'),
('TQ017', 'DL003', 'Đền Cuông', 'https://static.vinwonders.com/production/den-cuong-nghe-an-banner-1.jpg'),
('TQ018', 'DL003', 'Cánh đồng hoa hướng dương Nghĩa Đàn', 'https://truyenhinhnghean.vn/file/4028eaa46735a26101673a4df345003c/4028eaa467f477c80167f4aa053f0c68/122020/hoa5_20201218155117.jpg'),
('TQ019', 'DL004', 'Hồ Hoàn Kiếm', 'https://xesaoviet.com.vn/wp-content/uploads/2025/08/c.jpg'),
('TQ020', 'DL004', 'Lăng Chủ tịch Hồ Chí Minh', 'https://encrypted-tbn0.gstatic.com/images?q=tbn:ANd9GcQsUR0UFEEwgWCuSogetZZWziHIqR3bQSIniA&s'),
('TQ021', 'DL004', 'Văn Miếu - Quốc Tử Giám', 'https://upload.wikimedia.org/wikipedia/commons/3/39/Hanoi_Temple_of_Literature_%28cropped%29.jpg'),
('TQ022', 'DL004', 'Chùa Một Cột', 'https://motogo.vn/wp-content/uploads/2023/10/Chua-Mot-Cot-16.jpg'),
('TQ023', 'DL004', 'Hồ Tây', 'https://static.vinwonders.com/production/ho-tay-o-dau-1.jpg'),
('TQ024', 'DL004', 'Nhà thờ Lớn Hà Nội', 'https://cdn.justfly.vn/2560x1926/media/202310/27/1698394704-z4823032161533_e07e28448b7b178547a6d60548c3ed83.jpg'),
('TQ025', 'DL004', 'Phố cổ Hà Nội', 'https://static.vinwonders.com/production/pho-co-ha-noi-1.jpg'),
('TQ026', 'DL004', 'Hoàng thành Thăng Long', 'https://upload.wikimedia.org/wikipedia/commons/4/4a/Thang_Long_Imperial_Citadel.jpg'),
('TQ027', 'DL005', 'Chợ Bến Thành', 'https://upload.wikimedia.org/wikipedia/commons/thumb/9/91/Ben_Thanh_market_2.jpg/330px-Ben_Thanh_market_2.jpg'),
('TQ028', 'DL005', 'Nhà thờ Đức Bà Sài Gòn', 'https://mia.vn/media/uploads/blog-du-lich/nha-tho-duc-ba-sai-gon-ruc-ro-1692570394.jpg'),
('TQ029', 'DL005', 'Bưu điện Trung tâm Sài Gòn', 'https://encrypted-tbn0.gstatic.com/images?q=tbn:ANd9GcQakYZFyM0bDfTd2WwiEohRlr0KW6ugUVLjUw&s'),
('TQ030', 'DL005', 'Dinh Độc Lập', 'https://upload.wikimedia.org/wikipedia/commons/d/d0/Dinh_%C4%90%E1%BB%99c_L%E1%BA%ADp_v%C3%A0o_n%C3%A0m_2024.jpg'),
('TQ031', 'DL005', 'Phố đi bộ Nguyễn Huệ', 'https://www.themystdongkhoihotel.com/wp-content/uploads/2025/07/nguyen-hue-walking-street.jpg'),
('TQ032', 'DL005', 'Tòa nhà Bitexco', 'https://upload.wikimedia.org/wikipedia/commons/4/46/Bitexco_Financial_Tower_20022012_cropped.JPG'),
('TQ033', 'DL005', 'Thảo Cầm Viên Sài Gòn', 'https://cdn.tgdd.vn/Files/2022/02/21/1416530/tham-quan-thao-cam-vien-sai-gon-cuc-ly-tuong-vao-cuoi-tuan-202202211016241834.jpg'),
('TQ034', 'DL005', 'Địa đạo Củ Chi', 'https://tuotz.com/wp-content/uploads/2025/07/dia-dao-cu-chi-1.png'),
('TQ035', 'DL006', 'Bãi Sao', 'https://ik.imagekit.io/tvlk/blog/2022/07/dHj0gcod-bai-sao-8.jpg'),
('TQ036', 'DL006', 'Bãi Dài', 'https://letsflytravel.vn/wp-content/uploads/2024/04/bai-dai-letsflytravel.jpg'),
('TQ037', 'DL006', 'VinWonders Phú Quốc', 'https://phuquoctrip.com/files/images/vui-choi-phu-quoc/phu-quoc-united-center/vinwonders/vinwonder.jpg'),
('TQ038', 'DL006', 'Vinpearl Safari Phú Quốc', 'https://cassiacottage.com/wp-content/uploads/2025/10/Vinpearl-Phu-Quoc-Cassia-Cottage-Resort-and-Spa-4.jpg'),
('TQ039', 'DL006', 'Dinh Cậu', 'https://salindaresort.com/uploads/articles/48/dinh-cau-phu-quoc-net-dep-tam-linh-cua-dao-ngoc.jpg'),
('TQ040', 'DL006', 'Hòn Thơm', 'https://phuquoctrip.com/files/images/vui-choi-phu-quoc/cap-treo-hon-thom/Sun%20World%20Hon%20Thom%20Nature%20Park_1200x675.jpg'),
('TQ041', 'DL006', 'Cáp treo Hòn Thơm', 'https://ik.imagekit.io/tvlk/blog/2023/01/cap-treo-hon-thom-1.jpg?tr=q-70,c-at_max,w-1000,h-600'),
('TQ042', 'DL006', 'Nhà tù Phú Quốc', 'https://booking.muongthanh.com/upload_images/images/toan-canh-nha-tu-phu-quoc.jpg');

-- --------------------------------------------------------

--
-- Table structure for table `ghe`
--

CREATE TABLE `ghe` (
  `MAGHE` varchar(20) NOT NULL,
  `MAMAYBAY` varchar(20) NOT NULL,
  `MALOAIGHE` varchar(20) NOT NULL,
  `SOGHE` int(11) DEFAULT NULL,
  `GIAGHE` decimal(10,2) DEFAULT NULL
) ENGINE=InnoDB DEFAULT CHARSET=utf8 COLLATE=utf8_vietnamese_ci;

--
-- Dumping data for table `ghe`
--

INSERT INTO `ghe` (`MAGHE`, `MAMAYBAY`, `MALOAIGHE`, `SOGHE`, `GIAGHE`) VALUES
('10A-319', 'BL-A319', 'FC', 45, 0.00),
('10A-320', 'VJ-A320', 'FC', 45, 0.00),
('10A-321', 'VN-A321', 'FC', 45, 0.00),
('10A-350', 'VN-A350', 'FC', 45, 8000000.00),
('10A-787', 'QH-B787', 'FC', 45, 0.00),
('10B-319', 'BL-A319', 'FC', 46, 0.00),
('10B-320', 'VJ-A320', 'FC', 46, 0.00),
('10B-321', 'VN-A321', 'FC', 46, 0.00),
('10B-350', 'VN-A350', 'FC', 46, 8000000.00),
('10B-787', 'QH-B787', 'FC', 46, 0.00),
('10C-319', 'BL-A319', 'FC', 47, 0.00),
('10C-320', 'VJ-A320', 'FC', 47, 0.00),
('10C-321', 'VN-A321', 'FC', 47, 0.00),
('10C-350', 'VN-A350', 'FC', 47, 8000000.00),
('10C-787', 'QH-B787', 'FC', 47, 0.00),
('10D-319', 'BL-A319', 'FC', 48, 0.00),
('10D-320', 'VJ-A320', 'FC', 48, 0.00),
('10D-321', 'VN-A321', 'FC', 48, 0.00),
('10D-350', 'VN-A350', 'FC', 48, 8000000.00),
('10D-787', 'QH-B787', 'FC', 48, 0.00),
('10E-319', 'BL-A319', 'FC', 49, 0.00),
('10E-320', 'VJ-A320', 'FC', 49, 0.00),
('10E-321', 'VN-A321', 'FC', 49, 0.00),
('10E-350', 'VN-A350', 'FC', 49, 8000000.00),
('10E-787', 'QH-B787', 'FC', 49, 0.00),
('11A-319', 'BL-A319', 'FC', 50, 0.00),
('11A-320', 'VJ-A320', 'FC', 50, 0.00),
('11A-321', 'VN-A321', 'FC', 50, 0.00),
('11A-350', 'VN-A350', 'FC', 50, 8000000.00),
('11A-787', 'QH-B787', 'FC', 50, 0.00),
('11B-319', 'BL-A319', 'FC', 51, 0.00),
('11B-320', 'VJ-A320', 'FC', 51, 0.00),
('11B-321', 'VN-A321', 'FC', 51, 0.00),
('11B-350', 'VN-A350', 'FC', 51, 8000000.00),
('11B-787', 'QH-B787', 'FC', 51, 0.00),
('11C-319', 'BL-A319', 'FC', 52, 0.00),
('11C-320', 'VJ-A320', 'FC', 52, 0.00),
('11C-321', 'VN-A321', 'FC', 52, 0.00),
('11C-350', 'VN-A350', 'FC', 52, 8000000.00),
('11C-787', 'QH-B787', 'FC', 52, 0.00),
('11D-319', 'BL-A319', 'FC', 53, 0.00),
('11D-320', 'VJ-A320', 'FC', 53, 0.00),
('11D-321', 'VN-A321', 'FC', 53, 0.00),
('11D-350', 'VN-A350', 'FC', 53, 8000000.00),
('11D-787', 'QH-B787', 'FC', 53, 0.00),
('11E-319', 'BL-A319', 'FC', 54, 0.00),
('11E-320', 'VJ-A320', 'FC', 54, 0.00),
('11E-321', 'VN-A321', 'FC', 54, 0.00),
('11E-350', 'VN-A350', 'FC', 54, 8000000.00),
('11E-787', 'QH-B787', 'FC', 54, 0.00),
('12A-319', 'BL-A319', 'FC', 55, 0.00),
('12A-320', 'VJ-A320', 'FC', 55, 0.00),
('12A-321', 'VN-A321', 'FC', 55, 0.00),
('12A-350', 'VN-A350', 'FC', 55, 8000000.00),
('12A-787', 'QH-B787', 'FC', 55, 0.00),
('12B-319', 'BL-A319', 'FC', 56, 0.00),
('12B-320', 'VJ-A320', 'FC', 56, 0.00),
('12B-321', 'VN-A321', 'FC', 56, 0.00),
('12B-350', 'VN-A350', 'FC', 56, 8000000.00),
('12B-787', 'QH-B787', 'FC', 56, 0.00),
('12C-319', 'BL-A319', 'FC', 57, 0.00),
('12C-320', 'VJ-A320', 'FC', 57, 0.00),
('12C-321', 'VN-A321', 'FC', 57, 0.00),
('12C-350', 'VN-A350', 'FC', 57, 8000000.00),
('12C-787', 'QH-B787', 'FC', 57, 0.00),
('12D-319', 'BL-A319', 'FC', 58, 0.00),
('12D-320', 'VJ-A320', 'FC', 58, 0.00),
('12D-321', 'VN-A321', 'FC', 58, 0.00),
('12D-350', 'VN-A350', 'FC', 58, 8000000.00),
('12D-787', 'QH-B787', 'FC', 58, 0.00),
('12E-319', 'BL-A319', 'FC', 59, 0.00),
('12E-320', 'VJ-A320', 'FC', 59, 0.00),
('12E-321', 'VN-A321', 'FC', 59, 0.00),
('12E-350', 'VN-A350', 'FC', 59, 8000000.00),
('12E-787', 'QH-B787', 'FC', 59, 0.00),
('13A-319', 'BL-A319', 'FC', 60, 0.00),
('13A-320', 'VJ-A320', 'FC', 60, 0.00),
('13A-321', 'VN-A321', 'FC', 60, 0.00),
('13A-350', 'VN-A350', 'FC', 60, 8000000.00),
('13A-787', 'QH-B787', 'FC', 60, 0.00),
('13B-319', 'BL-A319', 'FC', 61, 0.00),
('13B-320', 'VJ-A320', 'FC', 61, 0.00),
('13B-321', 'VN-A321', 'FC', 61, 0.00),
('13B-350', 'VN-A350', 'FC', 61, 8000000.00),
('13B-787', 'QH-B787', 'FC', 61, 0.00),
('13C-319', 'BL-A319', 'FC', 62, 0.00),
('13C-320', 'VJ-A320', 'FC', 62, 0.00),
('13C-321', 'VN-A321', 'FC', 62, 0.00),
('13C-350', 'VN-A350', 'FC', 62, 8000000.00),
('13C-787', 'QH-B787', 'FC', 62, 0.00),
('13D-319', 'BL-A319', 'FC', 63, 0.00),
('13D-320', 'VJ-A320', 'FC', 63, 0.00),
('13D-321', 'VN-A321', 'FC', 63, 0.00),
('13D-350', 'VN-A350', 'FC', 63, 8000000.00),
('13D-787', 'QH-B787', 'FC', 63, 0.00),
('13E-319', 'BL-A319', 'FC', 64, 0.00),
('13E-320', 'VJ-A320', 'FC', 64, 0.00),
('13E-321', 'VN-A321', 'FC', 64, 0.00),
('13E-350', 'VN-A350', 'FC', 64, 8000000.00),
('13E-787', 'QH-B787', 'FC', 64, 0.00),
('14A-319', 'BL-A319', 'FC', 65, 0.00),
('14A-320', 'VJ-A320', 'FC', 65, 0.00),
('14A-321', 'VN-A321', 'FC', 65, 0.00),
('14A-350', 'VN-A350', 'FC', 65, 8000000.00),
('14A-787', 'QH-B787', 'FC', 65, 0.00),
('14B-319', 'BL-A319', 'FC', 66, 0.00),
('14B-320', 'VJ-A320', 'FC', 66, 0.00),
('14B-321', 'VN-A321', 'FC', 66, 0.00),
('14B-350', 'VN-A350', 'FC', 66, 8000000.00),
('14B-787', 'QH-B787', 'FC', 66, 0.00),
('14C-319', 'BL-A319', 'FC', 67, 0.00),
('14C-320', 'VJ-A320', 'FC', 67, 0.00),
('14C-321', 'VN-A321', 'FC', 67, 0.00),
('14C-350', 'VN-A350', 'FC', 67, 8000000.00),
('14C-787', 'QH-B787', 'FC', 67, 0.00),
('14D-319', 'BL-A319', 'FC', 68, 0.00),
('14D-320', 'VJ-A320', 'FC', 68, 0.00),
('14D-321', 'VN-A321', 'FC', 68, 0.00),
('14D-350', 'VN-A350', 'FC', 68, 8000000.00),
('14D-787', 'QH-B787', 'FC', 68, 0.00),
('14E-319', 'BL-A319', 'FC', 69, 0.00),
('14E-320', 'VJ-A320', 'FC', 69, 0.00),
('14E-321', 'VN-A321', 'FC', 69, 0.00),
('14E-350', 'VN-A350', 'FC', 69, 8000000.00),
('14E-787', 'QH-B787', 'FC', 69, 0.00),
('15A-319', 'BL-A319', 'EC', 70, 0.00),
('15A-320', 'VJ-A320', 'EC', 70, 0.00),
('15A-321', 'VN-A321', 'EC', 70, 0.00),
('15A-350', 'VN-A350', 'EC', 70, 4000000.00),
('15A-787', 'QH-B787', 'EC', 70, 0.00),
('15B-319', 'BL-A319', 'EC', 71, 0.00),
('15B-320', 'VJ-A320', 'EC', 71, 0.00),
('15B-321', 'VN-A321', 'EC', 71, 0.00),
('15B-350', 'VN-A350', 'EC', 71, 4000000.00),
('15B-787', 'QH-B787', 'EC', 71, 0.00),
('15C-319', 'BL-A319', 'EC', 72, 0.00),
('15C-320', 'VJ-A320', 'EC', 72, 0.00),
('15C-321', 'VN-A321', 'EC', 72, 0.00),
('15C-350', 'VN-A350', 'EC', 72, 4000000.00),
('15C-787', 'QH-B787', 'EC', 72, 0.00),
('15D-319', 'BL-A319', 'EC', 73, 0.00),
('15D-320', 'VJ-A320', 'EC', 73, 0.00),
('15D-321', 'VN-A321', 'EC', 73, 0.00),
('15D-350', 'VN-A350', 'EC', 73, 4000000.00),
('15D-787', 'QH-B787', 'EC', 73, 0.00),
('15E-319', 'BL-A319', 'EC', 74, 0.00),
('15E-320', 'VJ-A320', 'EC', 74, 0.00),
('15E-321', 'VN-A321', 'EC', 74, 0.00),
('15E-350', 'VN-A350', 'EC', 74, 4000000.00),
('15E-787', 'QH-B787', 'EC', 74, 0.00),
('16A-319', 'BL-A319', 'EC', 75, 0.00),
('16A-320', 'VJ-A320', 'EC', 75, 0.00),
('16A-321', 'VN-A321', 'EC', 75, 0.00),
('16A-350', 'VN-A350', 'EC', 75, 4000000.00),
('16A-787', 'QH-B787', 'EC', 75, 0.00),
('16B-319', 'BL-A319', 'EC', 76, 0.00),
('16B-320', 'VJ-A320', 'EC', 76, 0.00),
('16B-321', 'VN-A321', 'EC', 76, 0.00),
('16B-350', 'VN-A350', 'EC', 76, 4000000.00),
('16B-787', 'QH-B787', 'EC', 76, 0.00),
('16C-319', 'BL-A319', 'EC', 77, 0.00),
('16C-320', 'VJ-A320', 'EC', 77, 0.00),
('16C-321', 'VN-A321', 'EC', 77, 0.00),
('16C-350', 'VN-A350', 'EC', 77, 4000000.00),
('16C-787', 'QH-B787', 'EC', 77, 0.00),
('16D-319', 'BL-A319', 'EC', 78, 0.00),
('16D-320', 'VJ-A320', 'EC', 78, 0.00),
('16D-321', 'VN-A321', 'EC', 78, 0.00),
('16D-350', 'VN-A350', 'EC', 78, 4000000.00),
('16D-787', 'QH-B787', 'EC', 78, 0.00),
('16E-319', 'BL-A319', 'EC', 79, 0.00),
('16E-320', 'VJ-A320', 'EC', 79, 0.00),
('16E-321', 'VN-A321', 'EC', 79, 0.00),
('16E-350', 'VN-A350', 'EC', 79, 4000000.00),
('16E-787', 'QH-B787', 'EC', 79, 0.00),
('17A-319', 'BL-A319', 'EC', 80, 0.00),
('17A-320', 'VJ-A320', 'EC', 80, 0.00),
('17A-321', 'VN-A321', 'EC', 80, 0.00),
('17A-350', 'VN-A350', 'EC', 80, 4000000.00),
('17A-787', 'QH-B787', 'EC', 80, 0.00),
('17B-319', 'BL-A319', 'EC', 81, 0.00),
('17B-320', 'VJ-A320', 'EC', 81, 0.00),
('17B-321', 'VN-A321', 'EC', 81, 0.00),
('17B-350', 'VN-A350', 'EC', 81, 4000000.00),
('17B-787', 'QH-B787', 'EC', 81, 0.00),
('17C-319', 'BL-A319', 'EC', 82, 0.00),
('17C-320', 'VJ-A320', 'EC', 82, 0.00),
('17C-321', 'VN-A321', 'EC', 82, 0.00),
('17C-350', 'VN-A350', 'EC', 82, 4000000.00),
('17C-787', 'QH-B787', 'EC', 82, 0.00),
('17D-319', 'BL-A319', 'EC', 83, 0.00),
('17D-320', 'VJ-A320', 'EC', 83, 0.00),
('17D-321', 'VN-A321', 'EC', 83, 0.00),
('17D-350', 'VN-A350', 'EC', 83, 4000000.00),
('17D-787', 'QH-B787', 'EC', 83, 0.00),
('17E-319', 'BL-A319', 'EC', 84, 0.00),
('17E-320', 'VJ-A320', 'EC', 84, 0.00),
('17E-321', 'VN-A321', 'EC', 84, 0.00),
('17E-350', 'VN-A350', 'EC', 84, 4000000.00),
('17E-787', 'QH-B787', 'EC', 84, 0.00),
('18A-319', 'BL-A319', 'EC', 85, 0.00),
('18A-320', 'VJ-A320', 'EC', 85, 0.00),
('18A-321', 'VN-A321', 'EC', 85, 0.00),
('18A-350', 'VN-A350', 'EC', 85, 4000000.00),
('18A-787', 'QH-B787', 'EC', 85, 0.00),
('18B-319', 'BL-A319', 'EC', 86, 0.00),
('18B-320', 'VJ-A320', 'EC', 86, 0.00),
('18B-321', 'VN-A321', 'EC', 86, 0.00),
('18B-350', 'VN-A350', 'EC', 86, 4000000.00),
('18B-787', 'QH-B787', 'EC', 86, 0.00),
('18C-319', 'BL-A319', 'EC', 87, 0.00),
('18C-320', 'VJ-A320', 'EC', 87, 0.00),
('18C-321', 'VN-A321', 'EC', 87, 0.00),
('18C-350', 'VN-A350', 'EC', 87, 4000000.00),
('18C-787', 'QH-B787', 'EC', 87, 0.00),
('18D-319', 'BL-A319', 'EC', 88, 0.00),
('18D-320', 'VJ-A320', 'EC', 88, 0.00),
('18D-321', 'VN-A321', 'EC', 88, 0.00),
('18D-350', 'VN-A350', 'EC', 88, 4000000.00),
('18D-787', 'QH-B787', 'EC', 88, 0.00),
('18E-319', 'BL-A319', 'EC', 89, 0.00),
('18E-320', 'VJ-A320', 'EC', 89, 0.00),
('18E-321', 'VN-A321', 'EC', 89, 0.00),
('18E-350', 'VN-A350', 'EC', 89, 4000000.00),
('18E-787', 'QH-B787', 'EC', 89, 0.00),
('19A-319', 'BL-A319', 'EC', 90, 0.00),
('19A-320', 'VJ-A320', 'EC', 90, 0.00),
('19A-321', 'VN-A321', 'EC', 90, 0.00),
('19A-350', 'VN-A350', 'EC', 90, 4000000.00),
('19A-787', 'QH-B787', 'EC', 90, 0.00),
('19B-319', 'BL-A319', 'EC', 91, 0.00),
('19B-320', 'VJ-A320', 'EC', 91, 0.00),
('19B-321', 'VN-A321', 'EC', 91, 0.00),
('19B-350', 'VN-A350', 'EC', 91, 4000000.00),
('19B-787', 'QH-B787', 'EC', 91, 0.00),
('19C-319', 'BL-A319', 'EC', 92, 0.00),
('19C-320', 'VJ-A320', 'EC', 92, 0.00),
('19C-321', 'VN-A321', 'EC', 92, 0.00),
('19C-350', 'VN-A350', 'EC', 92, 4000000.00),
('19C-787', 'QH-B787', 'EC', 92, 0.00),
('19D-319', 'BL-A319', 'EC', 93, 0.00),
('19D-320', 'VJ-A320', 'EC', 93, 0.00),
('19D-321', 'VN-A321', 'EC', 93, 0.00),
('19D-350', 'VN-A350', 'EC', 93, 4000000.00),
('19D-787', 'QH-B787', 'EC', 93, 0.00),
('19E-319', 'BL-A319', 'EC', 94, 0.00),
('19E-320', 'VJ-A320', 'EC', 94, 0.00),
('19E-321', 'VN-A321', 'EC', 94, 0.00),
('19E-350', 'VN-A350', 'EC', 94, 4000000.00),
('19E-787', 'QH-B787', 'EC', 94, 0.00),
('1A-319', 'BL-A319', 'BC', 1, 0.00),
('1A-320', 'VJ-A320', 'BC', 1, 0.00),
('1A-321', 'VN-A321', 'BC', 1, 0.00),
('1A-350', 'VN-A350', 'BC', 1, 16000000.00),
('1A-787', 'QH-B787', 'BC', 1, 0.00),
('1B-319', 'BL-A319', 'BC', 2, 0.00),
('1B-320', 'VJ-A320', 'BC', 2, 0.00),
('1B-321', 'VN-A321', 'BC', 2, 0.00),
('1B-350', 'VN-A350', 'BC', 2, 16000000.00),
('1B-787', 'QH-B787', 'BC', 2, 0.00),
('1C-319', 'BL-A319', 'BC', 3, 0.00),
('1C-320', 'VJ-A320', 'BC', 3, 0.00),
('1C-321', 'VN-A321', 'BC', 3, 0.00),
('1C-350', 'VN-A350', 'BC', 3, 16000000.00),
('1C-787', 'QH-B787', 'BC', 3, 0.00),
('1D-319', 'BL-A319', 'BC', 4, 0.00),
('1D-320', 'VJ-A320', 'BC', 4, 0.00),
('1D-321', 'VN-A321', 'BC', 4, 0.00),
('1D-350', 'VN-A350', 'BC', 4, 16000000.00),
('1D-787', 'QH-B787', 'BC', 4, 0.00),
('1E-319', 'BL-A319', 'BC', 5, 0.00),
('1E-320', 'VJ-A320', 'BC', 5, 0.00),
('1E-321', 'VN-A321', 'BC', 5, 0.00),
('1E-350', 'VN-A350', 'BC', 5, 16000000.00),
('1E-787', 'QH-B787', 'BC', 5, 0.00),
('20A-319', 'BL-A319', 'EC', 95, 0.00),
('20A-320', 'VJ-A320', 'EC', 95, 0.00),
('20A-321', 'VN-A321', 'EC', 95, 0.00),
('20A-350', 'VN-A350', 'EC', 95, 4000000.00),
('20A-787', 'QH-B787', 'EC', 95, 0.00),
('20B-319', 'BL-A319', 'EC', 96, 0.00),
('20B-320', 'VJ-A320', 'EC', 96, 0.00),
('20B-321', 'VN-A321', 'EC', 96, 0.00),
('20B-350', 'VN-A350', 'EC', 96, 4000000.00),
('20B-787', 'QH-B787', 'EC', 96, 0.00),
('20C-319', 'BL-A319', 'EC', 97, 0.00),
('20C-320', 'VJ-A320', 'EC', 97, 0.00),
('20C-321', 'VN-A321', 'EC', 97, 0.00),
('20C-350', 'VN-A350', 'EC', 97, 4000000.00),
('20C-787', 'QH-B787', 'EC', 97, 0.00),
('20D-319', 'BL-A319', 'EC', 98, 0.00),
('20D-320', 'VJ-A320', 'EC', 98, 0.00),
('20D-321', 'VN-A321', 'EC', 98, 0.00),
('20D-350', 'VN-A350', 'EC', 98, 4000000.00),
('20D-787', 'QH-B787', 'EC', 98, 0.00),
('20E-319', 'BL-A319', 'EC', 99, 0.00),
('20E-320', 'VJ-A320', 'EC', 99, 0.00),
('20E-321', 'VN-A321', 'EC', 99, 0.00),
('20E-350', 'VN-A350', 'EC', 99, 4000000.00),
('20E-787', 'QH-B787', 'EC', 99, 0.00),
('21A-319', 'BL-A319', 'EC', 100, 0.00),
('21A-320', 'VJ-A320', 'EC', 100, 0.00),
('21A-321', 'VN-A321', 'EC', 100, 0.00),
('21A-350', 'VN-A350', 'EC', 100, 4000000.00),
('21A-787', 'QH-B787', 'EC', 100, 0.00),
('21B-319', 'BL-A319', 'EC', 101, 0.00),
('21B-320', 'VJ-A320', 'EC', 101, 0.00),
('21B-321', 'VN-A321', 'EC', 101, 0.00),
('21B-350', 'VN-A350', 'EC', 101, 4000000.00),
('21B-787', 'QH-B787', 'EC', 101, 0.00),
('21C-319', 'BL-A319', 'EC', 102, 0.00),
('21C-320', 'VJ-A320', 'EC', 102, 0.00),
('21C-321', 'VN-A321', 'EC', 102, 0.00),
('21C-350', 'VN-A350', 'EC', 102, 4000000.00),
('21C-787', 'QH-B787', 'EC', 102, 0.00),
('21D-319', 'BL-A319', 'EC', 103, 0.00),
('21D-320', 'VJ-A320', 'EC', 103, 0.00),
('21D-321', 'VN-A321', 'EC', 103, 0.00),
('21D-350', 'VN-A350', 'EC', 103, 4000000.00),
('21D-787', 'QH-B787', 'EC', 103, 0.00),
('21E-319', 'BL-A319', 'EC', 104, 0.00),
('21E-320', 'VJ-A320', 'EC', 104, 0.00),
('21E-321', 'VN-A321', 'EC', 104, 0.00),
('21E-350', 'VN-A350', 'EC', 104, 4000000.00),
('21E-787', 'QH-B787', 'EC', 104, 0.00),
('22A-319', 'BL-A319', 'EC', 105, 0.00),
('22A-320', 'VJ-A320', 'EC', 105, 0.00),
('22A-321', 'VN-A321', 'EC', 105, 0.00),
('22A-350', 'VN-A350', 'EC', 105, 4000000.00),
('22A-787', 'QH-B787', 'EC', 105, 0.00),
('22B-319', 'BL-A319', 'EC', 106, 0.00),
('22B-320', 'VJ-A320', 'EC', 106, 0.00),
('22B-321', 'VN-A321', 'EC', 106, 0.00),
('22B-350', 'VN-A350', 'EC', 106, 4000000.00),
('22B-787', 'QH-B787', 'EC', 106, 0.00),
('22C-319', 'BL-A319', 'EC', 107, 0.00),
('22C-320', 'VJ-A320', 'EC', 107, 0.00),
('22C-321', 'VN-A321', 'EC', 107, 0.00),
('22C-350', 'VN-A350', 'EC', 107, 4000000.00),
('22C-787', 'QH-B787', 'EC', 107, 0.00),
('22D-319', 'BL-A319', 'EC', 108, 0.00),
('22D-320', 'VJ-A320', 'EC', 108, 0.00),
('22D-321', 'VN-A321', 'EC', 108, 0.00),
('22D-350', 'VN-A350', 'EC', 108, 4000000.00),
('22D-787', 'QH-B787', 'EC', 108, 0.00),
('22E-319', 'BL-A319', 'EC', 109, 0.00),
('22E-320', 'VJ-A320', 'EC', 109, 0.00),
('22E-321', 'VN-A321', 'EC', 109, 0.00),
('22E-350', 'VN-A350', 'EC', 109, 4000000.00),
('22E-787', 'QH-B787', 'EC', 109, 0.00),
('23A-319', 'BL-A319', 'EC', 110, 0.00),
('23A-320', 'VJ-A320', 'EC', 110, 0.00),
('23A-321', 'VN-A321', 'EC', 110, 0.00),
('23A-350', 'VN-A350', 'EC', 110, 4000000.00),
('23A-787', 'QH-B787', 'EC', 110, 0.00),
('23B-319', 'BL-A319', 'EC', 111, 0.00),
('23B-320', 'VJ-A320', 'EC', 111, 0.00),
('23B-321', 'VN-A321', 'EC', 111, 0.00),
('23B-350', 'VN-A350', 'EC', 111, 4000000.00),
('23B-787', 'QH-B787', 'EC', 111, 0.00),
('23C-319', 'BL-A319', 'EC', 112, 0.00),
('23C-320', 'VJ-A320', 'EC', 112, 0.00),
('23C-321', 'VN-A321', 'EC', 112, 0.00),
('23C-350', 'VN-A350', 'EC', 112, 4000000.00),
('23C-787', 'QH-B787', 'EC', 112, 0.00),
('23D-319', 'BL-A319', 'EC', 113, 0.00),
('23D-320', 'VJ-A320', 'EC', 113, 0.00),
('23D-321', 'VN-A321', 'EC', 113, 0.00),
('23D-350', 'VN-A350', 'EC', 113, 4000000.00),
('23D-787', 'QH-B787', 'EC', 113, 0.00),
('23E-319', 'BL-A319', 'EC', 114, 0.00),
('23E-320', 'VJ-A320', 'EC', 114, 0.00),
('23E-321', 'VN-A321', 'EC', 114, 0.00),
('23E-350', 'VN-A350', 'EC', 114, 4000000.00),
('23E-787', 'QH-B787', 'EC', 114, 0.00),
('24A-319', 'BL-A319', 'EC', 115, 0.00),
('24A-320', 'VJ-A320', 'EC', 115, 0.00),
('24A-321', 'VN-A321', 'EC', 115, 0.00),
('24A-350', 'VN-A350', 'EC', 115, 4000000.00),
('24A-787', 'QH-B787', 'EC', 115, 0.00),
('24B-319', 'BL-A319', 'EC', 116, 0.00),
('24B-320', 'VJ-A320', 'EC', 116, 0.00),
('24B-321', 'VN-A321', 'EC', 116, 0.00),
('24B-350', 'VN-A350', 'EC', 116, 4000000.00),
('24B-787', 'QH-B787', 'EC', 116, 0.00),
('24C-319', 'BL-A319', 'EC', 117, 0.00),
('24C-320', 'VJ-A320', 'EC', 117, 0.00),
('24C-321', 'VN-A321', 'EC', 117, 0.00),
('24C-350', 'VN-A350', 'EC', 117, 4000000.00),
('24C-787', 'QH-B787', 'EC', 117, 0.00),
('24D-319', 'BL-A319', 'EC', 118, 0.00),
('24D-320', 'VJ-A320', 'EC', 118, 0.00),
('24D-321', 'VN-A321', 'EC', 118, 0.00),
('24D-350', 'VN-A350', 'EC', 118, 4000000.00),
('24D-787', 'QH-B787', 'EC', 118, 0.00),
('24E-319', 'BL-A319', 'EC', 119, 0.00),
('24E-320', 'VJ-A320', 'EC', 119, 0.00),
('24E-321', 'VN-A321', 'EC', 119, 0.00),
('24E-350', 'VN-A350', 'EC', 119, 4000000.00),
('24E-787', 'QH-B787', 'EC', 119, 0.00),
('25A-319', 'BL-A319', 'EC', 120, 0.00),
('25A-320', 'VJ-A320', 'EC', 120, 0.00),
('25A-321', 'VN-A321', 'EC', 120, 0.00),
('25A-350', 'VN-A350', 'EC', 120, 4000000.00),
('25A-787', 'QH-B787', 'EC', 120, 0.00),
('25B-319', 'BL-A319', 'EC', 121, 0.00),
('25B-320', 'VJ-A320', 'EC', 121, 0.00),
('25B-321', 'VN-A321', 'EC', 121, 0.00),
('25B-350', 'VN-A350', 'EC', 121, 4000000.00),
('25B-787', 'QH-B787', 'EC', 121, 0.00),
('25C-319', 'BL-A319', 'EC', 122, 0.00),
('25C-320', 'VJ-A320', 'EC', 122, 0.00),
('25C-321', 'VN-A321', 'EC', 122, 0.00),
('25C-350', 'VN-A350', 'EC', 122, 4000000.00),
('25C-787', 'QH-B787', 'EC', 122, 0.00),
('25D-319', 'BL-A319', 'EC', 123, 0.00),
('25D-320', 'VJ-A320', 'EC', 123, 0.00),
('25D-321', 'VN-A321', 'EC', 123, 0.00),
('25D-350', 'VN-A350', 'EC', 123, 4000000.00),
('25D-787', 'QH-B787', 'EC', 123, 0.00),
('25E-319', 'BL-A319', 'EC', 124, 0.00),
('25E-320', 'VJ-A320', 'EC', 124, 0.00),
('25E-321', 'VN-A321', 'EC', 124, 0.00),
('25E-350', 'VN-A350', 'EC', 124, 4000000.00),
('25E-787', 'QH-B787', 'EC', 124, 0.00),
('26A-319', 'BL-A319', 'EC', 125, 0.00),
('26A-320', 'VJ-A320', 'EC', 125, 0.00),
('26A-321', 'VN-A321', 'EC', 125, 0.00),
('26A-350', 'VN-A350', 'EC', 125, 4000000.00),
('26A-787', 'QH-B787', 'EC', 125, 0.00),
('26B-319', 'BL-A319', 'EC', 126, 0.00),
('26B-320', 'VJ-A320', 'EC', 126, 0.00),
('26B-321', 'VN-A321', 'EC', 126, 0.00),
('26B-350', 'VN-A350', 'EC', 126, 4000000.00),
('26B-787', 'QH-B787', 'EC', 126, 0.00),
('26C-319', 'BL-A319', 'EC', 127, 0.00),
('26C-320', 'VJ-A320', 'EC', 127, 0.00),
('26C-321', 'VN-A321', 'EC', 127, 0.00),
('26C-350', 'VN-A350', 'EC', 127, 4000000.00),
('26C-787', 'QH-B787', 'EC', 127, 0.00),
('26D-319', 'BL-A319', 'EC', 128, 0.00),
('26D-320', 'VJ-A320', 'EC', 128, 0.00),
('26D-321', 'VN-A321', 'EC', 128, 0.00),
('26D-350', 'VN-A350', 'EC', 128, 4000000.00),
('26D-787', 'QH-B787', 'EC', 128, 0.00),
('26E-319', 'BL-A319', 'EC', 129, 0.00),
('26E-320', 'VJ-A320', 'EC', 129, 0.00),
('26E-321', 'VN-A321', 'EC', 129, 0.00),
('26E-350', 'VN-A350', 'EC', 129, 4000000.00),
('26E-787', 'QH-B787', 'EC', 129, 0.00),
('27A-319', 'BL-A319', 'EC', 130, 0.00),
('27A-320', 'VJ-A320', 'EC', 130, 0.00),
('27A-321', 'VN-A321', 'EC', 130, 0.00),
('27A-350', 'VN-A350', 'EC', 130, 4000000.00),
('27A-787', 'QH-B787', 'EC', 130, 0.00),
('27B-319', 'BL-A319', 'EC', 131, 0.00),
('27B-320', 'VJ-A320', 'EC', 131, 0.00),
('27B-321', 'VN-A321', 'EC', 131, 0.00),
('27B-350', 'VN-A350', 'EC', 131, 4000000.00),
('27B-787', 'QH-B787', 'EC', 131, 0.00),
('27C-319', 'BL-A319', 'EC', 132, 0.00),
('27C-320', 'VJ-A320', 'EC', 132, 0.00),
('27C-321', 'VN-A321', 'EC', 132, 0.00),
('27C-350', 'VN-A350', 'EC', 132, 4000000.00),
('27C-787', 'QH-B787', 'EC', 132, 0.00),
('27D-319', 'BL-A319', 'EC', 133, 0.00),
('27D-320', 'VJ-A320', 'EC', 133, 0.00),
('27D-321', 'VN-A321', 'EC', 133, 0.00),
('27D-350', 'VN-A350', 'EC', 133, 4000000.00),
('27D-787', 'QH-B787', 'EC', 133, 0.00),
('27E-319', 'BL-A319', 'EC', 134, 0.00),
('27E-320', 'VJ-A320', 'EC', 134, 0.00),
('27E-321', 'VN-A321', 'EC', 134, 0.00),
('27E-350', 'VN-A350', 'EC', 134, 4000000.00),
('27E-787', 'QH-B787', 'EC', 134, 0.00),
('28A-319', 'BL-A319', 'EC', 135, 0.00),
('28A-320', 'VJ-A320', 'EC', 135, 0.00),
('28A-321', 'VN-A321', 'EC', 135, 0.00),
('28A-350', 'VN-A350', 'EC', 135, 4000000.00),
('28A-787', 'QH-B787', 'EC', 135, 0.00),
('28B-319', 'BL-A319', 'EC', 136, 0.00),
('28B-320', 'VJ-A320', 'EC', 136, 0.00),
('28B-321', 'VN-A321', 'EC', 136, 0.00),
('28B-350', 'VN-A350', 'EC', 136, 4000000.00),
('28B-787', 'QH-B787', 'EC', 136, 0.00),
('28C-319', 'BL-A319', 'EC', 137, 0.00),
('28C-320', 'VJ-A320', 'EC', 137, 0.00),
('28C-321', 'VN-A321', 'EC', 137, 0.00),
('28C-350', 'VN-A350', 'EC', 137, 4000000.00),
('28C-787', 'QH-B787', 'EC', 137, 0.00),
('28D-319', 'BL-A319', 'EC', 138, 0.00),
('28D-320', 'VJ-A320', 'EC', 138, 0.00),
('28D-321', 'VN-A321', 'EC', 138, 0.00),
('28D-350', 'VN-A350', 'EC', 138, 4000000.00),
('28D-787', 'QH-B787', 'EC', 138, 0.00),
('28E-319', 'BL-A319', 'EC', 139, 0.00),
('28E-320', 'VJ-A320', 'EC', 139, 0.00),
('28E-321', 'VN-A321', 'EC', 139, 0.00),
('28E-350', 'VN-A350', 'EC', 139, 4000000.00),
('28E-787', 'QH-B787', 'EC', 139, 0.00),
('29A-319', 'BL-A319', 'EC', 140, 0.00),
('29A-320', 'VJ-A320', 'EC', 140, 0.00),
('29A-321', 'VN-A321', 'EC', 140, 0.00),
('29A-350', 'VN-A350', 'EC', 140, 4000000.00),
('29A-787', 'QH-B787', 'EC', 140, 0.00),
('29B-319', 'BL-A319', 'EC', 141, 0.00),
('29B-320', 'VJ-A320', 'EC', 141, 0.00),
('29B-321', 'VN-A321', 'EC', 141, 0.00),
('29B-350', 'VN-A350', 'EC', 141, 4000000.00),
('29B-787', 'QH-B787', 'EC', 141, 0.00),
('29C-319', 'BL-A319', 'EC', 142, 0.00),
('29C-320', 'VJ-A320', 'EC', 142, 0.00),
('29C-321', 'VN-A321', 'EC', 142, 0.00),
('29C-350', 'VN-A350', 'EC', 142, 4000000.00),
('29C-787', 'QH-B787', 'EC', 142, 0.00),
('29D-319', 'BL-A319', 'EC', 143, 0.00),
('29D-320', 'VJ-A320', 'EC', 143, 0.00),
('29D-321', 'VN-A321', 'EC', 143, 0.00),
('29D-350', 'VN-A350', 'EC', 143, 4000000.00),
('29D-787', 'QH-B787', 'EC', 143, 0.00),
('29E-319', 'BL-A319', 'EC', 144, 0.00),
('29E-320', 'VJ-A320', 'EC', 144, 0.00),
('29E-321', 'VN-A321', 'EC', 144, 0.00),
('29E-350', 'VN-A350', 'EC', 144, 4000000.00),
('29E-787', 'QH-B787', 'EC', 144, 0.00),
('2A-319', 'BL-A319', 'BC', 6, 0.00),
('2A-320', 'VJ-A320', 'BC', 6, 0.00),
('2A-321', 'VN-A321', 'BC', 6, 0.00),
('2A-350', 'VN-A350', 'BC', 6, 16000000.00),
('2A-787', 'QH-B787', 'BC', 6, 0.00),
('2B-319', 'BL-A319', 'BC', 7, 0.00),
('2B-320', 'VJ-A320', 'BC', 7, 0.00),
('2B-321', 'VN-A321', 'BC', 7, 0.00),
('2B-350', 'VN-A350', 'BC', 7, 16000000.00),
('2B-787', 'QH-B787', 'BC', 7, 0.00),
('2C-319', 'BL-A319', 'BC', 8, 0.00),
('2C-320', 'VJ-A320', 'BC', 8, 0.00),
('2C-321', 'VN-A321', 'BC', 8, 0.00),
('2C-350', 'VN-A350', 'BC', 8, 16000000.00),
('2C-787', 'QH-B787', 'BC', 8, 0.00),
('2D-319', 'BL-A319', 'BC', 9, 0.00),
('2D-320', 'VJ-A320', 'BC', 9, 0.00),
('2D-321', 'VN-A321', 'BC', 9, 0.00),
('2D-350', 'VN-A350', 'BC', 9, 16000000.00),
('2D-787', 'QH-B787', 'BC', 9, 0.00),
('2E-319', 'BL-A319', 'BC', 10, 0.00),
('2E-320', 'VJ-A320', 'BC', 10, 0.00),
('2E-321', 'VN-A321', 'BC', 10, 0.00),
('2E-350', 'VN-A350', 'BC', 10, 16000000.00),
('2E-787', 'QH-B787', 'BC', 10, 0.00),
('30A-319', 'BL-A319', 'EC', 145, 0.00),
('30A-320', 'VJ-A320', 'EC', 145, 0.00),
('30A-321', 'VN-A321', 'EC', 145, 0.00),
('30A-350', 'VN-A350', 'EC', 145, 4000000.00),
('30A-787', 'QH-B787', 'EC', 145, 0.00),
('30B-319', 'BL-A319', 'EC', 146, 0.00),
('30B-320', 'VJ-A320', 'EC', 146, 0.00),
('30B-321', 'VN-A321', 'EC', 146, 0.00),
('30B-350', 'VN-A350', 'EC', 146, 4000000.00),
('30B-787', 'QH-B787', 'EC', 146, 0.00),
('30C-319', 'BL-A319', 'EC', 147, 0.00),
('30C-320', 'VJ-A320', 'EC', 147, 0.00),
('30C-321', 'VN-A321', 'EC', 147, 0.00),
('30C-350', 'VN-A350', 'EC', 147, 4000000.00),
('30C-787', 'QH-B787', 'EC', 147, 0.00),
('30D-319', 'BL-A319', 'EC', 148, 0.00),
('30D-320', 'VJ-A320', 'EC', 148, 0.00),
('30D-321', 'VN-A321', 'EC', 148, 0.00),
('30D-350', 'VN-A350', 'EC', 148, 4000000.00),
('30D-787', 'QH-B787', 'EC', 148, 0.00),
('30E-319', 'BL-A319', 'EC', 149, 0.00),
('30E-320', 'VJ-A320', 'EC', 149, 0.00),
('30E-321', 'VN-A321', 'EC', 149, 0.00),
('30E-350', 'VN-A350', 'EC', 149, 4000000.00),
('30E-787', 'QH-B787', 'EC', 149, 0.00),
('31A-319', 'BL-A319', 'EC', 150, 0.00),
('31A-320', 'VJ-A320', 'EC', 150, 0.00),
('31A-321', 'VN-A321', 'EC', 150, 0.00),
('31A-350', 'VN-A350', 'EC', 150, 4000000.00),
('31A-787', 'QH-B787', 'EC', 150, 0.00),
('31B-319', 'BL-A319', 'EC', 151, 0.00),
('31B-320', 'VJ-A320', 'EC', 151, 0.00),
('31B-321', 'VN-A321', 'EC', 151, 0.00),
('31B-350', 'VN-A350', 'EC', 151, 4000000.00),
('31B-787', 'QH-B787', 'EC', 151, 0.00),
('31C-319', 'BL-A319', 'EC', 152, 0.00),
('31C-320', 'VJ-A320', 'EC', 152, 0.00),
('31C-321', 'VN-A321', 'EC', 152, 0.00),
('31C-350', 'VN-A350', 'EC', 152, 4000000.00),
('31C-787', 'QH-B787', 'EC', 152, 0.00),
('31D-319', 'BL-A319', 'EC', 153, 0.00),
('31D-320', 'VJ-A320', 'EC', 153, 0.00),
('31D-321', 'VN-A321', 'EC', 153, 0.00),
('31D-350', 'VN-A350', 'EC', 153, 4000000.00),
('31D-787', 'QH-B787', 'EC', 153, 0.00),
('31E-319', 'BL-A319', 'EC', 154, 0.00),
('31E-320', 'VJ-A320', 'EC', 154, 0.00),
('31E-321', 'VN-A321', 'EC', 154, 0.00),
('31E-350', 'VN-A350', 'EC', 154, 4000000.00),
('31E-787', 'QH-B787', 'EC', 154, 0.00),
('32A-319', 'BL-A319', 'EC', 155, 0.00),
('32A-320', 'VJ-A320', 'EC', 155, 0.00),
('32A-321', 'VN-A321', 'EC', 155, 0.00),
('32A-350', 'VN-A350', 'EC', 155, 4000000.00),
('32A-787', 'QH-B787', 'EC', 155, 0.00),
('32B-319', 'BL-A319', 'EC', 156, 0.00),
('32B-320', 'VJ-A320', 'EC', 156, 0.00),
('32B-321', 'VN-A321', 'EC', 156, 0.00),
('32B-350', 'VN-A350', 'EC', 156, 4000000.00),
('32B-787', 'QH-B787', 'EC', 156, 0.00),
('32C-319', 'BL-A319', 'EC', 157, 0.00),
('32C-320', 'VJ-A320', 'EC', 157, 0.00),
('32C-321', 'VN-A321', 'EC', 157, 0.00),
('32C-350', 'VN-A350', 'EC', 157, 4000000.00),
('32C-787', 'QH-B787', 'EC', 157, 0.00),
('32D-319', 'BL-A319', 'EC', 158, 0.00),
('32D-320', 'VJ-A320', 'EC', 158, 0.00),
('32D-321', 'VN-A321', 'EC', 158, 0.00),
('32D-350', 'VN-A350', 'EC', 158, 4000000.00),
('32D-787', 'QH-B787', 'EC', 158, 0.00),
('32E-319', 'BL-A319', 'EC', 159, 0.00),
('32E-320', 'VJ-A320', 'EC', 159, 0.00),
('32E-321', 'VN-A321', 'EC', 159, 0.00),
('32E-350', 'VN-A350', 'EC', 159, 4000000.00),
('32E-787', 'QH-B787', 'EC', 159, 0.00),
('33A-319', 'BL-A319', 'EC', 160, 0.00),
('33A-320', 'VJ-A320', 'EC', 160, 0.00),
('33A-321', 'VN-A321', 'EC', 160, 0.00),
('33A-350', 'VN-A350', 'EC', 160, 4000000.00),
('33A-787', 'QH-B787', 'EC', 160, 0.00),
('33B-319', 'BL-A319', 'EC', 161, 0.00),
('33B-320', 'VJ-A320', 'EC', 161, 0.00),
('33B-321', 'VN-A321', 'EC', 161, 0.00),
('33B-350', 'VN-A350', 'EC', 161, 4000000.00),
('33B-787', 'QH-B787', 'EC', 161, 0.00),
('33C-319', 'BL-A319', 'EC', 162, 0.00),
('33C-320', 'VJ-A320', 'EC', 162, 0.00),
('33C-321', 'VN-A321', 'EC', 162, 0.00),
('33C-350', 'VN-A350', 'EC', 162, 4000000.00),
('33C-787', 'QH-B787', 'EC', 162, 0.00),
('33D-319', 'BL-A319', 'EC', 163, 0.00),
('33D-320', 'VJ-A320', 'EC', 163, 0.00),
('33D-321', 'VN-A321', 'EC', 163, 0.00),
('33D-350', 'VN-A350', 'EC', 163, 4000000.00),
('33D-787', 'QH-B787', 'EC', 163, 0.00),
('33E-319', 'BL-A319', 'EC', 164, 0.00),
('33E-320', 'VJ-A320', 'EC', 164, 0.00),
('33E-321', 'VN-A321', 'EC', 164, 0.00),
('33E-350', 'VN-A350', 'EC', 164, 4000000.00),
('33E-787', 'QH-B787', 'EC', 164, 0.00),
('34A-319', 'BL-A319', 'EC', 165, 0.00),
('34A-320', 'VJ-A320', 'EC', 165, 0.00),
('34A-321', 'VN-A321', 'EC', 165, 0.00),
('34A-350', 'VN-A350', 'EC', 165, 4000000.00),
('34A-787', 'QH-B787', 'EC', 165, 0.00),
('34B-319', 'BL-A319', 'EC', 166, 0.00),
('34B-320', 'VJ-A320', 'EC', 166, 0.00),
('34B-321', 'VN-A321', 'EC', 166, 0.00),
('34B-350', 'VN-A350', 'EC', 166, 4000000.00),
('34B-787', 'QH-B787', 'EC', 166, 0.00),
('34C-319', 'BL-A319', 'EC', 167, 0.00),
('34C-320', 'VJ-A320', 'EC', 167, 0.00),
('34C-321', 'VN-A321', 'EC', 167, 0.00),
('34C-350', 'VN-A350', 'EC', 167, 4000000.00),
('34C-787', 'QH-B787', 'EC', 167, 0.00),
('34D-319', 'BL-A319', 'EC', 168, 0.00),
('34D-320', 'VJ-A320', 'EC', 168, 0.00),
('34D-321', 'VN-A321', 'EC', 168, 0.00),
('34D-350', 'VN-A350', 'EC', 168, 4000000.00),
('34D-787', 'QH-B787', 'EC', 168, 0.00),
('34E-319', 'BL-A319', 'EC', 169, 0.00),
('34E-320', 'VJ-A320', 'EC', 169, 0.00),
('34E-321', 'VN-A321', 'EC', 169, 0.00),
('34E-350', 'VN-A350', 'EC', 169, 4000000.00),
('34E-787', 'QH-B787', 'EC', 169, 0.00),
('35A-319', 'BL-A319', 'EC', 170, 0.00),
('35A-320', 'VJ-A320', 'EC', 170, 0.00),
('35A-321', 'VN-A321', 'EC', 170, 0.00),
('35A-350', 'VN-A350', 'EC', 170, 4000000.00),
('35A-787', 'QH-B787', 'EC', 170, 0.00),
('35B-319', 'BL-A319', 'EC', 171, 0.00),
('35B-320', 'VJ-A320', 'EC', 171, 0.00),
('35B-321', 'VN-A321', 'EC', 171, 0.00),
('35B-350', 'VN-A350', 'EC', 171, 4000000.00),
('35B-787', 'QH-B787', 'EC', 171, 0.00),
('35C-319', 'BL-A319', 'EC', 172, 0.00),
('35C-320', 'VJ-A320', 'EC', 172, 0.00),
('35C-321', 'VN-A321', 'EC', 172, 0.00),
('35C-350', 'VN-A350', 'EC', 172, 4000000.00),
('35C-787', 'QH-B787', 'EC', 172, 0.00),
('35D-319', 'BL-A319', 'EC', 173, 0.00),
('35D-320', 'VJ-A320', 'EC', 173, 0.00),
('35D-321', 'VN-A321', 'EC', 173, 0.00),
('35D-350', 'VN-A350', 'EC', 173, 4000000.00),
('35D-787', 'QH-B787', 'EC', 173, 0.00),
('35E-319', 'BL-A319', 'EC', 174, 0.00),
('35E-320', 'VJ-A320', 'EC', 174, 0.00),
('35E-321', 'VN-A321', 'EC', 174, 0.00),
('35E-350', 'VN-A350', 'EC', 174, 4000000.00),
('35E-787', 'QH-B787', 'EC', 174, 0.00),
('36A-319', 'BL-A319', 'EC', 175, 0.00),
('36A-320', 'VJ-A320', 'EC', 175, 0.00),
('36A-321', 'VN-A321', 'EC', 175, 0.00),
('36A-350', 'VN-A350', 'EC', 175, 4000000.00),
('36A-787', 'QH-B787', 'EC', 175, 0.00),
('36B-319', 'BL-A319', 'EC', 176, 0.00),
('36B-320', 'VJ-A320', 'EC', 176, 0.00),
('36B-321', 'VN-A321', 'EC', 176, 0.00),
('36B-350', 'VN-A350', 'EC', 176, 4000000.00),
('36B-787', 'QH-B787', 'EC', 176, 0.00),
('36C-319', 'BL-A319', 'EC', 177, 0.00),
('36C-320', 'VJ-A320', 'EC', 177, 0.00),
('36C-321', 'VN-A321', 'EC', 177, 0.00),
('36C-350', 'VN-A350', 'EC', 177, 4000000.00),
('36C-787', 'QH-B787', 'EC', 177, 0.00),
('36D-319', 'BL-A319', 'EC', 178, 0.00),
('36D-320', 'VJ-A320', 'EC', 178, 0.00),
('36D-321', 'VN-A321', 'EC', 178, 0.00),
('36D-350', 'VN-A350', 'EC', 178, 4000000.00),
('36D-787', 'QH-B787', 'EC', 178, 0.00),
('36E-319', 'BL-A319', 'EC', 179, 0.00),
('36E-320', 'VJ-A320', 'EC', 179, 0.00),
('36E-321', 'VN-A321', 'EC', 179, 0.00),
('36E-350', 'VN-A350', 'EC', 179, 4000000.00),
('36E-787', 'QH-B787', 'EC', 179, 0.00),
('37A-319', 'BL-A319', 'EC', 180, 0.00),
('37A-320', 'VJ-A320', 'EC', 180, 0.00),
('37A-321', 'VN-A321', 'EC', 180, 0.00),
('37A-350', 'VN-A350', 'EC', 180, 4000000.00),
('37A-787', 'QH-B787', 'EC', 180, 0.00),
('37B-319', 'BL-A319', 'EC', 181, 0.00),
('37B-320', 'VJ-A320', 'EC', 181, 0.00),
('37B-321', 'VN-A321', 'EC', 181, 0.00),
('37B-350', 'VN-A350', 'EC', 181, 4000000.00),
('37B-787', 'QH-B787', 'EC', 181, 0.00),
('37C-319', 'BL-A319', 'EC', 182, 0.00),
('37C-320', 'VJ-A320', 'EC', 182, 0.00),
('37C-321', 'VN-A321', 'EC', 182, 0.00),
('37C-350', 'VN-A350', 'EC', 182, 4000000.00),
('37C-787', 'QH-B787', 'EC', 182, 0.00),
('37D-319', 'BL-A319', 'EC', 183, 0.00),
('37D-320', 'VJ-A320', 'EC', 183, 0.00),
('37D-321', 'VN-A321', 'EC', 183, 0.00),
('37D-350', 'VN-A350', 'EC', 183, 4000000.00),
('37D-787', 'QH-B787', 'EC', 183, 0.00),
('37E-319', 'BL-A319', 'EC', 184, 0.00),
('37E-320', 'VJ-A320', 'EC', 184, 0.00),
('37E-321', 'VN-A321', 'EC', 184, 0.00),
('37E-350', 'VN-A350', 'EC', 184, 4000000.00),
('37E-787', 'QH-B787', 'EC', 184, 0.00),
('38A-319', 'BL-A319', 'EC', 185, 0.00),
('38A-320', 'VJ-A320', 'EC', 185, 0.00),
('38A-321', 'VN-A321', 'EC', 185, 0.00),
('38A-350', 'VN-A350', 'EC', 185, 4000000.00),
('38A-787', 'QH-B787', 'EC', 185, 0.00),
('38B-319', 'BL-A319', 'EC', 186, 0.00),
('38B-320', 'VJ-A320', 'EC', 186, 0.00),
('38B-321', 'VN-A321', 'EC', 186, 0.00),
('38B-350', 'VN-A350', 'EC', 186, 4000000.00),
('38B-787', 'QH-B787', 'EC', 186, 0.00),
('38C-319', 'BL-A319', 'EC', 187, 0.00),
('38C-320', 'VJ-A320', 'EC', 187, 0.00),
('38C-321', 'VN-A321', 'EC', 187, 0.00),
('38C-350', 'VN-A350', 'EC', 187, 4000000.00),
('38C-787', 'QH-B787', 'EC', 187, 0.00),
('38D-319', 'BL-A319', 'EC', 188, 0.00),
('38D-320', 'VJ-A320', 'EC', 188, 0.00),
('38D-321', 'VN-A321', 'EC', 188, 0.00),
('38D-350', 'VN-A350', 'EC', 188, 4000000.00),
('38D-787', 'QH-B787', 'EC', 188, 0.00),
('38E-319', 'BL-A319', 'EC', 189, 0.00),
('38E-320', 'VJ-A320', 'EC', 189, 0.00),
('38E-321', 'VN-A321', 'EC', 189, 0.00),
('38E-350', 'VN-A350', 'EC', 189, 4000000.00),
('38E-787', 'QH-B787', 'EC', 189, 0.00),
('39A-319', 'BL-A319', 'EC', 190, 0.00),
('39A-320', 'VJ-A320', 'EC', 190, 0.00),
('39A-321', 'VN-A321', 'EC', 190, 0.00),
('39A-350', 'VN-A350', 'EC', 190, 4000000.00),
('39A-787', 'QH-B787', 'EC', 190, 0.00),
('39B-319', 'BL-A319', 'EC', 191, 0.00),
('39B-320', 'VJ-A320', 'EC', 191, 0.00),
('39B-321', 'VN-A321', 'EC', 191, 0.00),
('39B-350', 'VN-A350', 'EC', 191, 4000000.00),
('39B-787', 'QH-B787', 'EC', 191, 0.00),
('39C-319', 'BL-A319', 'EC', 192, 0.00),
('39C-320', 'VJ-A320', 'EC', 192, 0.00),
('39C-321', 'VN-A321', 'EC', 192, 0.00),
('39C-350', 'VN-A350', 'EC', 192, 4000000.00),
('39C-787', 'QH-B787', 'EC', 192, 0.00),
('39D-319', 'BL-A319', 'EC', 193, 0.00),
('39D-320', 'VJ-A320', 'EC', 193, 0.00),
('39D-321', 'VN-A321', 'EC', 193, 0.00),
('39D-350', 'VN-A350', 'EC', 193, 4000000.00),
('39D-787', 'QH-B787', 'EC', 193, 0.00),
('39E-319', 'BL-A319', 'EC', 194, 0.00),
('39E-320', 'VJ-A320', 'EC', 194, 0.00),
('39E-321', 'VN-A321', 'EC', 194, 0.00),
('39E-350', 'VN-A350', 'EC', 194, 4000000.00),
('39E-787', 'QH-B787', 'EC', 194, 0.00),
('3A-319', 'BL-A319', 'BC', 11, 0.00),
('3A-320', 'VJ-A320', 'BC', 11, 0.00),
('3A-321', 'VN-A321', 'BC', 11, 0.00),
('3A-350', 'VN-A350', 'BC', 11, 16000000.00),
('3A-787', 'QH-B787', 'BC', 11, 0.00),
('3B-319', 'BL-A319', 'BC', 12, 0.00),
('3B-320', 'VJ-A320', 'BC', 12, 0.00),
('3B-321', 'VN-A321', 'BC', 12, 0.00),
('3B-350', 'VN-A350', 'BC', 12, 16000000.00),
('3B-787', 'QH-B787', 'BC', 12, 0.00),
('3C-319', 'BL-A319', 'BC', 13, 0.00),
('3C-320', 'VJ-A320', 'BC', 13, 0.00),
('3C-321', 'VN-A321', 'BC', 13, 0.00),
('3C-350', 'VN-A350', 'BC', 13, 16000000.00),
('3C-787', 'QH-B787', 'BC', 13, 0.00),
('3D-319', 'BL-A319', 'BC', 14, 0.00),
('3D-320', 'VJ-A320', 'BC', 14, 0.00),
('3D-321', 'VN-A321', 'BC', 14, 0.00),
('3D-350', 'VN-A350', 'BC', 14, 16000000.00),
('3D-787', 'QH-B787', 'BC', 14, 0.00),
('3E-319', 'BL-A319', 'BC', 15, 0.00),
('3E-320', 'VJ-A320', 'BC', 15, 0.00),
('3E-321', 'VN-A321', 'BC', 15, 0.00),
('3E-350', 'VN-A350', 'BC', 15, 16000000.00),
('3E-787', 'QH-B787', 'BC', 15, 0.00),
('40A-319', 'BL-A319', 'EC', 195, 0.00),
('40A-320', 'VJ-A320', 'EC', 195, 0.00),
('40A-321', 'VN-A321', 'EC', 195, 0.00),
('40A-350', 'VN-A350', 'EC', 195, 4000000.00),
('40A-787', 'QH-B787', 'EC', 195, 0.00),
('40B-319', 'BL-A319', 'EC', 196, 0.00),
('40B-320', 'VJ-A320', 'EC', 196, 0.00),
('40B-321', 'VN-A321', 'EC', 196, 0.00),
('40B-350', 'VN-A350', 'EC', 196, 4000000.00),
('40B-787', 'QH-B787', 'EC', 196, 0.00),
('40C-319', 'BL-A319', 'EC', 197, 0.00),
('40C-320', 'VJ-A320', 'EC', 197, 0.00),
('40C-321', 'VN-A321', 'EC', 197, 0.00),
('40C-350', 'VN-A350', 'EC', 197, 4000000.00),
('40C-787', 'QH-B787', 'EC', 197, 0.00),
('40D-319', 'BL-A319', 'EC', 198, 0.00),
('40D-320', 'VJ-A320', 'EC', 198, 0.00),
('40D-321', 'VN-A321', 'EC', 198, 0.00),
('40D-350', 'VN-A350', 'EC', 198, 4000000.00),
('40D-787', 'QH-B787', 'EC', 198, 0.00),
('40E-319', 'BL-A319', 'EC', 199, 0.00),
('40E-320', 'VJ-A320', 'EC', 199, 0.00),
('40E-321', 'VN-A321', 'EC', 199, 0.00),
('40E-350', 'VN-A350', 'EC', 199, 4000000.00),
('40E-787', 'QH-B787', 'EC', 199, 0.00),
('41A-319', 'BL-A319', 'EC', 200, 0.00),
('41A-320', 'VJ-A320', 'EC', 200, 0.00),
('41A-321', 'VN-A321', 'EC', 200, 0.00),
('41A-350', 'VN-A350', 'EC', 200, 4000000.00),
('41A-787', 'QH-B787', 'EC', 200, 0.00),
('41B-319', 'BL-A319', 'EC', 201, 0.00),
('41B-320', 'VJ-A320', 'EC', 201, 0.00),
('41B-321', 'VN-A321', 'EC', 201, 0.00),
('41B-350', 'VN-A350', 'EC', 201, 4000000.00),
('41B-787', 'QH-B787', 'EC', 201, 0.00),
('41C-319', 'BL-A319', 'EC', 202, 0.00),
('41C-320', 'VJ-A320', 'EC', 202, 0.00),
('41C-321', 'VN-A321', 'EC', 202, 0.00),
('41C-350', 'VN-A350', 'EC', 202, 4000000.00),
('41C-787', 'QH-B787', 'EC', 202, 0.00),
('41D-319', 'BL-A319', 'EC', 203, 0.00),
('41D-320', 'VJ-A320', 'EC', 203, 0.00),
('41D-321', 'VN-A321', 'EC', 203, 0.00),
('41D-350', 'VN-A350', 'EC', 203, 4000000.00),
('41D-787', 'QH-B787', 'EC', 203, 0.00),
('41E-319', 'BL-A319', 'EC', 204, 0.00),
('41E-320', 'VJ-A320', 'EC', 204, 0.00),
('41E-321', 'VN-A321', 'EC', 204, 0.00),
('41E-350', 'VN-A350', 'EC', 204, 4000000.00),
('41E-787', 'QH-B787', 'EC', 204, 0.00),
('42A-319', 'BL-A319', 'EC', 205, 0.00),
('42A-320', 'VJ-A320', 'EC', 205, 0.00),
('42A-321', 'VN-A321', 'EC', 205, 0.00),
('42A-350', 'VN-A350', 'EC', 205, 4000000.00),
('42A-787', 'QH-B787', 'EC', 205, 0.00),
('42B-319', 'BL-A319', 'EC', 206, 0.00),
('42B-320', 'VJ-A320', 'EC', 206, 0.00),
('42B-321', 'VN-A321', 'EC', 206, 0.00),
('42B-350', 'VN-A350', 'EC', 206, 4000000.00),
('42B-787', 'QH-B787', 'EC', 206, 0.00),
('42C-319', 'BL-A319', 'EC', 207, 0.00),
('42C-320', 'VJ-A320', 'EC', 207, 0.00),
('42C-321', 'VN-A321', 'EC', 207, 0.00),
('42C-350', 'VN-A350', 'EC', 207, 4000000.00),
('42C-787', 'QH-B787', 'EC', 207, 0.00),
('42D-319', 'BL-A319', 'EC', 208, 0.00),
('42D-320', 'VJ-A320', 'EC', 208, 0.00),
('42D-321', 'VN-A321', 'EC', 208, 0.00),
('42D-350', 'VN-A350', 'EC', 208, 4000000.00),
('42D-787', 'QH-B787', 'EC', 208, 0.00),
('42E-319', 'BL-A319', 'EC', 209, 0.00),
('42E-320', 'VJ-A320', 'EC', 209, 0.00),
('42E-321', 'VN-A321', 'EC', 209, 0.00),
('42E-350', 'VN-A350', 'EC', 209, 4000000.00),
('42E-787', 'QH-B787', 'EC', 209, 0.00),
('43A-319', 'BL-A319', 'EC', 210, 0.00),
('43A-320', 'VJ-A320', 'EC', 210, 0.00),
('43A-321', 'VN-A321', 'EC', 210, 0.00),
('43A-350', 'VN-A350', 'EC', 210, 4000000.00),
('43A-787', 'QH-B787', 'EC', 210, 0.00),
('43B-319', 'BL-A319', 'EC', 211, 0.00),
('43B-320', 'VJ-A320', 'EC', 211, 0.00),
('43B-321', 'VN-A321', 'EC', 211, 0.00),
('43B-350', 'VN-A350', 'EC', 211, 4000000.00),
('43B-787', 'QH-B787', 'EC', 211, 0.00),
('43C-319', 'BL-A319', 'EC', 212, 0.00),
('43C-320', 'VJ-A320', 'EC', 212, 0.00),
('43C-321', 'VN-A321', 'EC', 212, 0.00),
('43C-350', 'VN-A350', 'EC', 212, 4000000.00),
('43C-787', 'QH-B787', 'EC', 212, 0.00),
('43D-319', 'BL-A319', 'EC', 213, 0.00),
('43D-320', 'VJ-A320', 'EC', 213, 0.00),
('43D-321', 'VN-A321', 'EC', 213, 0.00),
('43D-350', 'VN-A350', 'EC', 213, 4000000.00),
('43D-787', 'QH-B787', 'EC', 213, 0.00),
('43E-319', 'BL-A319', 'EC', 214, 0.00),
('43E-320', 'VJ-A320', 'EC', 214, 0.00),
('43E-321', 'VN-A321', 'EC', 214, 0.00),
('43E-350', 'VN-A350', 'EC', 214, 4000000.00),
('43E-787', 'QH-B787', 'EC', 214, 0.00),
('44A-319', 'BL-A319', 'EC', 215, 0.00),
('44A-320', 'VJ-A320', 'EC', 215, 0.00),
('44A-321', 'VN-A321', 'EC', 215, 0.00),
('44A-350', 'VN-A350', 'EC', 215, 4000000.00),
('44A-787', 'QH-B787', 'EC', 215, 0.00),
('44B-319', 'BL-A319', 'EC', 216, 0.00),
('44B-320', 'VJ-A320', 'EC', 216, 0.00),
('44B-321', 'VN-A321', 'EC', 216, 0.00),
('44B-350', 'VN-A350', 'EC', 216, 4000000.00),
('44B-787', 'QH-B787', 'EC', 216, 0.00),
('44C-319', 'BL-A319', 'EC', 217, 0.00),
('44C-320', 'VJ-A320', 'EC', 217, 0.00),
('44C-321', 'VN-A321', 'EC', 217, 0.00),
('44C-350', 'VN-A350', 'EC', 217, 4000000.00),
('44C-787', 'QH-B787', 'EC', 217, 0.00),
('44D-319', 'BL-A319', 'EC', 218, 0.00),
('44D-320', 'VJ-A320', 'EC', 218, 0.00),
('44D-321', 'VN-A321', 'EC', 218, 0.00),
('44D-350', 'VN-A350', 'EC', 218, 4000000.00),
('44D-787', 'QH-B787', 'EC', 218, 0.00),
('44E-319', 'BL-A319', 'EC', 219, 0.00),
('44E-320', 'VJ-A320', 'EC', 219, 0.00),
('44E-321', 'VN-A321', 'EC', 219, 0.00),
('44E-350', 'VN-A350', 'EC', 219, 4000000.00),
('44E-787', 'QH-B787', 'EC', 219, 0.00),
('45A-319', 'BL-A319', 'EC', 220, 0.00),
('45A-320', 'VJ-A320', 'EC', 220, 0.00),
('45A-321', 'VN-A321', 'EC', 220, 0.00),
('45A-350', 'VN-A350', 'EC', 220, 4000000.00),
('45A-787', 'QH-B787', 'EC', 220, 0.00),
('45B-319', 'BL-A319', 'EC', 221, 0.00),
('45B-320', 'VJ-A320', 'EC', 221, 0.00),
('45B-321', 'VN-A321', 'EC', 221, 0.00),
('45B-350', 'VN-A350', 'EC', 221, 4000000.00),
('45B-787', 'QH-B787', 'EC', 221, 0.00),
('45C-319', 'BL-A319', 'EC', 222, 0.00),
('45C-320', 'VJ-A320', 'EC', 222, 0.00),
('45C-321', 'VN-A321', 'EC', 222, 0.00),
('45C-350', 'VN-A350', 'EC', 222, 4000000.00),
('45C-787', 'QH-B787', 'EC', 222, 0.00),
('45D-319', 'BL-A319', 'EC', 223, 0.00),
('45D-320', 'VJ-A320', 'EC', 223, 0.00),
('45D-321', 'VN-A321', 'EC', 223, 0.00),
('45D-350', 'VN-A350', 'EC', 223, 4000000.00),
('45D-787', 'QH-B787', 'EC', 223, 0.00),
('45E-319', 'BL-A319', 'EC', 224, 0.00),
('45E-320', 'VJ-A320', 'EC', 224, 0.00),
('45E-321', 'VN-A321', 'EC', 224, 0.00),
('45E-350', 'VN-A350', 'EC', 224, 4000000.00),
('45E-787', 'QH-B787', 'EC', 224, 0.00),
('46A-319', 'BL-A319', 'EC', 225, 0.00),
('46A-320', 'VJ-A320', 'EC', 225, 0.00),
('46A-321', 'VN-A321', 'EC', 225, 0.00),
('46A-350', 'VN-A350', 'EC', 225, 4000000.00),
('46A-787', 'QH-B787', 'EC', 225, 0.00),
('46B-319', 'BL-A319', 'EC', 226, 0.00),
('46B-320', 'VJ-A320', 'EC', 226, 0.00),
('46B-321', 'VN-A321', 'EC', 226, 0.00),
('46B-350', 'VN-A350', 'EC', 226, 4000000.00),
('46B-787', 'QH-B787', 'EC', 226, 0.00),
('46C-319', 'BL-A319', 'EC', 227, 0.00),
('46C-320', 'VJ-A320', 'EC', 227, 0.00),
('46C-321', 'VN-A321', 'EC', 227, 0.00),
('46C-350', 'VN-A350', 'EC', 227, 4000000.00),
('46C-787', 'QH-B787', 'EC', 227, 0.00),
('46D-319', 'BL-A319', 'EC', 228, 0.00),
('46D-320', 'VJ-A320', 'EC', 228, 0.00),
('46D-321', 'VN-A321', 'EC', 228, 0.00),
('46D-350', 'VN-A350', 'EC', 228, 4000000.00),
('46D-787', 'QH-B787', 'EC', 228, 0.00),
('46E-319', 'BL-A319', 'EC', 229, 0.00),
('46E-320', 'VJ-A320', 'EC', 229, 0.00),
('46E-321', 'VN-A321', 'EC', 229, 0.00),
('46E-350', 'VN-A350', 'EC', 229, 4000000.00),
('46E-787', 'QH-B787', 'EC', 229, 0.00),
('47A-319', 'BL-A319', 'EC', 230, 0.00),
('47A-320', 'VJ-A320', 'EC', 230, 0.00),
('47A-321', 'VN-A321', 'EC', 230, 0.00),
('47A-350', 'VN-A350', 'EC', 230, 4000000.00),
('47A-787', 'QH-B787', 'EC', 230, 0.00),
('47B-319', 'BL-A319', 'EC', 231, 0.00),
('47B-320', 'VJ-A320', 'EC', 231, 0.00),
('47B-321', 'VN-A321', 'EC', 231, 0.00),
('47B-350', 'VN-A350', 'EC', 231, 4000000.00),
('47B-787', 'QH-B787', 'EC', 231, 0.00),
('47C-319', 'BL-A319', 'EC', 232, 0.00),
('47C-320', 'VJ-A320', 'EC', 232, 0.00),
('47C-321', 'VN-A321', 'EC', 232, 0.00),
('47C-350', 'VN-A350', 'EC', 232, 4000000.00),
('47C-787', 'QH-B787', 'EC', 232, 0.00),
('47D-319', 'BL-A319', 'EC', 233, 0.00),
('47D-320', 'VJ-A320', 'EC', 233, 0.00),
('47D-321', 'VN-A321', 'EC', 233, 0.00),
('47D-350', 'VN-A350', 'EC', 233, 4000000.00),
('47D-787', 'QH-B787', 'EC', 233, 0.00),
('47E-319', 'BL-A319', 'EC', 234, 0.00),
('47E-320', 'VJ-A320', 'EC', 234, 0.00),
('47E-321', 'VN-A321', 'EC', 234, 0.00),
('47E-350', 'VN-A350', 'EC', 234, 4000000.00),
('47E-787', 'QH-B787', 'EC', 234, 0.00),
('48A-319', 'BL-A319', 'EC', 235, 0.00),
('48A-320', 'VJ-A320', 'EC', 235, 0.00),
('48A-321', 'VN-A321', 'EC', 235, 0.00),
('48A-350', 'VN-A350', 'EC', 235, 4000000.00),
('48A-787', 'QH-B787', 'EC', 235, 0.00),
('48B-319', 'BL-A319', 'EC', 236, 0.00),
('48B-320', 'VJ-A320', 'EC', 236, 0.00),
('48B-321', 'VN-A321', 'EC', 236, 0.00),
('48B-350', 'VN-A350', 'EC', 236, 4000000.00),
('48B-787', 'QH-B787', 'EC', 236, 0.00),
('48C-319', 'BL-A319', 'EC', 237, 0.00),
('48C-320', 'VJ-A320', 'EC', 237, 0.00),
('48C-321', 'VN-A321', 'EC', 237, 0.00),
('48C-350', 'VN-A350', 'EC', 237, 4000000.00),
('48C-787', 'QH-B787', 'EC', 237, 0.00),
('48D-319', 'BL-A319', 'EC', 238, 0.00),
('48D-320', 'VJ-A320', 'EC', 238, 0.00),
('48D-321', 'VN-A321', 'EC', 238, 0.00),
('48D-350', 'VN-A350', 'EC', 238, 4000000.00),
('48D-787', 'QH-B787', 'EC', 238, 0.00),
('48E-319', 'BL-A319', 'EC', 239, 0.00),
('48E-320', 'VJ-A320', 'EC', 239, 0.00),
('48E-321', 'VN-A321', 'EC', 239, 0.00),
('48E-350', 'VN-A350', 'EC', 239, 4000000.00),
('48E-787', 'QH-B787', 'EC', 239, 0.00),
('49A-319', 'BL-A319', 'EC', 240, 0.00),
('49A-320', 'VJ-A320', 'EC', 240, 0.00),
('49A-321', 'VN-A321', 'EC', 240, 0.00),
('49A-350', 'VN-A350', 'EC', 240, 4000000.00),
('49A-787', 'QH-B787', 'EC', 240, 0.00),
('49B-319', 'BL-A319', 'EC', 241, 0.00),
('49B-320', 'VJ-A320', 'EC', 241, 0.00),
('49B-321', 'VN-A321', 'EC', 241, 0.00),
('49B-350', 'VN-A350', 'EC', 241, 4000000.00),
('49B-787', 'QH-B787', 'EC', 241, 0.00),
('49C-319', 'BL-A319', 'EC', 242, 0.00),
('49C-320', 'VJ-A320', 'EC', 242, 0.00),
('49C-321', 'VN-A321', 'EC', 242, 0.00),
('49C-350', 'VN-A350', 'EC', 242, 4000000.00),
('49C-787', 'QH-B787', 'EC', 242, 0.00),
('49D-319', 'BL-A319', 'EC', 243, 0.00),
('49D-320', 'VJ-A320', 'EC', 243, 0.00),
('49D-321', 'VN-A321', 'EC', 243, 0.00),
('49D-350', 'VN-A350', 'EC', 243, 4000000.00),
('49D-787', 'QH-B787', 'EC', 243, 0.00),
('49E-319', 'BL-A319', 'EC', 244, 0.00),
('49E-320', 'VJ-A320', 'EC', 244, 0.00),
('49E-321', 'VN-A321', 'EC', 244, 0.00),
('49E-350', 'VN-A350', 'EC', 244, 4000000.00),
('49E-787', 'QH-B787', 'EC', 244, 0.00),
('4A-319', 'BL-A319', 'BC', 16, 0.00),
('4A-320', 'VJ-A320', 'BC', 16, 0.00),
('4A-321', 'VN-A321', 'BC', 16, 0.00),
('4A-350', 'VN-A350', 'BC', 16, 16000000.00),
('4A-787', 'QH-B787', 'BC', 16, 0.00),
('4B-319', 'BL-A319', 'BC', 17, 0.00),
('4B-320', 'VJ-A320', 'BC', 17, 0.00),
('4B-321', 'VN-A321', 'BC', 17, 0.00),
('4B-350', 'VN-A350', 'BC', 17, 16000000.00),
('4B-787', 'QH-B787', 'BC', 17, 0.00),
('4C-319', 'BL-A319', 'BC', 18, 0.00),
('4C-320', 'VJ-A320', 'BC', 18, 0.00),
('4C-321', 'VN-A321', 'BC', 18, 0.00),
('4C-350', 'VN-A350', 'BC', 18, 16000000.00),
('4C-787', 'QH-B787', 'BC', 18, 0.00),
('4D-319', 'BL-A319', 'BC', 19, 0.00),
('4D-320', 'VJ-A320', 'BC', 19, 0.00),
('4D-321', 'VN-A321', 'BC', 19, 0.00),
('4D-350', 'VN-A350', 'BC', 19, 16000000.00),
('4D-787', 'QH-B787', 'BC', 19, 0.00),
('4E-319', 'BL-A319', 'BC', 20, 0.00),
('4E-320', 'VJ-A320', 'BC', 20, 0.00),
('4E-321', 'VN-A321', 'BC', 20, 0.00),
('4E-350', 'VN-A350', 'BC', 20, 16000000.00),
('4E-787', 'QH-B787', 'BC', 20, 0.00),
('50A-319', 'BL-A319', 'EC', 245, 0.00),
('50A-320', 'VJ-A320', 'EC', 245, 0.00),
('50A-321', 'VN-A321', 'EC', 245, 0.00),
('50A-350', 'VN-A350', 'EC', 245, 4000000.00),
('50A-787', 'QH-B787', 'EC', 245, 0.00),
('50B-319', 'BL-A319', 'EC', 246, 0.00),
('50B-320', 'VJ-A320', 'EC', 246, 0.00),
('50B-321', 'VN-A321', 'EC', 246, 0.00),
('50B-350', 'VN-A350', 'EC', 246, 4000000.00),
('50B-787', 'QH-B787', 'EC', 246, 0.00),
('50C-319', 'BL-A319', 'EC', 247, 0.00),
('50C-320', 'VJ-A320', 'EC', 247, 0.00),
('50C-321', 'VN-A321', 'EC', 247, 0.00),
('50C-350', 'VN-A350', 'EC', 247, 4000000.00),
('50C-787', 'QH-B787', 'EC', 247, 0.00),
('50D-319', 'BL-A319', 'EC', 248, 0.00),
('50D-320', 'VJ-A320', 'EC', 248, 0.00),
('50D-321', 'VN-A321', 'EC', 248, 0.00),
('50D-350', 'VN-A350', 'EC', 248, 4000000.00),
('50D-787', 'QH-B787', 'EC', 248, 0.00),
('50E-319', 'BL-A319', 'EC', 249, 0.00),
('50E-320', 'VJ-A320', 'EC', 249, 0.00),
('50E-321', 'VN-A321', 'EC', 249, 0.00),
('50E-350', 'VN-A350', 'EC', 249, 4000000.00),
('50E-787', 'QH-B787', 'EC', 249, 0.00),
('51A-319', 'BL-A319', 'EC', 250, 0.00),
('51A-320', 'VJ-A320', 'EC', 250, 0.00),
('51A-321', 'VN-A321', 'EC', 250, 0.00),
('51A-350', 'VN-A350', 'EC', 250, 4000000.00),
('51A-787', 'QH-B787', 'EC', 250, 0.00),
('51B-319', 'BL-A319', 'EC', 251, 0.00),
('51B-320', 'VJ-A320', 'EC', 251, 0.00),
('51B-321', 'VN-A321', 'EC', 251, 0.00),
('51B-350', 'VN-A350', 'EC', 251, 4000000.00),
('51B-787', 'QH-B787', 'EC', 251, 0.00),
('51C-319', 'BL-A319', 'EC', 252, 0.00),
('51C-320', 'VJ-A320', 'EC', 252, 0.00),
('51C-321', 'VN-A321', 'EC', 252, 0.00),
('51C-350', 'VN-A350', 'EC', 252, 4000000.00),
('51C-787', 'QH-B787', 'EC', 252, 0.00),
('51D-319', 'BL-A319', 'EC', 253, 0.00),
('51D-320', 'VJ-A320', 'EC', 253, 0.00),
('51D-321', 'VN-A321', 'EC', 253, 0.00),
('51D-350', 'VN-A350', 'EC', 253, 4000000.00),
('51D-787', 'QH-B787', 'EC', 253, 0.00),
('51E-319', 'BL-A319', 'EC', 254, 0.00),
('51E-320', 'VJ-A320', 'EC', 254, 0.00),
('51E-321', 'VN-A321', 'EC', 254, 0.00),
('51E-350', 'VN-A350', 'EC', 254, 4000000.00),
('51E-787', 'QH-B787', 'EC', 254, 0.00),
('52A-319', 'BL-A319', 'EC', 255, 0.00),
('52A-320', 'VJ-A320', 'EC', 255, 0.00),
('52A-321', 'VN-A321', 'EC', 255, 0.00),
('52A-350', 'VN-A350', 'EC', 255, 4000000.00),
('52A-787', 'QH-B787', 'EC', 255, 0.00),
('52B-319', 'BL-A319', 'EC', 256, 0.00),
('52B-320', 'VJ-A320', 'EC', 256, 0.00),
('52B-321', 'VN-A321', 'EC', 256, 0.00),
('52B-350', 'VN-A350', 'EC', 256, 4000000.00),
('52B-787', 'QH-B787', 'EC', 256, 0.00),
('52C-319', 'BL-A319', 'EC', 257, 0.00),
('52C-320', 'VJ-A320', 'EC', 257, 0.00),
('52C-321', 'VN-A321', 'EC', 257, 0.00),
('52C-350', 'VN-A350', 'EC', 257, 4000000.00),
('52C-787', 'QH-B787', 'EC', 257, 0.00),
('52D-319', 'BL-A319', 'EC', 258, 0.00),
('52D-320', 'VJ-A320', 'EC', 258, 0.00),
('52D-321', 'VN-A321', 'EC', 258, 0.00),
('52D-350', 'VN-A350', 'EC', 258, 4000000.00),
('52D-787', 'QH-B787', 'EC', 258, 0.00),
('52E-319', 'BL-A319', 'EC', 259, 0.00),
('52E-320', 'VJ-A320', 'EC', 259, 0.00),
('52E-321', 'VN-A321', 'EC', 259, 0.00),
('52E-350', 'VN-A350', 'EC', 259, 4000000.00),
('52E-787', 'QH-B787', 'EC', 259, 0.00),
('53A-319', 'BL-A319', 'EC', 260, 0.00),
('53A-320', 'VJ-A320', 'EC', 260, 0.00),
('53A-321', 'VN-A321', 'EC', 260, 0.00),
('53A-350', 'VN-A350', 'EC', 260, 4000000.00),
('53A-787', 'QH-B787', 'EC', 260, 0.00),
('53B-319', 'BL-A319', 'EC', 261, 0.00),
('53B-320', 'VJ-A320', 'EC', 261, 0.00),
('53B-321', 'VN-A321', 'EC', 261, 0.00),
('53B-350', 'VN-A350', 'EC', 261, 4000000.00),
('53B-787', 'QH-B787', 'EC', 261, 0.00),
('53C-319', 'BL-A319', 'EC', 262, 0.00),
('53C-320', 'VJ-A320', 'EC', 262, 0.00),
('53C-321', 'VN-A321', 'EC', 262, 0.00),
('53C-350', 'VN-A350', 'EC', 262, 4000000.00),
('53C-787', 'QH-B787', 'EC', 262, 0.00),
('53D-319', 'BL-A319', 'EC', 263, 0.00),
('53D-320', 'VJ-A320', 'EC', 263, 0.00),
('53D-321', 'VN-A321', 'EC', 263, 0.00),
('53D-350', 'VN-A350', 'EC', 263, 4000000.00),
('53D-787', 'QH-B787', 'EC', 263, 0.00),
('53E-319', 'BL-A319', 'EC', 264, 0.00),
('53E-320', 'VJ-A320', 'EC', 264, 0.00),
('53E-321', 'VN-A321', 'EC', 264, 0.00),
('53E-350', 'VN-A350', 'EC', 264, 4000000.00),
('53E-787', 'QH-B787', 'EC', 264, 0.00),
('54A-319', 'BL-A319', 'EC', 265, 0.00),
('54A-320', 'VJ-A320', 'EC', 265, 0.00),
('54A-321', 'VN-A321', 'EC', 265, 0.00),
('54A-350', 'VN-A350', 'EC', 265, 4000000.00),
('54A-787', 'QH-B787', 'EC', 265, 0.00),
('54B-319', 'BL-A319', 'EC', 266, 0.00),
('54B-320', 'VJ-A320', 'EC', 266, 0.00),
('54B-321', 'VN-A321', 'EC', 266, 0.00),
('54B-350', 'VN-A350', 'EC', 266, 4000000.00),
('54B-787', 'QH-B787', 'EC', 266, 0.00),
('54C-319', 'BL-A319', 'EC', 267, 0.00),
('54C-320', 'VJ-A320', 'EC', 267, 0.00),
('54C-321', 'VN-A321', 'EC', 267, 0.00),
('54C-350', 'VN-A350', 'EC', 267, 4000000.00),
('54C-787', 'QH-B787', 'EC', 267, 0.00),
('54D-319', 'BL-A319', 'EC', 268, 0.00),
('54D-320', 'VJ-A320', 'EC', 268, 0.00),
('54D-321', 'VN-A321', 'EC', 268, 0.00),
('54D-350', 'VN-A350', 'EC', 268, 4000000.00),
('54D-787', 'QH-B787', 'EC', 268, 0.00),
('54E-319', 'BL-A319', 'EC', 269, 0.00),
('54E-320', 'VJ-A320', 'EC', 269, 0.00),
('54E-321', 'VN-A321', 'EC', 269, 0.00),
('54E-350', 'VN-A350', 'EC', 269, 4000000.00),
('54E-787', 'QH-B787', 'EC', 269, 0.00),
('55A-319', 'BL-A319', 'EC', 270, 0.00),
('55A-320', 'VJ-A320', 'EC', 270, 0.00),
('55A-321', 'VN-A321', 'EC', 270, 0.00),
('55A-350', 'VN-A350', 'EC', 270, 4000000.00),
('55A-787', 'QH-B787', 'EC', 270, 0.00),
('55B-319', 'BL-A319', 'EC', 271, 0.00),
('55B-320', 'VJ-A320', 'EC', 271, 0.00),
('55B-321', 'VN-A321', 'EC', 271, 0.00),
('55B-350', 'VN-A350', 'EC', 271, 4000000.00),
('55B-787', 'QH-B787', 'EC', 271, 0.00),
('55C-319', 'BL-A319', 'EC', 272, 0.00),
('55C-320', 'VJ-A320', 'EC', 272, 0.00),
('55C-321', 'VN-A321', 'EC', 272, 0.00),
('55C-350', 'VN-A350', 'EC', 272, 4000000.00),
('55C-787', 'QH-B787', 'EC', 272, 0.00),
('55D-319', 'BL-A319', 'EC', 273, 0.00),
('55D-320', 'VJ-A320', 'EC', 273, 0.00),
('55D-321', 'VN-A321', 'EC', 273, 0.00),
('55D-350', 'VN-A350', 'EC', 273, 4000000.00),
('55D-787', 'QH-B787', 'EC', 273, 0.00),
('55E-319', 'BL-A319', 'EC', 274, 0.00),
('55E-320', 'VJ-A320', 'EC', 274, 0.00),
('55E-321', 'VN-A321', 'EC', 274, 0.00),
('55E-350', 'VN-A350', 'EC', 274, 4000000.00),
('55E-787', 'QH-B787', 'EC', 274, 0.00),
('56A-319', 'BL-A319', 'EC', 275, 0.00),
('56A-320', 'VJ-A320', 'EC', 275, 0.00),
('56A-321', 'VN-A321', 'EC', 275, 0.00),
('56A-350', 'VN-A350', 'EC', 275, 4000000.00);
INSERT INTO `ghe` (`MAGHE`, `MAMAYBAY`, `MALOAIGHE`, `SOGHE`, `GIAGHE`) VALUES
('56A-787', 'QH-B787', 'EC', 275, 0.00),
('56B-319', 'BL-A319', 'EC', 276, 0.00),
('56B-320', 'VJ-A320', 'EC', 276, 0.00),
('56B-321', 'VN-A321', 'EC', 276, 0.00),
('56B-350', 'VN-A350', 'EC', 276, 4000000.00),
('56B-787', 'QH-B787', 'EC', 276, 0.00),
('56C-319', 'BL-A319', 'EC', 277, 0.00),
('56C-320', 'VJ-A320', 'EC', 277, 0.00),
('56C-321', 'VN-A321', 'EC', 277, 0.00),
('56C-350', 'VN-A350', 'EC', 277, 4000000.00),
('56C-787', 'QH-B787', 'EC', 277, 0.00),
('56D-319', 'BL-A319', 'EC', 278, 0.00),
('56D-320', 'VJ-A320', 'EC', 278, 0.00),
('56D-321', 'VN-A321', 'EC', 278, 0.00),
('56D-350', 'VN-A350', 'EC', 278, 4000000.00),
('56D-787', 'QH-B787', 'EC', 278, 0.00),
('56E-319', 'BL-A319', 'EC', 279, 0.00),
('56E-320', 'VJ-A320', 'EC', 279, 0.00),
('56E-321', 'VN-A321', 'EC', 279, 0.00),
('56E-350', 'VN-A350', 'EC', 279, 4000000.00),
('56E-787', 'QH-B787', 'EC', 279, 0.00),
('57A-319', 'BL-A319', 'EC', 280, 0.00),
('57A-320', 'VJ-A320', 'EC', 280, 0.00),
('57A-321', 'VN-A321', 'EC', 280, 0.00),
('57A-350', 'VN-A350', 'EC', 280, 4000000.00),
('57A-787', 'QH-B787', 'EC', 280, 0.00),
('57B-319', 'BL-A319', 'EC', 281, 0.00),
('57B-320', 'VJ-A320', 'EC', 281, 0.00),
('57B-321', 'VN-A321', 'EC', 281, 0.00),
('57B-350', 'VN-A350', 'EC', 281, 4000000.00),
('57B-787', 'QH-B787', 'EC', 281, 0.00),
('57C-319', 'BL-A319', 'EC', 282, 0.00),
('57C-320', 'VJ-A320', 'EC', 282, 0.00),
('57C-321', 'VN-A321', 'EC', 282, 0.00),
('57C-350', 'VN-A350', 'EC', 282, 4000000.00),
('57C-787', 'QH-B787', 'EC', 282, 0.00),
('57D-319', 'BL-A319', 'EC', 283, 0.00),
('57D-320', 'VJ-A320', 'EC', 283, 0.00),
('57D-321', 'VN-A321', 'EC', 283, 0.00),
('57D-350', 'VN-A350', 'EC', 283, 4000000.00),
('57D-787', 'QH-B787', 'EC', 283, 0.00),
('57E-319', 'BL-A319', 'EC', 284, 0.00),
('57E-320', 'VJ-A320', 'EC', 284, 0.00),
('57E-321', 'VN-A321', 'EC', 284, 0.00),
('57E-350', 'VN-A350', 'EC', 284, 4000000.00),
('57E-787', 'QH-B787', 'EC', 284, 0.00),
('58A-319', 'BL-A319', 'EC', 285, 0.00),
('58A-320', 'VJ-A320', 'EC', 285, 0.00),
('58A-321', 'VN-A321', 'EC', 285, 0.00),
('58A-350', 'VN-A350', 'EC', 285, 4000000.00),
('58A-787', 'QH-B787', 'EC', 285, 0.00),
('58B-319', 'BL-A319', 'EC', 286, 0.00),
('58B-320', 'VJ-A320', 'EC', 286, 0.00),
('58B-321', 'VN-A321', 'EC', 286, 0.00),
('58B-350', 'VN-A350', 'EC', 286, 4000000.00),
('58B-787', 'QH-B787', 'EC', 286, 0.00),
('58C-319', 'BL-A319', 'EC', 287, 0.00),
('58C-320', 'VJ-A320', 'EC', 287, 0.00),
('58C-321', 'VN-A321', 'EC', 287, 0.00),
('58C-350', 'VN-A350', 'EC', 287, 4000000.00),
('58C-787', 'QH-B787', 'EC', 287, 0.00),
('58D-319', 'BL-A319', 'EC', 288, 0.00),
('58D-320', 'VJ-A320', 'EC', 288, 0.00),
('58D-321', 'VN-A321', 'EC', 288, 0.00),
('58D-350', 'VN-A350', 'EC', 288, 4000000.00),
('58D-787', 'QH-B787', 'EC', 288, 0.00),
('58E-319', 'BL-A319', 'EC', 289, 0.00),
('58E-320', 'VJ-A320', 'EC', 289, 0.00),
('58E-321', 'VN-A321', 'EC', 289, 0.00),
('58E-350', 'VN-A350', 'EC', 289, 4000000.00),
('58E-787', 'QH-B787', 'EC', 289, 0.00),
('59A-319', 'BL-A319', 'EC', 290, 0.00),
('59A-320', 'VJ-A320', 'EC', 290, 0.00),
('59A-321', 'VN-A321', 'EC', 290, 0.00),
('59A-350', 'VN-A350', 'EC', 290, 4000000.00),
('59A-787', 'QH-B787', 'EC', 290, 0.00),
('59B-319', 'BL-A319', 'EC', 291, 0.00),
('59B-320', 'VJ-A320', 'EC', 291, 0.00),
('59B-321', 'VN-A321', 'EC', 291, 0.00),
('59B-350', 'VN-A350', 'EC', 291, 4000000.00),
('59B-787', 'QH-B787', 'EC', 291, 0.00),
('59C-319', 'BL-A319', 'EC', 292, 0.00),
('59C-320', 'VJ-A320', 'EC', 292, 0.00),
('59C-321', 'VN-A321', 'EC', 292, 0.00),
('59C-350', 'VN-A350', 'EC', 292, 4000000.00),
('59C-787', 'QH-B787', 'EC', 292, 0.00),
('59D-319', 'BL-A319', 'EC', 293, 0.00),
('59D-320', 'VJ-A320', 'EC', 293, 0.00),
('59D-321', 'VN-A321', 'EC', 293, 0.00),
('59D-350', 'VN-A350', 'EC', 293, 4000000.00),
('59D-787', 'QH-B787', 'EC', 293, 0.00),
('59E-319', 'BL-A319', 'EC', 294, 0.00),
('59E-320', 'VJ-A320', 'EC', 294, 0.00),
('59E-321', 'VN-A321', 'EC', 294, 0.00),
('59E-350', 'VN-A350', 'EC', 294, 4000000.00),
('59E-787', 'QH-B787', 'EC', 294, 0.00),
('5A-319', 'BL-A319', 'BC', 21, 0.00),
('5A-320', 'VJ-A320', 'BC', 21, 0.00),
('5A-321', 'VN-A321', 'BC', 21, 0.00),
('5A-350', 'VN-A350', 'BC', 21, 16000000.00),
('5A-787', 'QH-B787', 'BC', 21, 0.00),
('5B-319', 'BL-A319', 'BC', 22, 0.00),
('5B-320', 'VJ-A320', 'BC', 22, 0.00),
('5B-321', 'VN-A321', 'BC', 22, 0.00),
('5B-350', 'VN-A350', 'BC', 22, 16000000.00),
('5B-787', 'QH-B787', 'BC', 22, 0.00),
('5C-319', 'BL-A319', 'BC', 23, 0.00),
('5C-320', 'VJ-A320', 'BC', 23, 0.00),
('5C-321', 'VN-A321', 'BC', 23, 0.00),
('5C-350', 'VN-A350', 'BC', 23, 16000000.00),
('5C-787', 'QH-B787', 'BC', 23, 0.00),
('5D-319', 'BL-A319', 'BC', 24, 0.00),
('5D-320', 'VJ-A320', 'BC', 24, 0.00),
('5D-321', 'VN-A321', 'BC', 24, 0.00),
('5D-350', 'VN-A350', 'BC', 24, 16000000.00),
('5D-787', 'QH-B787', 'BC', 24, 0.00),
('5E-319', 'BL-A319', 'BC', 25, 0.00),
('5E-320', 'VJ-A320', 'BC', 25, 0.00),
('5E-321', 'VN-A321', 'BC', 25, 0.00),
('5E-350', 'VN-A350', 'BC', 25, 16000000.00),
('5E-787', 'QH-B787', 'BC', 25, 0.00),
('60A-319', 'BL-A319', 'EC', 295, 0.00),
('60A-320', 'VJ-A320', 'EC', 295, 0.00),
('60A-321', 'VN-A321', 'EC', 295, 0.00),
('60A-350', 'VN-A350', 'EC', 295, 4000000.00),
('60A-787', 'QH-B787', 'EC', 295, 0.00),
('60B-319', 'BL-A319', 'EC', 296, 0.00),
('60B-320', 'VJ-A320', 'EC', 296, 0.00),
('60B-321', 'VN-A321', 'EC', 296, 0.00),
('60B-350', 'VN-A350', 'EC', 296, 4000000.00),
('60B-787', 'QH-B787', 'EC', 296, 0.00),
('60C-319', 'BL-A319', 'EC', 297, 0.00),
('60C-320', 'VJ-A320', 'EC', 297, 0.00),
('60C-321', 'VN-A321', 'EC', 297, 0.00),
('60C-350', 'VN-A350', 'EC', 297, 4000000.00),
('60C-787', 'QH-B787', 'EC', 297, 0.00),
('60D-319', 'BL-A319', 'EC', 298, 0.00),
('60D-320', 'VJ-A320', 'EC', 298, 0.00),
('60D-321', 'VN-A321', 'EC', 298, 0.00),
('60D-350', 'VN-A350', 'EC', 298, 4000000.00),
('60D-787', 'QH-B787', 'EC', 298, 0.00),
('60E-319', 'BL-A319', 'EC', 299, 0.00),
('60E-320', 'VJ-A320', 'EC', 299, 0.00),
('60E-321', 'VN-A321', 'EC', 299, 0.00),
('60E-350', 'VN-A350', 'EC', 299, 4000000.00),
('60E-787', 'QH-B787', 'EC', 299, 0.00),
('61A-319', 'BL-A319', 'EC', 300, 0.00),
('61A-320', 'VJ-A320', 'EC', 300, 0.00),
('61A-321', 'VN-A321', 'EC', 300, 0.00),
('61A-350', 'VN-A350', 'EC', 300, 4000000.00),
('61A-787', 'QH-B787', 'EC', 300, 0.00),
('61B-319', 'BL-A319', 'EC', 301, 0.00),
('61B-320', 'VJ-A320', 'EC', 301, 0.00),
('61B-321', 'VN-A321', 'EC', 301, 0.00),
('61B-350', 'VN-A350', 'EC', 301, 4000000.00),
('61B-787', 'QH-B787', 'EC', 301, 0.00),
('61C-319', 'BL-A319', 'EC', 302, 0.00),
('61C-320', 'VJ-A320', 'EC', 302, 0.00),
('61C-321', 'VN-A321', 'EC', 302, 0.00),
('61C-350', 'VN-A350', 'EC', 302, 4000000.00),
('61C-787', 'QH-B787', 'EC', 302, 0.00),
('61D-319', 'BL-A319', 'EC', 303, 0.00),
('61D-320', 'VJ-A320', 'EC', 303, 0.00),
('61D-321', 'VN-A321', 'EC', 303, 0.00),
('61D-350', 'VN-A350', 'EC', 303, 4000000.00),
('61D-787', 'QH-B787', 'EC', 303, 0.00),
('61E-319', 'BL-A319', 'EC', 304, 0.00),
('61E-320', 'VJ-A320', 'EC', 304, 0.00),
('61E-321', 'VN-A321', 'EC', 304, 0.00),
('61E-350', 'VN-A350', 'EC', 304, 4000000.00),
('61E-787', 'QH-B787', 'EC', 304, 0.00),
('62A-319', 'BL-A319', 'EC', 305, 0.00),
('62A-320', 'VJ-A320', 'EC', 305, 0.00),
('62A-321', 'VN-A321', 'EC', 305, 0.00),
('62A-350', 'VN-A350', 'EC', 305, 4000000.00),
('62A-787', 'QH-B787', 'EC', 305, 0.00),
('6A-319', 'BL-A319', 'BC', 26, 0.00),
('6A-320', 'VJ-A320', 'BC', 26, 0.00),
('6A-321', 'VN-A321', 'BC', 26, 0.00),
('6A-350', 'VN-A350', 'BC', 26, 16000000.00),
('6A-787', 'QH-B787', 'BC', 26, 0.00),
('6B-319', 'BL-A319', 'BC', 27, 0.00),
('6B-320', 'VJ-A320', 'BC', 27, 0.00),
('6B-321', 'VN-A321', 'BC', 27, 0.00),
('6B-350', 'VN-A350', 'BC', 27, 16000000.00),
('6B-787', 'QH-B787', 'BC', 27, 0.00),
('6C-319', 'BL-A319', 'BC', 28, 0.00),
('6C-320', 'VJ-A320', 'BC', 28, 0.00),
('6C-321', 'VN-A321', 'BC', 28, 0.00),
('6C-350', 'VN-A350', 'BC', 28, 16000000.00),
('6C-787', 'QH-B787', 'BC', 28, 0.00),
('6D-319', 'BL-A319', 'BC', 29, 0.00),
('6D-320', 'VJ-A320', 'BC', 29, 0.00),
('6D-321', 'VN-A321', 'BC', 29, 0.00),
('6D-350', 'VN-A350', 'BC', 29, 16000000.00),
('6D-787', 'QH-B787', 'BC', 29, 0.00),
('7A-319', 'BL-A319', 'FC', 30, 0.00),
('7A-320', 'VJ-A320', 'FC', 30, 0.00),
('7A-321', 'VN-A321', 'FC', 30, 0.00),
('7A-350', 'VN-A350', 'FC', 30, 8000000.00),
('7A-787', 'QH-B787', 'FC', 30, 0.00),
('7B-319', 'BL-A319', 'FC', 31, 0.00),
('7B-320', 'VJ-A320', 'FC', 31, 0.00),
('7B-321', 'VN-A321', 'FC', 31, 0.00),
('7B-350', 'VN-A350', 'FC', 31, 8000000.00),
('7B-787', 'QH-B787', 'FC', 31, 0.00),
('7C-319', 'BL-A319', 'FC', 32, 0.00),
('7C-320', 'VJ-A320', 'FC', 32, 0.00),
('7C-321', 'VN-A321', 'FC', 32, 0.00),
('7C-350', 'VN-A350', 'FC', 32, 8000000.00),
('7C-787', 'QH-B787', 'FC', 32, 0.00),
('7D-319', 'BL-A319', 'FC', 33, 0.00),
('7D-320', 'VJ-A320', 'FC', 33, 0.00),
('7D-321', 'VN-A321', 'FC', 33, 0.00),
('7D-350', 'VN-A350', 'FC', 33, 8000000.00),
('7D-787', 'QH-B787', 'FC', 33, 0.00),
('7E-319', 'BL-A319', 'FC', 34, 0.00),
('7E-320', 'VJ-A320', 'FC', 34, 0.00),
('7E-321', 'VN-A321', 'FC', 34, 0.00),
('7E-350', 'VN-A350', 'FC', 34, 8000000.00),
('7E-787', 'QH-B787', 'FC', 34, 0.00),
('8A-319', 'BL-A319', 'FC', 35, 0.00),
('8A-320', 'VJ-A320', 'FC', 35, 0.00),
('8A-321', 'VN-A321', 'FC', 35, 0.00),
('8A-350', 'VN-A350', 'FC', 35, 8000000.00),
('8A-787', 'QH-B787', 'FC', 35, 0.00),
('8B-319', 'BL-A319', 'FC', 36, 0.00),
('8B-320', 'VJ-A320', 'FC', 36, 0.00),
('8B-321', 'VN-A321', 'FC', 36, 0.00),
('8B-350', 'VN-A350', 'FC', 36, 8000000.00),
('8B-787', 'QH-B787', 'FC', 36, 0.00),
('8C-319', 'BL-A319', 'FC', 37, 0.00),
('8C-320', 'VJ-A320', 'FC', 37, 0.00),
('8C-321', 'VN-A321', 'FC', 37, 0.00),
('8C-350', 'VN-A350', 'FC', 37, 8000000.00),
('8C-787', 'QH-B787', 'FC', 37, 0.00),
('8D-319', 'BL-A319', 'FC', 38, 0.00),
('8D-320', 'VJ-A320', 'FC', 38, 0.00),
('8D-321', 'VN-A321', 'FC', 38, 0.00),
('8D-350', 'VN-A350', 'FC', 38, 8000000.00),
('8D-787', 'QH-B787', 'FC', 38, 0.00),
('8E-319', 'BL-A319', 'FC', 39, 0.00),
('8E-320', 'VJ-A320', 'FC', 39, 0.00),
('8E-321', 'VN-A321', 'FC', 39, 0.00),
('8E-350', 'VN-A350', 'FC', 39, 8000000.00),
('8E-787', 'QH-B787', 'FC', 39, 0.00),
('9A-319', 'BL-A319', 'FC', 40, 0.00),
('9A-320', 'VJ-A320', 'FC', 40, 0.00),
('9A-321', 'VN-A321', 'FC', 40, 0.00),
('9A-350', 'VN-A350', 'FC', 40, 8000000.00),
('9A-787', 'QH-B787', 'FC', 40, 0.00),
('9B-319', 'BL-A319', 'FC', 41, 0.00),
('9B-320', 'VJ-A320', 'FC', 41, 0.00),
('9B-321', 'VN-A321', 'FC', 41, 0.00),
('9B-350', 'VN-A350', 'FC', 41, 8000000.00),
('9B-787', 'QH-B787', 'FC', 41, 0.00),
('9C-319', 'BL-A319', 'FC', 42, 0.00),
('9C-320', 'VJ-A320', 'FC', 42, 0.00),
('9C-321', 'VN-A321', 'FC', 42, 0.00),
('9C-350', 'VN-A350', 'FC', 42, 8000000.00),
('9C-787', 'QH-B787', 'FC', 42, 0.00),
('9D-319', 'BL-A319', 'FC', 43, 0.00),
('9D-320', 'VJ-A320', 'FC', 43, 0.00),
('9D-321', 'VN-A321', 'FC', 43, 0.00),
('9D-350', 'VN-A350', 'FC', 43, 8000000.00),
('9D-787', 'QH-B787', 'FC', 43, 0.00),
('9E-319', 'BL-A319', 'FC', 44, 0.00),
('9E-320', 'VJ-A320', 'FC', 44, 0.00),
('9E-321', 'VN-A321', 'FC', 44, 0.00),
('9E-350', 'VN-A350', 'FC', 44, 8000000.00),
('9E-787', 'QH-B787', 'FC', 44, 0.00);

-- --------------------------------------------------------

--
-- Table structure for table `giu_cho_tam`
--

CREATE TABLE `giu_cho_tam` (
  `MAGIUCHO` varchar(20) NOT NULL,
  `ID_USER` varchar(20) NOT NULL,
  `MACHUYENBAY` varchar(20) NOT NULL,
  `MALOAIGHE` varchar(10) NOT NULL,
  `MAGHE` varchar(20) DEFAULT NULL,
  `HOTEN` varchar(100) NOT NULL,
  `SDT` varchar(20) NOT NULL,
  `SOCCCD` varchar(20) NOT NULL,
  `GIOITINH` varchar(10) NOT NULL,
  `QUOCTICH` varchar(50) NOT NULL,
  `NGAYSINH` date NOT NULL,
  `SOHOCHIEU` varchar(20) NOT NULL,
  `NGAYHETHANHOCHIEU` date NOT NULL,
  `LOAI_HANH_KHACH` varchar(20) NOT NULL,
  `HANHLY_XACH_TAY_KG` int(11) NOT NULL,
  `SO_KIEN_KY_GUI_FREE` int(11) NOT NULL,
  `KG_MOI_KIEN_FREE` int(11) NOT NULL,
  `TONG_KG_KY_GUI_FREE` int(11) NOT NULL,
  `LOAI_KIEN_THEM` int(11) NOT NULL,
  `SO_KIEN_THEM` int(11) NOT NULL,
  `TONG_KG_MUA_THEM` int(11) NOT NULL,
  `TONG_HANHLY_KY_GUI_KG` int(11) NOT NULL,
  `PHI_HANH_LY` decimal(12,2) NOT NULL,
  `GIAVE` decimal(12,2) NOT NULL,
  `NGAYGIU` datetime DEFAULT current_timestamp(),
  `THOIGIANHETHAN` datetime NOT NULL,
  `TRANGTHAI` varchar(20) DEFAULT 'GIU_CHO'
) ENGINE=InnoDB DEFAULT CHARSET=utf8mb4 COLLATE=utf8mb4_general_ci;

--
-- Dumping data for table `giu_cho_tam`
--

INSERT INTO `giu_cho_tam` (`MAGIUCHO`, `ID_USER`, `MACHUYENBAY`, `MALOAIGHE`, `MAGHE`, `HOTEN`, `SDT`, `SOCCCD`, `GIOITINH`, `QUOCTICH`, `NGAYSINH`, `SOHOCHIEU`, `NGAYHETHANHOCHIEU`, `LOAI_HANH_KHACH`, `HANHLY_XACH_TAY_KG`, `SO_KIEN_KY_GUI_FREE`, `KG_MOI_KIEN_FREE`, `TONG_KG_KY_GUI_FREE`, `LOAI_KIEN_THEM`, `SO_KIEN_THEM`, `TONG_KG_MUA_THEM`, `TONG_HANHLY_KY_GUI_KG`, `PHI_HANH_LY`, `GIAVE`, `NGAYGIU`, `THOIGIANHETHAN`, `TRANGTHAI`) VALUES
('GC69cb87355ec9b', '0', 'VN3501', 'EC', '15A-350', 'Truong Quoc Huy B2303750', '0834449115', '089205024373', 'Nữ', 'Thái Lan', '2026-03-12', 'P1234567', '2027-11-18', 'adult', 10, 1, 23, 23, 23, 1, 23, 46, 300000.00, 4000000.00, '2026-03-31 15:35:01', '2026-03-31 16:05:01', 'DA_THANH_TOAN'),
('GC69cb87355fe8e', '0', 'VN3501', 'EC', '15B-350', 'Truong Quoc Huy B2303750', '0928374744', '089320854835', 'Nữ', 'Pháp', '2026-03-11', 'P1234567', '2029-07-12', 'child', 10, 1, 23, 23, 23, 1, 23, 46, 300000.00, 3000000.00, '2026-03-31 15:35:01', '2026-03-31 16:05:01', 'DA_THANH_TOAN'),
('GC69cb87355ff9b', '0', 'VN3501', 'EC', NULL, 'em bé', '96575743577', '234646546547', 'Nữ', 'Hoa Kỳ', '2026-03-11', 'p4565476', '2028-07-06', 'infant', 0, 0, 0, 0, 0, 0, 0, 0, 0.00, 400000.00, '2026-03-31 15:35:01', '2026-03-31 16:05:01', 'DA_THANH_TOAN'),
('GC69cb91cf64eb8', '0', 'VN3501', 'BC', '4E-350', 'Truong Quoc Huy B2303750', '0834449115', '089205024373', 'Nữ', 'Việt Nam', '2026-03-04', 'P2222222', '2028-03-02', 'adult', 18, 2, 32, 64, 23, 1, 23, 87, 300000.00, 16300000.00, '2026-03-31 16:20:15', '2026-03-31 16:50:15', 'DA_THANH_TOAN'),
('GC69cb91cf652db', '0', 'VN3501', 'BC', '4D-350', 'Truong Quoc Huy B2303750', '0928374744', '089320854835', 'Nữ', 'Việt Nam', '2026-03-05', 'P1234567', '2029-11-23', 'child', 18, 2, 32, 64, 23, 2, 46, 110, 600000.00, 12000000.00, '2026-03-31 16:20:15', '2026-03-31 16:50:15', 'DA_THANH_TOAN'),
('GC69cb91cf653c6', '0', 'VN3501', 'BC', NULL, 'em bé', '96575743577', '234646546547', 'Nữ', 'Việt Nam', '2026-03-19', 'p4565476', '2029-07-05', 'infant', 0, 0, 0, 0, 0, 0, 0, 0, 0.00, 1600000.00, '2026-03-31 16:20:15', '2026-03-31 16:50:15', 'DA_THANH_TOAN'),
('GC69cb941ea8dd2', '0', 'VN3501', 'BC', '2C-350', 'Truong Quoc Huy B2303750', '0834449115', '089205024373', 'Nữ', 'Việt Nam', '2026-03-10', 'P2222222', '2029-11-25', 'adult', 18, 2, 32, 64, 23, 1, 23, 87, 300000.00, 16000000.00, '2026-03-31 16:30:06', '2026-03-31 16:30:16', 'DA_THANH_TOAN'),
('GC69cb96df0a71a', '0', 'VN3501', 'BC', '3C-350', 'Truong Quoc Huy B2303750', '0834449115', '089205024373', 'Nam', 'Hoa Kỳ', '2026-02-24', 'P1234567', '2028-06-07', 'adult', 18, 2, 32, 64, 23, 1, 23, 87, 300000.00, 16000000.00, '2026-03-31 16:41:51', '2026-03-31 17:11:51', 'DA_THANH_TOAN'),
('GC69cb9ed737539', '0', 'VN3501', 'BC', '4C-350', 'Truong Quoc Huy B2303750', '0834449115', '089205024373', 'Nữ', 'Hoa Kỳ', '2026-03-11', 'P1234567', '2028-07-13', 'adult', 18, 2, 32, 64, 23, 1, 23, 87, 300000.00, 16000000.00, '2026-03-31 17:15:51', '2026-03-31 17:16:01', 'DA_THANH_TOAN'),
('GC69cba07557766', '0', 'VN3501', 'BC', '4B-350', 'Truong Quoc Huy B2303750', '0834449115', '089205024373', 'Nữ', 'Thái Lan', '2026-03-03', 'P1234567', '2029-07-05', 'adult', 18, 2, 32, 64, 23, 1, 23, 87, 300000.00, 16000000.00, '2026-03-31 17:22:45', '2026-03-31 17:52:45', 'DA_THANH_TOAN'),
('GC69cba79b4b24e', '0', 'VN3501', 'BC', '4A-350', 'Truong Quoc Huy B2303750', '0834449115', '089205024373', 'Nam', 'VN', '2026-03-10', 'P1234567', '2027-07-15', 'adult', 18, 2, 32, 64, 23, 1, 23, 87, 300000.00, 16300000.00, '2026-03-31 17:53:15', '2026-03-31 18:23:15', 'DA_THANH_TOAN'),
('GC69cba8fed67da', '0', 'VN3501', 'BC', '5A-350', 'Truong Quoc Huy B2303750', '0834449115', '089205024373', 'Nam', 'Vietnam', '2026-03-04', 'P1234567', '2027-06-16', 'adult', 18, 2, 32, 64, 23, 1, 23, 87, 300000.00, 16300000.00, '2026-03-31 17:59:10', '2026-03-31 18:29:10', 'DA_THANH_TOAN'),
('GC69cbff6111847', 'U009', 'VN3501', 'EC', '15C-350', 'huy', '02385325252', '084837457437', 'Nam', 'Afghanistan', '2026-03-05', 'p9324753', '2030-04-01', 'adult', 10, 1, 23, 23, 23, 2, 46, 69, 600000.00, 4000000.00, '2026-04-01 00:07:45', '2026-04-01 00:37:45', 'DA_THANH_TOAN'),
('GC69cbff6112722', 'U009', 'VN3501', 'EC', '15D-350', 'huya', '02389497325', '029304973278', 'Nữ', 'Albania', '2026-04-01', 'p2736444', '2030-04-11', 'child', 10, 1, 23, 23, 32, 3, 96, 119, 1350000.00, 3000000.00, '2026-04-01 00:07:45', '2026-04-01 00:37:45', 'DA_THANH_TOAN'),
('GC69cbff61127e0', 'U009', 'VN3501', 'EC', NULL, 'em bé', '09238497743', '098237847', 'Nam', 'Albania', '2026-03-14', 'p9237843', '2033-04-09', 'infant', 0, 0, 0, 0, 0, 0, 0, 0, 0.00, 400000.00, '2026-04-01 00:07:45', '2026-04-01 00:37:45', 'DA_THANH_TOAN'),
('GC69cc279c0574a', 'U009', 'VN3501', 'BC', '6A-350', 'rer', '00934583554', '093487574355', 'Nam', 'Vietnam', '2005-11-16', 'p8234755', '2030-01-01', 'adult', 18, 2, 32, 64, 32, 1, 32, 96, 450000.00, 3800000.00, '2026-04-01 02:59:24', '2026-04-01 03:29:24', 'DA_THANH_TOAN'),
('GC69cc279c05c7d', 'U009', 'VN3501', 'BC', '5E-350', 'jdfhdsg', '0923855555', '009325837555', 'Nam', 'Vietnam', '2005-11-16', 'p2874243', '2030-01-01', 'child', 18, 2, 32, 64, 23, 0, 0, 64, 0.00, 2925000.00, '2026-04-01 02:59:24', '2026-04-01 03:29:24', 'DA_THANH_TOAN'),
('GC69cc279c05d62', 'U009', 'VN3501', 'BC', NULL, 'em bé', '09238445525', '032858385852', 'Nữ', 'Vietnam', '2005-11-16', 'p2177444', '2030-01-01', 'infant', 0, 0, 0, 0, 0, 0, 0, 0, 0.00, 350000.00, '2026-04-01 02:59:24', '2026-04-01 03:29:24', 'DA_THANH_TOAN'),
('GC69cc392f31076', 'U009', 'VJ041601', 'FC', '7B-320', 'huy', '0923945525', '023583825255', 'Nữ', 'Vietnam', '2005-11-11', 'p1284814', '2030-04-01', 'adult', 10, 1, 32, 32, 23, 1, 23, 55, 300000.00, 1890000.00, '2026-04-01 04:14:23', '2026-04-01 04:44:23', 'DA_THANH_TOAN'),
('GC69cc392f31288', 'U009', 'VJ041601', 'FC', '7A-320', 'tre em', '0928435255', '023959585555', 'Nam', 'Vietnam', '2005-11-11', 'p2434532', '2030-11-11', 'child', 10, 1, 32, 32, 32, 2, 64, 96, 900000.00, 1617500.00, '2026-04-01 04:14:23', '2026-04-01 04:44:23', 'DA_THANH_TOAN'),
('GC69cc392f31371', 'U009', 'VJ041601', 'FC', NULL, 'em be', '0293942555', '023583552532', 'Nam', 'Vietnam', '2005-11-01', 'p2342555', '2030-01-01', 'infant', 0, 0, 0, 0, 0, 0, 0, 0, 0.00, 189000.00, '2026-04-01 04:14:23', '2026-04-01 04:44:23', 'DA_THANH_TOAN'),
('GC69cd0ffd8cbb8', 'U010', 'BL040201', 'FC', '10E-319', 'ngochan', '12345678910', '111111111111', 'Nam', 'Angola', '2005-01-01', 'n1234567', '2030-04-01', 'adult', 10, 1, 32, 32, 23, 2, 46, 78, 600000.00, 1874000.00, '2026-04-01 19:30:53', '2026-04-01 20:00:53', 'DA_THANH_TOAN'),
('GC69cd0ffd8cf77', 'U010', 'BL040201', 'FC', '13A-319', 'huy', '11111111111', '222222222222', 'Nam', 'Angola', '2020-03-04', 'b5555555', '2030-01-01', 'child', 10, 1, 32, 32, 23, 0, 0, 32, 0.00, 1455500.00, '2026-04-01 19:30:53', '2026-04-01 20:00:53', 'DA_THANH_TOAN'),
('GC69cd0ffd8d1b7', 'U010', 'BL040201', 'FC', NULL, 'thanh', '22222222222', '111111111111', 'Nam', 'Argentina', '2026-01-01', 'b3333333', '2030-01-01', 'infant', 0, 0, 0, 0, 0, 0, 0, 0, 0.00, 167400.00, '2026-04-01 19:30:53', '2026-04-01 20:00:53', 'DA_THANH_TOAN'),
('GC69cd10eabfc80', 'U010', 'BL040201', 'EC', '15A-319', 'ngochan', '12345678910', '123654789456', 'Nam', 'Belarus', '1998-01-01', 'n1234567', '2030-01-01', 'adult', 10, 1, 23, 23, 23, 2, 46, 69, 600000.00, 1116000.00, '2026-04-01 19:34:50', '2026-04-01 20:04:50', 'DA_THANH_TOAN'),
('GC69ce502d24b63', 'U010', 'VJ040301', 'FC', '14E-320', 'thanh ene', '0122655554', '023456778900', 'Nam', 'Albania', '2007-05-07', 'B1455555', '2027-07-02', 'adult', 10, 1, 32, 32, 23, 0, 0, 32, 0.00, 2090000.00, '2026-04-02 18:17:01', '2026-04-02 18:47:01', 'DA_THANH_TOAN'),
('GC69ce636da856a', 'U010', 'VJ040301', 'FC', '10D-320', 'Thanh Thank YOU', '0123588888', '023456778900', 'Nam', 'Afghanistan', '2005-01-04', 'B0099292', '2028-11-02', 'adult', 10, 1, 32, 32, 23, 0, 0, 32, 0.00, 1890000.00, '2026-04-02 19:39:09', '2026-04-02 20:09:09', 'DA_THANH_TOAN'),
('GC69d5a446d694b', 'U010', 'VJ041001', 'FC', '7A-320', 'THANH UI DA', '01226555544', '023456778900', 'Nam', 'Andorra', '2000-02-22', 'A2222223', '2030-02-22', 'adult', 10, 1, 32, 32, 23, 3, 69, 101, 900000.00, 2752000.00, '2026-04-08 07:41:42', '2026-04-08 08:11:42', 'DA_THANH_TOAN'),
('GC69d5a446d7235', 'U010', 'VJ041001', 'FC', '7B-320', 'HAN HUHU', '05555552000', '230385555500', 'Nữ', 'Albania', '2020-02-10', 'B2222234', '2030-01-01', 'child', 10, 1, 32, 32, 23, 0, 0, 32, 0.00, 1914000.00, '2026-04-08 07:41:42', '2026-04-08 08:11:42', 'DA_THANH_TOAN'),
('GC69d5a446d7893', 'U010', 'VJ041001', 'FC', NULL, 'CO BE LO LEM', '0123465789', '011111111111', 'Nữ', 'Belgium', '2026-01-01', 'B2303780', '2030-01-01', 'infant', 0, 0, 0, 0, 0, 0, 0, 0, 0.00, 255200.00, '2026-04-08 07:41:42', '2026-04-08 08:11:42', 'DA_THANH_TOAN'),
('GC69d5b3deec3ce', 'U010', 'VJ041001', 'FC', '8A-320', 'THANH UI DA', '01222222222', '023456778900', 'Nữ', 'Algeria', '2000-02-22', 'A2222223', '2030-02-22', 'adult', 10, 1, 32, 32, 23, 2, 46, 78, 600000.00, 3262000.00, '2026-04-08 08:48:14', '2026-04-08 09:18:14', 'DA_THANH_TOAN'),
('GC69d5b3deedce2', 'U010', 'VJ041001', 'FC', '8B-320', 'HAN HUHU', '05555552000', '230385555500', 'Nam', 'Andorra', '2020-02-10', 'B2222234', '2030-01-01', 'child', 10, 1, 32, 32, 23, 0, 0, 32, 0.00, 2296500.00, '2026-04-08 08:48:14', '2026-04-08 09:18:14', 'DA_THANH_TOAN'),
('GC69d5b3deee281', 'U010', 'VJ041001', 'FC', NULL, 'CO BE LO LEM', '0123465789', '011111111111', 'Nam', 'Bahrain', '2026-01-01', 'B2303780', '2030-01-01', 'infant', 0, 0, 0, 0, 0, 0, 0, 0, 0.00, 306200.00, '2026-04-08 08:48:14', '2026-04-08 09:18:14', 'DA_THANH_TOAN');

-- --------------------------------------------------------

--
-- Table structure for table `hangmaybay`
--

CREATE TABLE `hangmaybay` (
  `MAHANG` varchar(20) NOT NULL,
  `TENHANG` varchar(100) DEFAULT NULL,
  `LOGO` varchar(255) DEFAULT NULL,
  `HESO_GIA` decimal(5,2) NOT NULL DEFAULT 1.00
) ENGINE=InnoDB DEFAULT CHARSET=utf8 COLLATE=utf8_vietnamese_ci;

--
-- Dumping data for table `hangmaybay`
--

INSERT INTO `hangmaybay` (`MAHANG`, `TENHANG`, `LOGO`, `HESO_GIA`) VALUES
('BL', 'Pacific Airlines', 'pacific.png', 0.93),
('QH', 'Bamboo Airways', 'bamboo.png', 1.05),
('VJ', 'VietJet Air', 'vietjet.png', 0.90),
('VN', 'Vietnam Airlines', 'vietnam_airlines.png', 1.18),
('VU', 'Vietravel Airlines', 'vietravel.png', 0.98);

-- --------------------------------------------------------

--
-- Table structure for table `hanhkhach`
--

CREATE TABLE `hanhkhach` (
  `MAHANHKHACH` varchar(20) NOT NULL,
  `HOTEN` varchar(100) DEFAULT NULL,
  `SDT` varchar(15) DEFAULT NULL,
  `SOCCCD` varchar(20) DEFAULT NULL,
  `SOHOCHIEU` varchar(20) NOT NULL,
  `NGAYHETHANHOCHIEU` date NOT NULL,
  `GIOITINH` varchar(10) DEFAULT NULL,
  `QUOCTICH` varchar(100) DEFAULT NULL,
  `NGAYSINH` date DEFAULT NULL
) ENGINE=InnoDB DEFAULT CHARSET=utf8 COLLATE=utf8_vietnamese_ci;

--
-- Dumping data for table `hanhkhach`
--

INSERT INTO `hanhkhach` (`MAHANHKHACH`, `HOTEN`, `SDT`, `SOCCCD`, `SOHOCHIEU`, `NGAYHETHANHOCHIEU`, `GIOITINH`, `QUOCTICH`, `NGAYSINH`) VALUES
('HK001', 'Huỳnh Phước Thanh', '0912345678', '079123456789', 'P12345678', '2030-01-01', NULL, NULL, NULL),
('HK002', 'Trương Quốc Huy', '0987654321', '048987654321', 'P12345678', '2030-01-01', NULL, NULL, NULL),
('HK004', 'Nguyễn Thị Ngọc Hân', '0938456789', '075556677889', 'P12345678', '2030-01-01', NULL, NULL, NULL),
('HK1774281616', 'Huy', '113', '0123456789', 'P12345678', '2030-01-01', NULL, NULL, NULL),
('HK1774281705', 'Huy', '113', '0123456789', 'P12345678', '2030-01-01', NULL, NULL, NULL),
('HK1774281715', 'Huy', '113', '0123456789', 'P12345678', '2030-01-01', NULL, NULL, NULL),
('HK177438149969', 'Truong Quoc Huy B2303750', '0834449115', '089205024373', 'P1234567', '2027-06-16', 'Nam', 'Vietnam', '2026-03-04'),
('HK177438149975', 'Truong Quoc Huy B2303750', '0928374744', '089320854835', 'P1234567', '2029-11-23', 'Nữ', 'Việt Nam', '2026-03-05'),
('HK177438231693', 'Truong Quoc Huy', '08344491150', '054753474777', 'P1234566', '2027-11-12', 'Nữ', 'Hoa Kỳ', '2026-03-17'),
('HK177440162833', 'han', '1234567891', '123456789123', '46853481563416', '2026-03-26', NULL, NULL, NULL),
('HK177478558447', 'em bé', '96575743577', '234646546547', 'p4565476', '2029-07-05', 'Nữ', 'Việt Nam', '2026-03-19'),
('HK177478558448', 'huy', '02385325252', '084837457437', 'p9324753', '2030-04-01', 'Nam', 'Afghanistan', '2026-03-05'),
('HK177478558449', 'huya', '02389497325', '029304973278', 'p2736444', '2030-04-11', 'Nữ', 'Albania', '2026-04-01'),
('HK177478558450', 'em bé', '09238497743', '098237847', 'p9237843', '2033-04-09', 'Nam', 'Albania', '2026-03-14'),
('HK177478558451', 'rer', '00934583554', '093487574355', 'p8234755', '2030-01-01', 'Nam', 'Vietnam', '2005-11-16'),
('HK177478558452', 'jdfhdsg', '0923855555', '009325837555', 'p2874243', '2030-01-01', 'Nam', 'Vietnam', '2005-11-16'),
('HK177478558453', 'em bé', '09238445525', '032858385852', 'p2177444', '2030-01-01', 'Nữ', 'Vietnam', '2005-11-16'),
('HK177478558454', 'huy', '0923945525', '023583825255', 'p1284814', '2030-04-01', 'Nữ', 'Vietnam', '2005-11-11'),
('HK177478558455', 'tre em', '0928435255', '023959585555', 'p2434532', '2030-11-11', 'Nam', 'Vietnam', '2005-11-11'),
('HK177478558456', 'em be', '0293942555', '023583552532', 'p2342555', '2030-01-01', 'Nam', 'Vietnam', '2005-11-01'),
('HK177478558457', 'thanh', '22222222222', '111111111111', 'b3333333', '2030-01-01', 'Nam', 'Argentina', '2026-01-01'),
('HK177478558458', 'huy', '11111111111', '222222222222', 'b5555555', '2030-01-01', 'Nam', 'Angola', '2020-03-04'),
('HK177478558459', 'ngochan', '12345678910', '123654789456', 'n1234567', '2030-01-01', 'Nam', 'Belarus', '1998-01-01'),
('HK177478558460', 'THANH UI DA', '01222222222', '023456778900', 'A2222223', '2030-02-22', 'Nữ', 'Algeria', '2000-02-22'),
('HK177478558461', 'HAN HUHU', '05555552000', '230385555500', 'B2222234', '2030-01-01', 'Nam', 'Andorra', '2020-02-10'),
('HK177478558462', 'CO BE LO LEM', '0123465789', '011111111111', 'B2303780', '2030-01-01', 'Nam', 'Bahrain', '2026-01-01');

-- --------------------------------------------------------

--
-- Table structure for table `hanhly`
--

CREATE TABLE `hanhly` (
  `MAHANHLY` varchar(20) NOT NULL,
  `MAVE` varchar(20) NOT NULL,
  `TRONGLUONG` float DEFAULT NULL,
  `PHIHANHLY` decimal(10,2) DEFAULT NULL,
  `HANHLY_XACH_TAY_KG` int(11) NOT NULL DEFAULT 0,
  `SO_KIEN_KY_GUI_FREE` int(11) NOT NULL DEFAULT 0,
  `KG_MOI_KIEN_FREE` int(11) NOT NULL DEFAULT 0,
  `LOAI_KIEN_THEM` int(11) NOT NULL DEFAULT 0,
  `SO_KIEN_THEM` int(11) NOT NULL DEFAULT 0,
  `TONG_KG_KY_GUI` int(11) NOT NULL DEFAULT 0
) ENGINE=InnoDB DEFAULT CHARSET=utf8 COLLATE=utf8_vietnamese_ci;

--
-- Dumping data for table `hanhly`
--

INSERT INTO `hanhly` (`MAHANHLY`, `MAVE`, `TRONGLUONG`, `PHIHANHLY`, `HANHLY_XACH_TAY_KG`, `SO_KIEN_KY_GUI_FREE`, `KG_MOI_KIEN_FREE`, `LOAI_KIEN_THEM`, `SO_KIEN_THEM`, `TONG_KG_KY_GUI`) VALUES
('HL001', 'VE001', NULL, 600000.00, 18, 2, 32, 23, 2, 110),
('HL002', 'VE002', NULL, 0.00, 18, 2, 32, 23, 0, 64),
('HL003', 'VE003', NULL, 0.00, 0, 0, 0, 0, 0, 0),
('HL004', 'VE004', NULL, 300000.00, 18, 2, 32, 23, 1, 87),
('HL005', 'VE005', NULL, 300000.00, 18, 2, 32, 23, 1, 87),
('HL006', 'VE006', NULL, 0.00, 0, 0, 0, 0, 0, 0),
('HL007', 'VE007', NULL, 300000.00, 18, 2, 32, 23, 1, 87),
('HL008', 'VE008', NULL, 300000.00, 18, 2, 32, 23, 1, 87),
('HL009', 'VE009', NULL, 0.00, 0, 0, 0, 0, 0, 0),
('HL010', 'VE010', NULL, 600000.00, 18, 2, 32, 23, 2, 110),
('HL011', 'VE011', NULL, 450000.00, 18, 2, 32, 32, 1, 96),
('HL012', 'VE012', NULL, 0.00, 0, 0, 0, 0, 0, 0),
('HL013', 'VE013', NULL, 300000.00, 18, 2, 32, 23, 1, 87),
('HL014', 'VE014', NULL, 300000.00, 18, 2, 32, 23, 1, 87),
('HL015', 'VE015', NULL, 0.00, 0, 0, 0, 0, 0, 0),
('HL016', 'VE016', NULL, 300000.00, 18, 2, 32, 23, 1, 87),
('HL017', 'VE017', NULL, 600000.00, 18, 2, 32, 23, 2, 110),
('HL018', 'VE018', NULL, 0.00, 0, 0, 0, 0, 0, 0),
('HL019', 'VE019', NULL, 300000.00, 10, 1, 23, 23, 1, 46),
('HL020', 'VE020', NULL, 300000.00, 10, 1, 23, 23, 1, 46),
('HL021', 'VE021', NULL, 0.00, 0, 0, 0, 0, 0, 0),
('HL022', 'VE022', NULL, 300000.00, 18, 2, 32, 23, 1, 87),
('HL023', 'VE023', NULL, 600000.00, 18, 2, 32, 23, 2, 110),
('HL024', 'VE024', NULL, 0.00, 0, 0, 0, 0, 0, 0),
('HL025', 'VE025', NULL, 300000.00, 18, 2, 32, 23, 1, 87),
('HL026', 'VE026', NULL, 300000.00, 18, 2, 32, 23, 1, 87),
('HL027', 'VE027', NULL, 300000.00, 18, 2, 32, 23, 1, 87),
('HL028', 'VE028', NULL, 300000.00, 18, 2, 32, 23, 1, 87),
('HL029', 'VE029', NULL, 300000.00, 18, 2, 32, 23, 1, 87),
('HL030', 'VE030', NULL, 300000.00, 18, 2, 32, 23, 1, 87),
('HL031', 'VE031', NULL, 600000.00, 10, 1, 23, 23, 2, 69),
('HL032', 'VE032', NULL, 1350000.00, 10, 1, 23, 32, 3, 119),
('HL033', 'VE033', NULL, 0.00, 0, 0, 0, 0, 0, 0),
('HL034', 'VE034', NULL, 450000.00, 18, 2, 32, 32, 1, 96),
('HL035', 'VE035', NULL, 0.00, 18, 2, 32, 23, 0, 64),
('HL036', 'VE036', NULL, 0.00, 0, 0, 0, 0, 0, 0),
('HL037', 'VE037', NULL, 300000.00, 10, 1, 32, 23, 1, 55),
('HL038', 'VE038', NULL, 900000.00, 10, 1, 32, 32, 2, 96),
('HL039', 'VE039', NULL, 0.00, 0, 0, 0, 0, 0, 0),
('HL040', 'VE040', NULL, 600000.00, 10, 1, 32, 23, 2, 78),
('HL041', 'VE041', NULL, 0.00, 10, 1, 32, 23, 0, 32),
('HL042', 'VE042', NULL, 0.00, 0, 0, 0, 0, 0, 0),
('HL043', 'VE043', NULL, 600000.00, 10, 1, 23, 23, 2, 69),
('HL044', 'VE044', NULL, 0.00, 10, 1, 32, 23, 0, 32),
('HL045', 'VE045', NULL, 900000.00, 10, 1, 32, 23, 3, 101),
('HL046', 'VE046', NULL, 0.00, 10, 1, 32, 23, 0, 32),
('HL047', 'VE047', NULL, 0.00, 0, 0, 0, 0, 0, 0),
('HL048', 'VE048', NULL, 600000.00, 10, 1, 32, 23, 2, 78),
('HL049', 'VE049', NULL, 0.00, 10, 1, 32, 23, 0, 32),
('HL050', 'VE050', NULL, 0.00, 0, 0, 0, 0, 0, 0);

-- --------------------------------------------------------

--
-- Table structure for table `hoadon`
--

CREATE TABLE `hoadon` (
  `MAHOADON` varchar(20) NOT NULL,
  `ID_USER` varchar(20) NOT NULL,
  `MANHANVIEN` varchar(20) DEFAULT NULL,
  `NGAYLAPHOADON` datetime DEFAULT NULL,
  `TONGTIEN` decimal(10,2) DEFAULT NULL,
  `TRANGTHAIHOADON` varchar(50) DEFAULT NULL,
  `LOAIVE_HOADON` varchar(50) DEFAULT NULL
) ENGINE=InnoDB DEFAULT CHARSET=utf8 COLLATE=utf8_vietnamese_ci;

--
-- Dumping data for table `hoadon`
--

INSERT INTO `hoadon` (`MAHOADON`, `ID_USER`, `MANHANVIEN`, `NGAYLAPHOADON`, `TONGTIEN`, `TRANGTHAIHOADON`, `LOAIVE_HOADON`) VALUES
('HD001', 'U001', NULL, '2026-03-25 02:44:59', 18000000.00, 'DA_THANH_TOAN', 'MOT_CHIEU'),
('HD002', 'U001', NULL, '2026-03-25 02:58:36', 5000000.00, 'DA_THANH_TOAN', 'MOT_CHIEU'),
('HD003', 'U003', NULL, '2026-03-25 08:20:28', 9000000.00, 'DA_THANH_TOAN', 'MOT_CHIEU'),
('HD004', 'U009', NULL, '2026-03-28 17:35:35', 8000000.00, 'DA_THANH_TOAN', 'MOT_CHIEU'),
('HD005', 'U009', NULL, '2026-03-28 17:49:32', 19000000.00, 'DA_THANH_TOAN', 'MOT_CHIEU'),
('HD006', 'U009', NULL, '2026-03-28 18:02:46', 9000000.00, 'DA_THANH_TOAN', 'MOT_CHIEU'),
('HD007', 'U009', NULL, '2026-03-28 18:20:24', 16000000.00, 'DA_THANH_TOAN', 'MOT_CHIEU'),
('HD008', 'U009', NULL, '2026-03-28 18:22:30', 16000000.00, 'DA_THANH_TOAN', 'MOT_CHIEU'),
('HD009', 'U009', NULL, '2026-03-28 18:39:54', 4000000.00, 'DA_THANH_TOAN', 'MOT_CHIEU'),
('HD010', 'U009', NULL, '2026-03-28 18:41:48', 9000000.00, 'DA_THANH_TOAN', 'MOT_CHIEU'),
('HD011', 'U009', NULL, '2026-03-28 18:53:39', 4000000.00, 'DA_THANH_TOAN', 'MOT_CHIEU'),
('HD012', 'U009', NULL, '2026-03-28 18:54:56', 4000000.00, 'DA_THANH_TOAN', 'MOT_CHIEU'),
('HD013', 'U009', NULL, '2026-03-29 18:59:44', 30500000.00, 'DA_THANH_TOAN', 'MOT_CHIEU'),
('HD014', 'U009', NULL, '2026-03-29 19:39:09', 30425000.00, 'DA_THANH_TOAN', 'MOT_CHIEU'),
('HD015', 'U009', NULL, '2026-03-29 19:53:01', 30500000.00, 'DA_THANH_TOAN', 'MOT_CHIEU'),
('HD016', 'U009', NULL, '2026-03-29 20:21:05', 30950000.00, 'DA_THANH_TOAN', 'MOT_CHIEU'),
('HD017', 'U009', NULL, '2026-03-29 20:40:17', 30500000.00, 'DA_THANH_TOAN', 'MOT_CHIEU'),
('HD018', 'U009', NULL, '2026-03-31 10:12:04', 30800000.00, 'DA_THANH_TOAN', 'MOT_CHIEU'),
('HD019', 'U009', NULL, '2026-03-31 16:05:00', 8000000.00, 'DA_THANH_TOAN', 'MOT_CHIEU'),
('HD020', 'U009', NULL, '2026-03-31 16:21:14', 30800000.00, 'DA_THANH_TOAN', 'MOT_CHIEU'),
('HD021', 'U009', NULL, '2026-03-31 16:30:10', 16300000.00, 'DA_THANH_TOAN', 'MOT_CHIEU'),
('HD022', 'U009', NULL, '2026-03-31 16:44:29', 16300000.00, 'DA_THANH_TOAN', 'MOT_CHIEU'),
('HD023', 'U009', NULL, '2026-03-31 17:15:52', 16300000.00, 'DA_THANH_TOAN', 'MOT_CHIEU'),
('HD024', 'U009', NULL, '2026-03-31 17:23:02', 16300000.00, 'DA_THANH_TOAN', 'MOT_CHIEU'),
('HD025', 'U009', NULL, '2026-03-31 17:53:31', 16600000.00, 'DA_THANH_TOAN', 'MOT_CHIEU'),
('HD026', 'U009', NULL, '2026-03-31 17:59:13', 16600000.00, 'DA_THANH_TOAN', 'MOT_CHIEU'),
('HD027', 'U009', NULL, '2026-04-01 00:16:49', 9350000.00, 'DA_THANH_TOAN', 'MOT_CHIEU'),
('HD028', 'U009', NULL, '2026-04-01 03:00:10', 7525000.00, 'DA_THANH_TOAN', 'MOT_CHIEU'),
('HD029', 'U009', NULL, '2026-04-01 04:15:03', 4896500.00, 'DA_THANH_TOAN', 'MOT_CHIEU'),
('HD030', 'U010', NULL, '2026-04-01 19:31:01', 4096900.00, 'DA_THANH_TOAN', 'MOT_CHIEU'),
('HD031', 'U010', NULL, '2026-04-01 19:34:55', 1716000.00, 'DA_THANH_TOAN', 'MOT_CHIEU'),
('HD032', 'U010', NULL, '2026-04-02 19:39:27', 1890000.00, 'DA_THANH_TOAN', 'MOT_CHIEU'),
('HD033', 'U010', NULL, '2026-04-08 07:47:39', 5821200.00, 'DA_THANH_TOAN', 'MOT_CHIEU'),
('HD034', 'U010', NULL, '2026-04-08 08:48:43', 6464700.00, 'DA_THANH_TOAN', 'MOT_CHIEU');

-- --------------------------------------------------------

--
-- Table structure for table `loaighe`
--

CREATE TABLE `loaighe` (
  `MALOAIGHE` varchar(20) NOT NULL,
  `TENLOAIGHE` varchar(50) DEFAULT NULL,
  `HANHLY_XAC_TAY_KG` int(11) DEFAULT 0,
  `SO_KIEN_KY_GUI` int(11) DEFAULT 0,
  `KG_MOI_KIEN` int(11) DEFAULT 0,
  `HESO_GIA` decimal(4,2) NOT NULL DEFAULT 1.00
) ENGINE=InnoDB DEFAULT CHARSET=utf8 COLLATE=utf8_vietnamese_ci;

--
-- Dumping data for table `loaighe`
--

INSERT INTO `loaighe` (`MALOAIGHE`, `TENLOAIGHE`, `HANHLY_XAC_TAY_KG`, `SO_KIEN_KY_GUI`, `KG_MOI_KIEN`, `HESO_GIA`) VALUES
('BC', 'Business', 18, 2, 32, 2.50),
('EC', 'Economy', 10, 1, 23, 1.00),
('FC', 'Premium Economy', 10, 1, 32, 1.50);

-- --------------------------------------------------------

--
-- Table structure for table `loaihanhly`
--

CREATE TABLE `loaihanhly` (
  `MALOAIHANHLY` char(10) NOT NULL,
  `TENLOAIHANHLY` varchar(50) NOT NULL,
  `PHIGOC` decimal(8,0) DEFAULT 0,
  `PHI_MOI_KG` decimal(8,0) DEFAULT 0
) ENGINE=InnoDB DEFAULT CHARSET=utf8 COLLATE=utf8_vietnamese_ci;

--
-- Dumping data for table `loaihanhly`
--

INSERT INTO `loaihanhly` (`MALOAIHANHLY`, `TENLOAIHANHLY`, `PHIGOC`, `PHI_MOI_KG`) VALUES
('LHL01', 'Xách tay', 0, 0),
('LHL02', 'Ký gửi', 0, 100000);

-- --------------------------------------------------------

--
-- Table structure for table `maybay`
--

CREATE TABLE `maybay` (
  `MAMAYBAY` varchar(20) NOT NULL,
  `MAHANG` varchar(20) NOT NULL,
  `TENMAYBAY` varchar(100) DEFAULT NULL,
  `SOGHE_BC` int(100) NOT NULL,
  `SOGHE_FC` int(100) NOT NULL,
  `SOGHE_EC` int(100) NOT NULL
) ENGINE=InnoDB DEFAULT CHARSET=utf8 COLLATE=utf8_vietnamese_ci;

--
-- Dumping data for table `maybay`
--

INSERT INTO `maybay` (`MAMAYBAY`, `MAHANG`, `TENMAYBAY`, `SOGHE_BC`, `SOGHE_FC`, `SOGHE_EC`) VALUES
('BL-A319', 'BL', 'Airbus A319', 29, 40, 236),
('QH-B787', 'QH', 'Boeing 787', 29, 40, 236),
('VJ-A320', 'VJ', 'Airbus A320', 29, 40, 236),
('VN-A321', 'VU', 'Airbus A321', 29, 40, 236),
('VN-A350', 'VN', 'Airbus A350', 29, 40, 236);

-- --------------------------------------------------------

--
-- Table structure for table `nhanvien`
--

CREATE TABLE `nhanvien` (
  `MANHANVIEN` varchar(20) NOT NULL,
  `HOTEN` varchar(256) NOT NULL,
  `NGAYSINH` date DEFAULT NULL,
  `GIOITINH` tinyint(1) DEFAULT NULL,
  `SOCCCD` varchar(20) DEFAULT NULL
) ENGINE=InnoDB DEFAULT CHARSET=utf8 COLLATE=utf8_vietnamese_ci;

--
-- Dumping data for table `nhanvien`
--

INSERT INTO `nhanvien` (`MANHANVIEN`, `HOTEN`, `NGAYSINH`, `GIOITINH`, `SOCCCD`) VALUES
('NV001', 'Nguyễn Ngọc Ánh', '1985-06-12', 1, '123456789012'),
('NV002', 'Trần Thanh Huy', '1990-08-21', 0, '234567890123'),
('NV003', 'Lê Minh Tuấn', '1987-01-15', 1, '345678901234'),
('NV004', 'Phạm Quỳnh Như', '1992-04-30', 0, '456789012345'),
('NV005', 'Hoàng Văn Hùng', '1989-11-05', 1, '567890123456');

-- --------------------------------------------------------

--
-- Table structure for table `sanbay`
--

CREATE TABLE `sanbay` (
  `MASANBAY` varchar(20) NOT NULL,
  `MADIADIEM` varchar(20) NOT NULL,
  `TENSANBAY` varchar(100) DEFAULT NULL
) ENGINE=InnoDB DEFAULT CHARSET=utf8 COLLATE=utf8_vietnamese_ci;

--
-- Dumping data for table `sanbay`
--

INSERT INTO `sanbay` (`MASANBAY`, `MADIADIEM`, `TENSANBAY`) VALUES
('BKK', 'BKK', 'Suvarnabhumi Airport'),
('CDG', 'CDG', 'Charles de Gaulle Airport'),
('CXR', 'CXR', 'Cam Ranh International Airport'),
('DAD', 'DAD', 'Da Nang International Airport'),
('HAN', 'HAN', 'Noi Bai International Airport'),
('ICN', 'ICN', 'Incheon International Airport'),
('NRT', 'NRT', 'Narita International Airport'),
('PQC', 'PQC', 'Phu Quoc International Airport'),
('SGN', 'SGN', 'Tan Son Nhat International Airport'),
('SIN', 'SIN', 'Changi Airport');

-- --------------------------------------------------------

--
-- Table structure for table `tuyenbay`
--

CREATE TABLE `tuyenbay` (
  `MATUYEN` varchar(20) NOT NULL,
  `SANBAYDI` varchar(20) NOT NULL,
  `SANBAYDEN` varchar(20) NOT NULL,
  `KHOANGCACH` int(11) DEFAULT NULL,
  `THOIGIANBAY` int(11) DEFAULT NULL,
  `GIACOBAN` decimal(10,0) DEFAULT NULL
) ENGINE=InnoDB DEFAULT CHARSET=utf8 COLLATE=utf8_vietnamese_ci;

--
-- Dumping data for table `tuyenbay`
--

INSERT INTO `tuyenbay` (`MATUYEN`, `SANBAYDI`, `SANBAYDEN`, `KHOANGCACH`, `THOIGIANBAY`, `GIACOBAN`) VALUES
('gtfg', 'CDG', 'BKK', NULL, 2000, 120000),
('TB001', 'SGN', 'HAN', 1150, 120, 1700000),
('TB002', 'HAN', 'SGN', 1150, 120, 1700000),
('TB003', 'SGN', 'DAD', 960, 95, 1400000),
('TB004', 'DAD', 'SGN', 960, 95, 1400000),
('TB005', 'SGN', 'CXR', 400, 65, 600000),
('TB006', 'CXR', 'SGN', 400, 65, 600000),
('TB007', 'SGN', 'PQC', 300, 60, 500000),
('TB008', 'PQC', 'SGN', 300, 60, 500000),
('TB009', 'HAN', 'DAD', 770, 85, 1200000),
('TB010', 'DAD', 'HAN', 770, 85, 1200000),
('TB011', 'SGN', 'BKK', 750, 90, 1800000),
('TB012', 'BKK', 'SGN', 750, 90, 1800000),
('TB013', 'SGN', 'SIN', 1100, 120, 2200000),
('TB014', 'SIN', 'SGN', 1100, 120, 2200000),
('TB015', 'SGN', 'ICN', 3600, 300, 5500000),
('TB016', 'ICN', 'SGN', 3600, 300, 5500000),
('TB017', 'SGN', 'NRT', 4300, 330, 6500000),
('TB018', 'NRT', 'SGN', 4300, 330, 6500000),
('TB019', 'SGN', 'CDG', 10000, 720, 12000000),
('TB020', 'CDG', 'SGN', 10000, 720, 12000000);

-- --------------------------------------------------------

--
-- Table structure for table `users`
--

CREATE TABLE `users` (
  `ID_USER` varchar(20) NOT NULL,
  `USERNAME` varchar(50) NOT NULL,
  `MAHANHKHACH` varchar(50) DEFAULT NULL,
  `SDT` varchar(15) NOT NULL,
  `MANHANVIEN` varchar(20) DEFAULT NULL,
  `EMAIL` varchar(100) DEFAULT NULL,
  `PASSWORD` varchar(255) DEFAULT NULL,
  `ROLE` tinyint(1) DEFAULT NULL,
  `FULLNAME` varchar(100) DEFAULT NULL,
  `BIRTHDAY` date DEFAULT NULL,
  `GENDER` varchar(10) DEFAULT NULL,
  `AVATAR` varchar(255) DEFAULT NULL
) ENGINE=InnoDB DEFAULT CHARSET=utf8 COLLATE=utf8_vietnamese_ci;

--
-- Dumping data for table `users`
--

INSERT INTO `users` (`ID_USER`, `USERNAME`, `MAHANHKHACH`, `SDT`, `MANHANVIEN`, `EMAIL`, `PASSWORD`, `ROLE`, `FULLNAME`, `BIRTHDAY`, `GENDER`, `AVATAR`) VALUES
('U001', 'Huy', NULL, '0912345678', NULL, 'huyb2303750@student.ctu.edu.vn', '$2y$10$utFp.af0dTXFAq8UxSWTDu9ThrU8tNUJ8ODDh0bmnxGAcvAvTc7cC', 0, NULL, NULL, NULL, NULL),
('U002', 'Hân', NULL, '', NULL, 'han@gmail.com', '$2y$10$f4ga9wP/JLxhij6dqYvJ8eJKnt/4mQK86dJAFs8pqDy4lqSLuHMQe', 0, NULL, NULL, NULL, NULL),
('U003', 'ngọc hân', NULL, '1234567893', NULL, 'han123@gmail.com', '$2y$10$VThl8DQdXCIKhmnOGq5x5.sACxGlSmDGAXR7tpXsbsPLnDJkNJQwq', 0, NULL, NULL, NULL, NULL),
('U004', 'Phi Y', NULL, '0123456789', NULL, 'phiy@gmail.com', '$2y$10$Em/V4XJI03RtG4fQbdaQEOaOOh7yM81CrUI59icj7xr3K1ef/rZuy', 1, NULL, NULL, NULL, NULL),
('U005', 'Phy y', NULL, '012345678', NULL, 'phyy@gmail.com', '$2y$10$zW8bcSAoYBD6M5gTagklXua46M.iYhKwAkyhu3S4fg9v0G9mK.Zja', 0, NULL, NULL, NULL, NULL),
('U006', 'Sa Phi Y', NULL, '0123456789', NULL, 'saphiy@gmail.com', '$2y$10$WoYfuU3DS.BNlt6OaV4IWuxfiN4aYLYhrqkFWeM4XVkTa0Gd7VGdu', 0, 'A Mach Sa Phi Y', '2026-03-14', 'Nam', 'uploads/avatar/1774426220_Screenshot 2026-03-13 155246.png'),
('U007', 'VanD', NULL, '0123456789', NULL, 'nvd@gmail.com', '$2y$10$cqXXirPPmhSJ7RrwhrUt1O5//RinWWZmBnkTyreFSqztu5ceHJcjq', 0, NULL, NULL, NULL, NULL),
('U008', 'ANguyen', NULL, '0123456789', NULL, 'nta@gmail.com', '$2y$10$lfH/kiyFEUxsgmxMxwFa8e39pbwK6eCTfb.EhKQki/2dpbxgM7RUe', 0, 'Nguyen Thi A', '2004-04-10', 'Nữ', NULL),
('U009', 'huy', NULL, '0834449115', NULL, 'huy@gmail.com', '$2y$10$rh8Obs5vQEPpBTl1WeVEZeuDYJGDoyFZsg6ec4NPH4pvQpg2QLxMO', 0, 'Trương Quốc Huy', '2005-11-16', 'Nam', NULL),
('U010', 'b2303744', NULL, '0775812920', NULL, 'hanb2303744@student.ctu.edu.vn', '$2y$10$GJIURJwouyQyYV6aIwHY5.s2dux106KAFCOAI6/8KpI0RkpgFe6Yy', 0, 'Nguyen Thi Ngoc Han', '2005-10-02', 'Nam', NULL);

-- --------------------------------------------------------

--
-- Table structure for table `ve`
--

CREATE TABLE `ve` (
  `MAVE` varchar(20) NOT NULL,
  `MACHUYENBAY` varchar(20) NOT NULL,
  `MAGHE` varchar(20) DEFAULT NULL,
  `MAHANHKHACH` varchar(20) NOT NULL,
  `GIAVE` decimal(10,2) DEFAULT NULL,
  `NGAYDATVE` datetime DEFAULT NULL,
  `HOTEN` varchar(100) DEFAULT NULL,
  `GIOITINH` varchar(10) DEFAULT NULL,
  `QUOCTICH` varchar(100) DEFAULT NULL,
  `NGAYSINH` date DEFAULT NULL,
  `SDT` varchar(20) DEFAULT NULL,
  `LOAI_HANH_KHACH` varchar(10) DEFAULT NULL
) ENGINE=InnoDB DEFAULT CHARSET=utf8 COLLATE=utf8_vietnamese_ci;

--
-- Dumping data for table `ve`
--

INSERT INTO `ve` (`MAVE`, `MACHUYENBAY`, `MAGHE`, `MAHANHKHACH`, `GIAVE`, `NGAYDATVE`, `HOTEN`, `GIOITINH`, `QUOCTICH`, `NGAYSINH`, `SDT`, `LOAI_HANH_KHACH`) VALUES
('VE001', 'VN3501', '1A-350', 'HK177438149969', 16300000.00, '2026-03-29 18:59:44', 'Truong Quoc Huy B2303750', 'Nam', 'Việt Nam', '2026-03-12', '0834449115', NULL),
('VE002', 'VN3501', '1B-350', 'HK177438149975', 12000000.00, '2026-03-29 18:59:44', 'Truong Quoc Huy B2303750', 'Nữ', 'Việt Nam', '2026-03-03', '0928374744', NULL),
('VE003', 'VN3501', '1C-350', 'HK177478558447', 16000000.00, '2026-03-29 18:59:44', 'em bé', 'Nữ', 'Việt Nam', '2026-03-05', '96575743577', NULL),
('VE004', 'VN3501', '1D-350', 'HK177438149969', 16000000.00, '2026-03-29 19:39:09', 'Truong Quoc Huy B2303750', 'Nam', 'Việt Nam', '2026-03-19', '0834449115', NULL),
('VE005', 'VN3501', '1E-350', 'HK177438149975', 12225000.00, '2026-03-29 19:39:09', 'Truong Quoc Huy B2303750', 'Nam', 'Việt Nam', '2026-03-20', '0928374744', NULL),
('VE006', 'VN3501', NULL, 'HK177478558447', 1600000.00, '2026-03-29 19:39:09', 'em bé', 'Nữ', 'Việt Nam', '2026-03-12', '96575743577', NULL),
('VE007', 'VN3501', '2A-350', 'HK177438149969', 16300000.00, '2026-03-29 19:53:01', 'Truong Quoc Huy B2303750', 'Nam', 'Việt Nam', '2026-03-05', '0834449115', NULL),
('VE008', 'VN3501', '2B-350', 'HK177438149975', 12000000.00, '2026-03-29 19:53:01', 'Truong Quoc Huy B2303750', 'Nữ', 'Việt Nam', '2026-03-12', '0928374744', NULL),
('VE009', 'VN3501', NULL, 'HK177478558447', 1600000.00, '2026-03-29 19:53:01', 'em bé', 'Nữ', 'Việt Nam', '2026-03-05', '96575743577', NULL),
('VE010', 'VN3501', '3A-350', 'HK177438149969', 16300000.00, '2026-03-29 20:21:05', 'Truong Quoc Huy B2303750', 'Nam', 'Hoa Kỳ', '2026-03-12', '0834449115', 'adult'),
('VE011', 'VN3501', '3B-350', 'HK177438149975', 12000000.00, '2026-03-29 20:21:05', 'Truong Quoc Huy B2303750', 'Nữ', 'Việt Nam', '2026-02-24', '0928374744', 'child'),
('VE012', 'VN3501', NULL, 'HK177478558447', 1600000.00, '2026-03-29 20:21:05', 'em bé', 'Nữ', 'Việt Nam', '2026-03-11', '96575743577', 'infant'),
('VE013', 'VN3501', '2E-350', 'HK177438149969', 16300000.00, '2026-03-29 20:40:17', 'Truong Quoc Huy B2303750', 'Nữ', 'Việt Nam', '2026-03-06', '0834449115', 'adult'),
('VE014', 'VN3501', '2D-350', 'HK177438149975', 12000000.00, '2026-03-29 20:40:17', 'Truong Quoc Huy B2303750', 'Khác', 'Việt Nam', '2026-03-05', '0928374744', 'child'),
('VE015', 'VN3501', NULL, 'HK177478558447', 1600000.00, '2026-03-29 20:40:17', 'em bé', 'Nữ', 'Hoa Kỳ', '2026-03-10', '96575743577', 'infant'),
('VE016', 'VN3501', '3E-350', 'HK177438149969', 16300000.00, '2026-03-31 10:12:04', 'Truong Quoc Huy B2303750', 'Nam', 'Việt Nam', '2026-03-11', '0834449115', 'adult'),
('VE017', 'VN3501', '3D-350', 'HK177438149975', 12000000.00, '2026-03-31 10:12:04', 'Truong Quoc Huy B2303750', 'Nam', 'Việt Nam', '2026-03-04', '0928374744', 'child'),
('VE018', 'VN3501', NULL, 'HK177478558447', 1600000.00, '2026-03-31 10:12:04', 'em bé', 'Khác', 'Hoa Kỳ', '2026-03-27', '96575743577', 'infant'),
('VE019', 'VN3501', '15A-350', 'HK177438149969', 4000000.00, '2026-03-31 16:05:00', 'Truong Quoc Huy B2303750', 'Nữ', 'Thái Lan', '2026-03-12', '0834449115', 'adult'),
('VE020', 'VN3501', '15B-350', 'HK177438149975', 3000000.00, '2026-03-31 16:05:00', 'Truong Quoc Huy B2303750', 'Nữ', 'Pháp', '2026-03-11', '0928374744', 'child'),
('VE021', 'VN3501', NULL, 'HK177478558447', 400000.00, '2026-03-31 16:05:00', 'em bé', 'Nữ', 'Hoa Kỳ', '2026-03-11', '96575743577', 'infant'),
('VE022', 'VN3501', '4E-350', 'HK177438149969', 16300000.00, '2026-03-31 16:21:14', 'Truong Quoc Huy B2303750', 'Nữ', 'Việt Nam', '2026-03-04', '0834449115', 'adult'),
('VE023', 'VN3501', '4D-350', 'HK177438149975', 12000000.00, '2026-03-31 16:21:14', 'Truong Quoc Huy B2303750', 'Nữ', 'Việt Nam', '2026-03-05', '0928374744', 'child'),
('VE024', 'VN3501', NULL, 'HK177478558447', 1600000.00, '2026-03-31 16:21:14', 'em bé', 'Nữ', 'Việt Nam', '2026-03-19', '96575743577', 'infant'),
('VE025', 'VN3501', '2C-350', 'HK177438149969', 16000000.00, '2026-03-31 16:30:10', 'Truong Quoc Huy B2303750', 'Nữ', 'Việt Nam', '2026-03-10', '0834449115', 'adult'),
('VE026', 'VN3501', '3C-350', 'HK177438149969', 16000000.00, '2026-03-31 16:44:29', 'Truong Quoc Huy B2303750', 'Nam', 'Hoa Kỳ', '2026-02-24', '0834449115', 'adult'),
('VE027', 'VN3501', '4C-350', 'HK177438149969', 16000000.00, '2026-03-31 17:15:52', 'Truong Quoc Huy B2303750', 'Nữ', 'Hoa Kỳ', '2026-03-11', '0834449115', 'adult'),
('VE028', 'VN3501', '4B-350', 'HK177438149969', 16000000.00, '2026-03-31 17:23:02', 'Truong Quoc Huy B2303750', 'Nữ', 'Thái Lan', '2026-03-03', '0834449115', 'adult'),
('VE029', 'VN3501', '4A-350', 'HK177438149969', 16300000.00, '2026-03-31 17:53:31', 'Truong Quoc Huy B2303750', 'Nam', 'VN', '2026-03-10', '0834449115', 'adult'),
('VE030', 'VN3501', '5A-350', 'HK177438149969', 16300000.00, '2026-03-31 17:59:13', 'Truong Quoc Huy B2303750', 'Nam', 'Vietnam', '2026-03-04', '0834449115', 'adult'),
('VE031', 'VN3501', '15C-350', 'HK177478558448', 4000000.00, '2026-04-01 00:16:49', 'huy', 'Nam', 'Afghanistan', '2026-03-05', '02385325252', 'adult'),
('VE032', 'VN3501', '15D-350', 'HK177478558449', 3000000.00, '2026-04-01 00:16:49', 'huya', 'Nữ', 'Albania', '2026-04-01', '02389497325', 'child'),
('VE033', 'VN3501', NULL, 'HK177478558450', 400000.00, '2026-04-01 00:16:49', 'em bé', 'Nam', 'Albania', '2026-03-14', '09238497743', 'infant'),
('VE034', 'VN3501', '6A-350', 'HK177478558451', 3800000.00, '2026-04-01 03:00:10', 'rer', 'Nam', 'Vietnam', '2005-11-16', '00934583554', 'adult'),
('VE035', 'VN3501', '5E-350', 'HK177478558452', 2925000.00, '2026-04-01 03:00:10', 'jdfhdsg', 'Nam', 'Vietnam', '2005-11-16', '0923855555', 'child'),
('VE036', 'VN3501', NULL, 'HK177478558453', 350000.00, '2026-04-01 03:00:10', 'em bé', 'Nữ', 'Vietnam', '2005-11-16', '09238445525', 'infant'),
('VE037', 'VJ041601', '7B-320', 'HK177478558454', 1890000.00, '2026-04-01 04:15:03', 'huy', 'Nữ', 'Vietnam', '2005-11-11', '0923945525', 'adult'),
('VE038', 'VJ041601', '7A-320', 'HK177478558455', 1617500.00, '2026-04-01 04:15:03', 'tre em', 'Nam', 'Vietnam', '2005-11-11', '0928435255', 'child'),
('VE039', 'VJ041601', NULL, 'HK177478558456', 189000.00, '2026-04-01 04:15:03', 'em be', 'Nam', 'Vietnam', '2005-11-01', '0293942555', 'infant'),
('VE040', 'BL040201', '10E-319', 'HK177478558457', 1874000.00, '2026-04-01 19:31:01', 'ngochan', 'Nam', 'Angola', '2005-01-01', '12345678910', 'adult'),
('VE041', 'BL040201', '13A-319', 'HK177478558458', 1455500.00, '2026-04-01 19:31:01', 'huy', 'Nam', 'Angola', '2020-03-04', '11111111111', 'child'),
('VE042', 'BL040201', NULL, 'HK177478558457', 167400.00, '2026-04-01 19:31:01', 'thanh', 'Nam', 'Argentina', '2026-01-01', '22222222222', 'infant'),
('VE043', 'BL040201', '15A-319', 'HK177478558459', 1116000.00, '2026-04-01 19:34:55', 'ngochan', 'Nam', 'Belarus', '1998-01-01', '12345678910', 'adult'),
('VE044', 'VJ040301', '10D-320', 'HK177478558460', 1890000.00, '2026-04-02 19:39:27', 'Thanh Thank YOU', 'Nam', 'Afghanistan', '2005-01-04', '0123588888', 'adult'),
('VE045', 'VJ041001', '7A-320', 'HK177478558460', 2752000.00, '2026-04-08 07:47:39', 'THANH UI DA', 'Nam', 'Andorra', '2000-02-22', '01226555544', 'adult'),
('VE046', 'VJ041001', '7B-320', 'HK177478558461', 1914000.00, '2026-04-08 07:47:39', 'HAN HUHU', 'Nữ', 'Albania', '2020-02-10', '05555552000', 'child'),
('VE047', 'VJ041001', NULL, 'HK177478558462', 255200.00, '2026-04-08 07:47:39', 'CO BE LO LEM', 'Nữ', 'Belgium', '2026-01-01', '0123465789', 'infant'),
('VE048', 'VJ041001', '8A-320', 'HK177478558460', 3262000.00, '2026-04-08 08:48:43', 'THANH UI DA', 'Nữ', 'Algeria', '2000-02-22', '01222222222', 'adult'),
('VE049', 'VJ041001', '8B-320', 'HK177478558461', 2296500.00, '2026-04-08 08:48:43', 'HAN HUHU', 'Nam', 'Andorra', '2020-02-10', '05555552000', 'child'),
('VE050', 'VJ041001', NULL, 'HK177478558462', 306200.00, '2026-04-08 08:48:43', 'CO BE LO LEM', 'Nam', 'Bahrain', '2026-01-01', '0123465789', 'infant');

--
-- Indexes for dumped tables
--

--
-- Indexes for table `chitiethoadon`
--
ALTER TABLE `chitiethoadon`
  ADD PRIMARY KEY (`MAVE`,`MAHOADON`),
  ADD KEY `MAHOADON` (`MAHOADON`);

--
-- Indexes for table `chuyenbay`
--
ALTER TABLE `chuyenbay`
  ADD PRIMARY KEY (`MACHUYENBAY`),
  ADD KEY `MAMAYBAY` (`MAMAYBAY`),
  ADD KEY `idx_matuyen` (`MATUYEN`);

--
-- Indexes for table `diadiem`
--
ALTER TABLE `diadiem`
  ADD PRIMARY KEY (`MADIADIEM`);

--
-- Indexes for table `diemdulich`
--
ALTER TABLE `diemdulich`
  ADD PRIMARY KEY (`MADIEMDULICH`),
  ADD KEY `fk_dd_ddl` (`MADIADIEM`);

--
-- Indexes for table `diemthamquan`
--
ALTER TABLE `diemthamquan`
  ADD PRIMARY KEY (`MADIEMTHAMQUAN`),
  ADD KEY `fk_ddl_dtq` (`MADIEMDULICH`);

--
-- Indexes for table `ghe`
--
ALTER TABLE `ghe`
  ADD PRIMARY KEY (`MAGHE`),
  ADD KEY `MAMAYBAY` (`MAMAYBAY`),
  ADD KEY `MALOAIGHE` (`MALOAIGHE`);

--
-- Indexes for table `giu_cho_tam`
--
ALTER TABLE `giu_cho_tam`
  ADD PRIMARY KEY (`MAGIUCHO`);

--
-- Indexes for table `hangmaybay`
--
ALTER TABLE `hangmaybay`
  ADD PRIMARY KEY (`MAHANG`);

--
-- Indexes for table `hanhkhach`
--
ALTER TABLE `hanhkhach`
  ADD PRIMARY KEY (`MAHANHKHACH`);

--
-- Indexes for table `hanhly`
--
ALTER TABLE `hanhly`
  ADD PRIMARY KEY (`MAHANHLY`),
  ADD KEY `MAVE` (`MAVE`);

--
-- Indexes for table `hoadon`
--
ALTER TABLE `hoadon`
  ADD PRIMARY KEY (`MAHOADON`),
  ADD KEY `MANHANVIEN2` (`MANHANVIEN`),
  ADD KEY `fk_hoadon_user` (`ID_USER`);

--
-- Indexes for table `loaighe`
--
ALTER TABLE `loaighe`
  ADD PRIMARY KEY (`MALOAIGHE`);

--
-- Indexes for table `loaihanhly`
--
ALTER TABLE `loaihanhly`
  ADD PRIMARY KEY (`MALOAIHANHLY`);

--
-- Indexes for table `maybay`
--
ALTER TABLE `maybay`
  ADD PRIMARY KEY (`MAMAYBAY`),
  ADD KEY `MAHANG` (`MAHANG`);

--
-- Indexes for table `nhanvien`
--
ALTER TABLE `nhanvien`
  ADD PRIMARY KEY (`MANHANVIEN`);

--
-- Indexes for table `sanbay`
--
ALTER TABLE `sanbay`
  ADD PRIMARY KEY (`MASANBAY`),
  ADD KEY `MADIADIEM` (`MADIADIEM`);

--
-- Indexes for table `tuyenbay`
--
ALTER TABLE `tuyenbay`
  ADD PRIMARY KEY (`MATUYEN`),
  ADD KEY `idx_sanbaydi` (`SANBAYDI`),
  ADD KEY `idx_sanbayden` (`SANBAYDEN`);

--
-- Indexes for table `users`
--
ALTER TABLE `users`
  ADD PRIMARY KEY (`ID_USER`),
  ADD KEY `MANHANVIEN2` (`MANHANVIEN`);

--
-- Indexes for table `ve`
--
ALTER TABLE `ve`
  ADD PRIMARY KEY (`MAVE`),
  ADD KEY `MACHUYENBAY` (`MACHUYENBAY`),
  ADD KEY `MAGHE` (`MAGHE`),
  ADD KEY `MAHANHKHACH` (`MAHANHKHACH`);

--
-- Constraints for dumped tables
--

--
-- Constraints for table `chitiethoadon`
--
ALTER TABLE `chitiethoadon`
  ADD CONSTRAINT `chitiethoadon_ibfk_1` FOREIGN KEY (`MAHOADON`) REFERENCES `hoadon` (`MAHOADON`),
  ADD CONSTRAINT `chitiethoadon_ibfk_2` FOREIGN KEY (`MAVE`) REFERENCES `ve` (`MAVE`);

--
-- Constraints for table `chuyenbay`
--
ALTER TABLE `chuyenbay`
  ADD CONSTRAINT `chuyenbay_ibfk_1` FOREIGN KEY (`MAMAYBAY`) REFERENCES `maybay` (`MAMAYBAY`),
  ADD CONSTRAINT `fk_chuyenbay_tuyenbay` FOREIGN KEY (`MATUYEN`) REFERENCES `tuyenbay` (`MATUYEN`);

--
-- Constraints for table `ghe`
--
ALTER TABLE `ghe`
  ADD CONSTRAINT `ghe_ibfk_1` FOREIGN KEY (`MAMAYBAY`) REFERENCES `maybay` (`MAMAYBAY`),
  ADD CONSTRAINT `ghe_ibfk_2` FOREIGN KEY (`MALOAIGHE`) REFERENCES `loaighe` (`MALOAIGHE`);

--
-- Constraints for table `hanhly`
--
ALTER TABLE `hanhly`
  ADD CONSTRAINT `hanhly_ibfk_1` FOREIGN KEY (`MAVE`) REFERENCES `ve` (`MAVE`);

--
-- Constraints for table `hoadon`
--
ALTER TABLE `hoadon`
  ADD CONSTRAINT `fk_hoadon_user` FOREIGN KEY (`ID_USER`) REFERENCES `users` (`ID_USER`) ON UPDATE CASCADE,
  ADD CONSTRAINT `hoadon_ibfk_1` FOREIGN KEY (`MANHANVIEN`) REFERENCES `nhanvien` (`MANHANVIEN`);

--
-- Constraints for table `maybay`
--
ALTER TABLE `maybay`
  ADD CONSTRAINT `maybay_ibfk_1` FOREIGN KEY (`MAHANG`) REFERENCES `hangmaybay` (`MAHANG`);

--
-- Constraints for table `sanbay`
--
ALTER TABLE `sanbay`
  ADD CONSTRAINT `sanbay_ibfk_1` FOREIGN KEY (`MADIADIEM`) REFERENCES `diadiem` (`MADIADIEM`);

--
-- Constraints for table `tuyenbay`
--
ALTER TABLE `tuyenbay`
  ADD CONSTRAINT `fk_tuyenbay_sanbayden` FOREIGN KEY (`SANBAYDEN`) REFERENCES `sanbay` (`MASANBAY`),
  ADD CONSTRAINT `fk_tuyenbay_sanbaydi` FOREIGN KEY (`SANBAYDI`) REFERENCES `sanbay` (`MASANBAY`);

--
-- Constraints for table `users`
--
ALTER TABLE `users`
  ADD CONSTRAINT `users_ibfk_1` FOREIGN KEY (`MANHANVIEN`) REFERENCES `nhanvien` (`MANHANVIEN`);

--
-- Constraints for table `ve`
--
ALTER TABLE `ve`
  ADD CONSTRAINT `ve_ibfk_1` FOREIGN KEY (`MACHUYENBAY`) REFERENCES `chuyenbay` (`MACHUYENBAY`),
  ADD CONSTRAINT `ve_ibfk_2` FOREIGN KEY (`MAGHE`) REFERENCES `ghe` (`MAGHE`),
  ADD CONSTRAINT `ve_ibfk_4` FOREIGN KEY (`MAHANHKHACH`) REFERENCES `hanhkhach` (`MAHANHKHACH`);
COMMIT;

/*!40101 SET CHARACTER_SET_CLIENT=@OLD_CHARACTER_SET_CLIENT */;
/*!40101 SET CHARACTER_SET_RESULTS=@OLD_CHARACTER_SET_RESULTS */;
/*!40101 SET COLLATION_CONNECTION=@OLD_COLLATION_CONNECTION */;
